Title,Abstract,Year_Published,Publication Year,Source,Journal/Book,DOI,Download_URL,Keywords,MeSH_Terms,Authors,PMID,Citation,Create Date,PMCID,NIHMS ID,First Author,Reference
Improving Identification and Management of Modifiable Risk Factors in Hip and Knee Osteoarthritis: A Quality Improvement Project in an NHS Orthopaedic Interface Service.,"Hip and knee osteoarthritis are highly prevalent conditions associated with pain, disability and increasing demand on orthopaedic services. Best practice guidance emphasises early identification and optimisation of modifiable risk factors to improve outcomes following joint replacement, yet these are often inconsistently addressed in routine musculoskeletal care. This quality improvement project aimed to improve the consistency with which clinicians identified and acted on key modifiable risk factors during orthopaedic interface consultations.",2026,2026,Musculoskeletal care,Musculoskeletal care,10.1002/msc.70234,https://pubmed.ncbi.nlm.nih.gov/42151745/,[],[],"['Rose Henning', 'Michael Henning', 'Justine McMillan', 'Gethin Lynch']",42151745,Musculoskeletal care. 2026 Jun. 24(2):e70234. doi: 10.1002/msc.70234.,19-05-2026,,,Rose Henning,Musculoskeletal care. 2026 Jun. 24(2):e70234. doi: 10.1002/msc.70234.
Predictors of Mental Health-Related Sick Leave at Referral to Clinical Psychology: A Population-Based Study Using Electronic Health Records.,To examine factors associated with sick leave status at referral to clinical psychology and its duration using electronic health records (EHRs).,2026,2026,Journal of occupational rehabilitation,Journal of occupational rehabilitation,10.1007/s10926-026-10414-7,https://pubmed.ncbi.nlm.nih.gov/42151719/,"['Common mental disorders', 'Electronic health records', 'Primary care', 'Sick leave', 'Work disability']",[],"['César González-Blanch', 'Sandra Martínez-Gómez', 'Saioa Pérez-García-Abad', 'Jose Ruiz-Gutiérrez', 'María Del Mar Miras-Aguilar', 'Carmen Ramos-Barrón', 'Emilio Pariente-Rodrigo', 'Lourdes Piñán-Setién', 'Noelia Otero-Cabanillas', 'María Isabel Priede']",42151719,Journal of occupational rehabilitation. 2026 May 18. doi: 10.1007/s10926-026-10414-7.,19-05-2026,3089873,,César González-Blanch,Journal of occupational rehabilitation. 2026 May 18. doi: 10.1007/s10926-026-10414-7.
Correction: Triglyceride-Glucose Index and Mortality Risk in the General Population: A Systematic Review and Meta-analysis of Prospective Studies.,,2026,2026,High blood pressure & cardiovascular prevention : the official journal of the Italian Society of Hypertension,High blood pressure & cardiovascular prevention : the official journal of the Italian Society of Hypertension,10.1007/s40292-026-00802-8,https://pubmed.ncbi.nlm.nih.gov/42151717/,[],[],"[""Lanfranco D'Elia"", 'Saverio Stranges', 'Ersilia La Fata', 'Francesca Fortunato', 'Raffaele Palladino', 'Domenico Rendina', 'Ferruccio Galletti']",42151717,High blood pressure & cardiovascular prevention : the official journal of the Italian Society of Hypertension. 2026 May 19. doi: 10.1007/s40292-026-00802-8.,19-05-2026,,,Lanfranco D'Elia,High blood pressure & cardiovascular prevention : the official journal of the Italian Society of Hypertension. 2026 May 19. doi: 10.1007/s40292-026-00802-8.
Geospatial Accessibility Factors Influencing HIV Care Continuum Outcomes in South Carolina.,"Ending the HIV epidemic in the U.S. requires access to comprehensive care. Traditional measures of service access have focused on distance and time. This study used the enhanced two-step floating catchment area (E2SFCA) method to measure geospatial accessibility and its association with HIV care continuum outcomes. Data from South Carolina's 2020 enhanced HIV/AIDS reporting system (eHARS) were used to calculate aggregated county-level percentage linkage to care (LTC), retention in care (RIC), and viral suppression (VS) among adult people living with HIV (PLWH). E2SFCA was used to measure geospatial accessibility, using the 60-min index as the threshold. County-level mean percentage of dependent variables and covariates were calculated. A linear regression model (LRM) was used to evaluate the association between accessibility index and LTC, RIC, and VS after adjusting for covariates. Accessibility index ranged from 17.9 to 198 across the 46 counties (mean = 67.5, SD = 36.5). Counties with better accessibility were more likely to have a higher percentage of LTC (β = 5.07, 95% CI = 0.83, 9.31) but a lower percentage of VS (β = -2.85, 95% CI= -4.60, -1.10). The negative association between accessibility index and VS was moderated by the percentage of household without vehicle ownership (β = 2.00, 95% CI = 0.02, 4.00). No association was found between the accessibility index and RIC. Counties with lower uninsured rates (β= -3.11, 95% CI= -5.35, -0.87) had higher % LTC. Suboptimal geographic accessibility to HIV care is an important structural barrier in South Carolina. Targeted policies and interventions are needed to address this challenge.",2026,2026,AIDS and behavior,AIDS and behavior,10.1007/s10461-026-05161-y,https://pubmed.ncbi.nlm.nih.gov/42151701/,"['Accessibility factor', 'County-level', 'E2SFCA', 'Geospatial analysis', 'HIV care continuum', 'Health disparities', 'People living with HIV/AIDS']",[],"['Edith Nnenna Utaka', 'Xueying Yang', 'Huiyi Xia', 'Sicheng Wang', 'Fanghui Shi', 'Qingyang Li', 'Bankole Olatosi', 'Xiaoming Li']",42151701,AIDS and behavior. 2026 May 19. doi: 10.1007/s10461-026-05161-y.,19-05-2026,10986835,,Edith Nnenna Utaka,AIDS and behavior. 2026 May 19. doi: 10.1007/s10461-026-05161-y.
Managing menopause after cancer: a qualitative analysis of healthcare professionals' perspectives.,"Menopausal symptoms after cancer (MSAC) are common and can affect overall quality of life. Cancer survivors experience a variety of symptoms for which they may seek support from healthcare professionals (HCPs). Yet, managing MSAC may be challenging for some HCPs. Therefore, understanding HCPs' perspectives and challenges in providing MSAC care could help propose solutions to improve care provision.",2026,2026,Journal of cancer survivorship : research and practice,Journal of cancer survivorship : research and practice,10.1007/s11764-026-02042-0,https://pubmed.ncbi.nlm.nih.gov/42151700/,"['Cancer survivors', 'Healthcare professionals', 'Menopause', 'Menopause management', 'Menopause perspective']",[],"['Dorcas Serwaa', 'Shanton Chang', 'Lewis Gauci', 'Michael Jefford', 'Carolyn Ee', 'Martha Hickey', 'Kate Rolshoven', 'Jennifer L Marino', 'Paul A Cohen', 'Christobel Saunders', 'Nipuni Susanto', 'Michelle Peate']",42151700,Journal of cancer survivorship : research and practice. 2026 May 18. doi: 10.1007/s11764-026-02042-0.,19-05-2026,12024849,,Dorcas Serwaa,Journal of cancer survivorship : research and practice. 2026 May 18. doi: 10.1007/s11764-026-02042-0.
Burden of fall-related fracture among postmenopausal women: findings from the global burden of disease study 2021.,"Falls are a significant public health concern, especially among postmenopausal women. This study aims to evaluate the global, regional, and national burden of fall-related fractures among postmenopausal women using data from the Global Burden of Disease (GBD) Study 2021.",2026,2026,Aging clinical and experimental research,Aging clinical and experimental research,10.1007/s40520-026-03380-w,https://pubmed.ncbi.nlm.nih.gov/42151690/,"['Falls', 'Fractures', 'Global Burden of Disease', 'Postmenopausal women']",[],"['Kaipeng Chen', 'Beibei Wang', 'Haipeng Xue', 'Lei Zhao', 'Xiaobin Li', 'Xingxing Wang']",42151690,Aging clinical and experimental research. 2026 May 18. doi: 10.1007/s40520-026-03380-w.,19-05-2026,,,Kaipeng Chen,Aging clinical and experimental research. 2026 May 18. doi: 10.1007/s40520-026-03380-w.
Building bridges in migraine management: consensus pathways on best practices across primary and specialist care in Italy.,"Migraine is a disabling neurological disorder often mismanaged, with only a minority of individuals receiving a timely correct diagnosis and appropriate treatment. The aim of this work was to establish consensus-based indications for improving the management of individuals with migraine and optimizing their journey from general practice to specialist care.",2026,2026,Neurological sciences : official journal of the Italian Neurological Society and of the Italian Society of Clinical Neurophysiology,Neurological sciences : official journal of the Italian Neurological Society and of the Italian Society of Clinical Neurophysiology,10.1007/s10072-026-09088-z,https://pubmed.ncbi.nlm.nih.gov/42151647/,"['Diagnosis', 'General practitioner', 'Management', 'Migraine', 'Neurologist', 'Primary care']",[],"['Piero Barbanti', 'Cristina Tassorelli', 'Fabrizio Vernieri', 'Francesco De Cesaris', 'Roberto De Icco', 'Cherubino Di Lorenzo', 'Cinzia Finocchi', 'Licia Grazzi', 'Simona Guerzoni', 'Edoardo Mampreso', 'Tecla Mastronuzzi', 'Roberta Messina', 'Raffaele Ornello', 'Renata Rao', 'Daiana Taddeo', 'Marina De Tommaso', 'Innocenzo Rainero']",42151647,Neurological sciences : official journal of the Italian Neurological Society and of the Italian Society of Clinical Neurophysiology. 2026 May 19. 47(6). doi: 10.1007/s10072-026-09088-z.,19-05-2026,2386850,,Piero Barbanti,Neurological sciences : official journal of the Italian Neurological Society and of the Italian Society of Clinical Neurophysiology. 2026 May 19. 47(6). doi: 10.1007/s10072-026-09088-z.
"Care pathways for asymptomatic brain metastases: comparison of healthcare utilization, costs, and outcomes in outpatient versus acute settings.","Incidentally found brain metastases often lead to emergency room referrals even in asymptomatic patients-a pathway of care that could be unnecessary. We sought to compare time and financial toxicity, and treatment outcomes between a multidisciplinary outpatient (MP) and acute care pathways (AP).",2026,2026,Journal of neuro-oncology,Journal of neuro-oncology,10.1007/s11060-026-05626-z,https://pubmed.ncbi.nlm.nih.gov/42151637/,"['Brain metastases', 'Care pathways', 'Financial toxicity', 'Time toxicity']","['Humans', 'Brain Neoplasms', 'Female', 'Male', 'Middle Aged', 'Retrospective Studies', 'Aged', 'Health Care Costs', 'Patient Acceptance of Health Care', 'Ambulatory Care', 'Critical Pathways', 'Prognosis', 'Outpatients', 'Adult', 'Treatment Outcome']","['Matthew Wierzbicki', 'Stephen G Bowden', 'Stephanie M Robert', 'Seamus Y Wang', 'Allison J Toth', 'Brandon S Imber', 'Luke R G Pike', 'Viviane Tabar', 'Jeffrey Groeger', 'Nelson S Moss']",42151637,Journal of neuro-oncology. 2026 May 18. 178(1). doi: 10.1007/s11060-026-05626-z.,19-05-2026,7997776,,Matthew Wierzbicki,Journal of neuro-oncology. 2026 May 18. 178(1). doi: 10.1007/s11060-026-05626-z.
"Which religious and personal characteristics predict attitudes toward gene editing? Findings from a survey of 4,939 adults in the U.S.","We explored whether major religious groups' attitudes toward gene editing differ, as well as what specific religious and personal characteristics predict attitudes toward gene editing. We administered a survey to a sample of U.S. adults (N = 4939), including stratified samples of nine major religious and non-religious groups. We assessed participants' religious affiliation, beliefs, and practices, and their attitudes (i.e., support and concerns) toward gene editing. Participants generally supported gene editing but also reported moderate levels of concerns. Atheist participants reported the highest support, while Mainline Protestants reported the lowest. Muslim participants reported the highest concerns, while atheist participants reported the lowest. Views on evolution and the healthcare values of their spiritual community predicted support, while views on evolution, beliefs that one's body is a manifestation of God, and religious discrimination predicted concerns. The strongest predictors of attitudes were distrust and genetic knowledge, with higher genetic knowledge predicting lower support. While religious affiliation predicts attitudes toward gene editing, generalizations must be avoided given the range of attitudes within each group. Additionally, education alone is unlikely to increase support for gene editing. Fostering trust among religious groups is essential to ensuring that their decisions reflect their values and priorities, rather than being driven by distrust of the healthcare system. Better understanding religion's impact on attitudes toward gene editing may facilitate appropriate genetic counseling and inform policymaking efforts.",2026,2026,Journal of community genetics,Journal of community genetics,10.1007/s12687-026-00898-4,https://pubmed.ncbi.nlm.nih.gov/42151625/,"['Gene editing', 'Genomic medicine', 'Religious affiliation', 'Religious beliefs', 'Religious practices', 'Trust']",[],"['Erin D Solomon', 'Eu Gene Chin', 'Kari Baldwin', 'Lauren L Baker', 'James M DuBois']",42151625,Journal of community genetics. 2026 May 19. 17(3). doi: 10.1007/s12687-026-00898-4.,19-05-2026,6791481,,Erin D Solomon,Journal of community genetics. 2026 May 19. 17(3). doi: 10.1007/s12687-026-00898-4.
Serial amyloid PET as a decision tool for switching anti-amyloid therapy in Alzheimer's disease.,,2026,2026,European journal of nuclear medicine and molecular imaging,European journal of nuclear medicine and molecular imaging,10.1007/s00259-026-07912-4,https://pubmed.ncbi.nlm.nih.gov/42151616/,[],[],"['Massimo Filippi', 'Alma Ghirelli', 'Giordano Cecchetti', 'Ana Maria Samanes Gajate', 'Giulia Rugarli', 'Edoardo Gioele Spinelli', 'Stefano Pisano', 'Andrea Panzacchi', 'Gino Pepe', 'Arturo Chiti', 'Federica Agosta']",42151616,European journal of nuclear medicine and molecular imaging. 2026 May 19. doi: 10.1007/s00259-026-07912-4.,19-05-2026,12657122,,Massimo Filippi,European journal of nuclear medicine and molecular imaging. 2026 May 19. doi: 10.1007/s00259-026-07912-4.
Uncovering apparent incomplete penetrance of TSC1/TSC2 variants: Insights from multiple population cohorts and implications for newborn screening.,"Tuberous sclerosis complex (TSC) is a genetic multisystem disorder regarded as having near-complete penetrance, a view largely derived from clinically ascertained cohorts. As genomic newborn screening is piloted internationally, robust estimates of penetrance and expressivity in unselected populations are urgently needed. We analysed genome sequencing data from >900,000 adults in UK Biobank (UKB) and the All of Us Research Program (AoU), representing multiple genetic ancestries, to identify individuals carrying high-confidence ACMG/AMP (likely) pathogenic TSC1/TSC2 variants. Electronic health records and self-reported data were interrogated for TSC-related phenotypes, including diagnostic codes, and evidence of epilepsy, chronic kidney disease and other hamartomas. We identified 61 adults with (likely) pathogenic TSC1/TSC2 variants and phenotype data available. Only 20/61 (33%) had a recorded diagnosis of TSC and a further 8/61 (13%) had at least one TSC phenotype; 33/61 (54%) had no recorded TSC diagnosis, manifestations or suggestive medication history, despite median age ≥55 years (UKB ≥ 75 years) with extensive longitudinal healthcare data. Apparent reduced penetrance was observed for TSC1 in both cohorts (46.6% UKB, 46.1% AoU), consistent with previously reported milder phenotypes associated with this gene. Apparent TSC2 penetrance was also incomplete (27.8% UKB, 66.7% AoU, p = 0.038, not significant after Bonferroni correction). Borderline significant apparent penetrance differences between UKB and AoU were not explained by gene, variant class, or ClinVar designation, but may reflect healthy volunteer bias in UKB. Overall, these findings challenge the assumption of near-complete penetrance for (likely) pathogenic TSC1/TSC2 variants and have important implications for genomic newborn screening, variant interpretation and counselling of asymptomatic carriers.",2026,2026,European journal of human genetics : EJHG,European journal of human genetics : EJHG,10.1038/s41431-026-02107-9,https://pubmed.ncbi.nlm.nih.gov/42151584/,[],[],"['J Fasham', 'A McPhater', 'R Whittington', 'A T Pagnamenta', 'T S Hall', 'I R Berry', 'M N Weedon', 'E L Baple', 'C F Wright', 'L Jackson']",42151584,European journal of human genetics : EJHG. 2026 May 18. doi: 10.1038/s41431-026-02107-9.,19-05-2026,1377822,,J Fasham,European journal of human genetics : EJHG. 2026 May 18. doi: 10.1038/s41431-026-02107-9.
Correction: Treatment preferences for comorbid obesity and obstructive sleep apnea (PRO-CON OSA) survey: Patient and provider preferences for CPAP and/or tirzepatide.,,2026,2026,Journal of clinical sleep medicine : JCSM : official publication of the American Academy of Sleep Medicine,Journal of clinical sleep medicine : JCSM : official publication of the American Academy of Sleep Medicine,10.1007/s44470-026-00074-y,https://pubmed.ncbi.nlm.nih.gov/42151574/,[],[],"['Christopher N Schmickl', 'Athiwat Tripipitsiriwat', 'Babak Mokhlesi', 'Monica Mallampalli', 'Brandon Nokes', 'Vaishnavi Kundel', 'Kathy Page', 'Christina Finch', 'Lucas Donovan', 'Mira Tadros', 'Ravi S Aysola', 'Andrey Zinchuk', 'Tracy Zvenyach', 'M Safwan Badr', 'Sanjay R Patel', 'Jeremy E Orr', 'Robert L Owens', 'Chris Lindsell', 'Jennifer L Martin', 'Atul Malhotra', 'PARADIGM-SLEEP Investigators']",42151574,Journal of clinical sleep medicine : JCSM : official publication of the American Academy of Sleep Medicine. 2026 May 18. 22(1). doi: 10.1007/s44470-026-00074-y.,19-05-2026,,,Christopher N Schmickl,Journal of clinical sleep medicine : JCSM : official publication of the American Academy of Sleep Medicine. 2026 May 18. 22(1). doi: 10.1007/s44470-026-00074-y.
Mapping methods and tools for measuring patient experience in oncology settings: a scoping review.,"Patient experience (PX) is crucial for evaluating healthcare quality in oncology, encompassing comprehensive interactions from diagnosis through survivorship. However, the field lacks consensus on PX measurement and its conceptualization. The aim of this scoping review was to systematically map methods and tools used to measure PX in original studies, while providing detailed characteristics of each tool.",2026,2026,Supportive care in cancer : official journal of the Multinational Association of Supportive Care in Cancer,Supportive care in cancer : official journal of the Multinational Association of Supportive Care in Cancer,10.1007/s00520-026-10797-6,https://pubmed.ncbi.nlm.nih.gov/42151551/,"['Cancer', 'Healthcare quality', 'Measurement', 'Oncology', 'PREMs', 'Patient experience', 'Patient-reported experience measures']","['Humans', 'Neoplasms', 'Medical Oncology', 'Psychometrics', 'Surveys and Questionnaires', 'Quality of Health Care', 'Patient Satisfaction']","['Julia Charlotte Kowalska', 'Dawid Storman', 'Kamila Michalska', 'Mateusz Świerz', 'Małgorzata Maraj', 'Joanna Zając', 'Alicja Domagała']",42151551,Supportive care in cancer : official journal of the Multinational Association of Supportive Care in Cancer. 2026 May 18. 34(6). doi: 10.1007/s00520-026-10797-6.,19-05-2026,12254963,,Julia Charlotte Kowalska,Supportive care in cancer : official journal of the Multinational Association of Supportive Care in Cancer. 2026 May 18. 34(6). doi: 10.1007/s00520-026-10797-6.
Structural Ableism and Healthcare Transition for Adults with Intellectual and/or Developmental Disabilities.,"Young adulthood is a period of changes, including transitioning from pediatric to adult healthcare; this is often an informal, disjointed process of securing new insurance and finding adult providers. Children and youth with special healthcare needs (CYSHCN) have more contact with the healthcare system than their peers, thus presenting more opportunities for gaps in care and consequently negative health outcomes during healthcare transition. The discontinuities between pediatric and adult healthcare are particularly consequential for the subset of individuals with intellectual and/or developmental disabilities (I/DD), especially those who will not develop autonomy and the capacity to function on their own. While parents and other caregivers often try to bridge the gaps, transition can be confusing or even dangerous because of ableist assumptions about what it means to be ""an adult"" patient. When independence is built into policies, procedures, and expectations that paradoxically limit access to and participation in healthcare spaces or services, that is structural ableism. This perspective provides examples of structural ableism in healthcare transition and offers suggestions for how a re-orientation toward radical inclusion for those who need it most can enable better care for all.",2026,2026,Journal of general internal medicine,Journal of general internal medicine,10.1007/s11606-026-10517-0,https://pubmed.ncbi.nlm.nih.gov/42151527/,"['Autism', 'CYSHCN', 'I/DD', 'ableism', 'children and youth with special healthcare needs', 'healthcare transition', 'intellectual and/or developmental disability', 'structural ableism']",[],"['Kristen Ann Ehrenberger', 'Diana Mendoza-Cervantes', 'Jennifer L Baldwin']",42151527,Journal of general internal medicine. 2026 May 18. doi: 10.1007/s11606-026-10517-0.,19-05-2026,11184493,,Kristen Ann Ehrenberger,Journal of general internal medicine. 2026 May 18. doi: 10.1007/s11606-026-10517-0.
GLP-1 Receptor Agonist Treatment and Health Outcomes in Methadone-Treated Patients with Opioid Use Disorder and Diabetes.,To investigate whether the use of glucagon-like peptide-1 receptor agonists (GLP-1 RAs) in methadone-treated patients with opioid use disorder (OUD) and type 2 diabetes (T2D) is associated with improved cardiometabolic and mental health outcomes.,2026,2026,Journal of general internal medicine,Journal of general internal medicine,10.1007/s11606-026-10515-2,https://pubmed.ncbi.nlm.nih.gov/42151525/,"['addiction', 'healthcare utilization', 'homelessness', 'insulin', 'metabolic syndrome', 'multidisciplinary', 'prediabetes', 'reward']",[],"['Jane Y Pan', 'Igor Elman', 'Krisha Panchal', 'Kathryn Moynihan Ramsey', 'Mark Albanese', 'Dan J Elman', 'David J Ramsey']",42151525,Journal of general internal medicine. 2026 May 18. doi: 10.1007/s11606-026-10515-2.,19-05-2026,10656052,,Jane Y Pan,Journal of general internal medicine. 2026 May 18. doi: 10.1007/s11606-026-10515-2.
"""Who's on Backup?""-Exploring Internal Medicine Residency Backup Coverage Systems: Findings from a National Survey.",Little is known about backup coverage systems for clinical coverage when resident physicians call in for acute absences.,2026,2026,Journal of general internal medicine,Journal of general internal medicine,10.1007/s11606-026-10486-4,https://pubmed.ncbi.nlm.nih.gov/42151524/,"['attitude of physicians', 'graduate medical education', 'illness behavior', 'physician workforce']",[],"['Emily S Wang', 'Joel C Boggan', 'Emily Leasure', 'Daniel Kim', 'Lydia Redway', 'Erica N Johnson', 'Patricia F Kao', 'Steven J Durning', 'Mark Rasnake']",42151524,Journal of general internal medicine. 2026 May 18. doi: 10.1007/s11606-026-10486-4.,19-05-2026,7162741,,Emily S Wang,Journal of general internal medicine. 2026 May 18. doi: 10.1007/s11606-026-10486-4.
An explainable AI framework integrating machine and deep learning models for multi-species DNA functional group classification.,"DNA functional group classification across species plays a crucial role in understanding genetic diversity, evolutionary relationships and biological function. The increasing availability of genomic data has led to the use of machine learning and deep learning methods for identifying functional patterns within DNA sequences. However, the interpretability of these models remains a challenge in validating biological relevance. This study presents an explainable AI framework that integrates machine learning and deep learning models for multi-species DNA functional group classification. The functional groups represent gene families, including transcription factors and kinases, and the classification task is carried out on Human, Chimpanzee, Dog, and a custom Combined dataset merging sequences from all three species. The DNA sequences were transformed into k-mers to capture local compositional patterns before training. Following a controlled hyperparameter tuning strategy, the Logistic Regression model consistently achieved the highest MCC and F1-scores across all evaluated datasets. While deep learning architectures captured longer motif dependencies, classical models showed stronger generalization across species. A multi-level XAI analysis was conducted using techniques such as Feature Importance, Saliency Maps, Integrated Gradients, GradientSHAP, and Attention Heatmaps. The analysis identified consensus motifs, cross-dataset and cross-model motif patterns, and evaluated model stability based on motif overlap and Jaccard similarity, as well as model fidelity based on performance drops after masking model-identified motifs.",2026,2026,Scientific reports,Scientific reports,10.1038/s41598-026-53075-5,https://pubmed.ncbi.nlm.nih.gov/42151513/,"['Attention heatmaps', 'Bioinformatics', 'DNA functional group classification', 'Deep learning', 'Explainable AI framework', 'Healthcare AI', 'Machine learning', 'k-mers']",[],"['Pratik Chakraborty', 'P B Shanthi']",42151513,Scientific reports. 2026 May 18. doi: 10.1038/s41598-026-53075-5.,19-05-2026,,,Pratik Chakraborty,Scientific reports. 2026 May 18. doi: 10.1038/s41598-026-53075-5.
Impact of beneficiary status on bariatric surgery outcomes in a military treatment facility.,"Retirees and dependents represent demographically and clinically distinct beneficiary groups within the Military Health System (MHS). We assessed whether beneficiary status influences perioperative outcomes, healthcare utilization, and weight loss after bariatric surgery.",2026,2026,Surgical endoscopy,Surgical endoscopy,10.1007/s00464-026-12860-z,https://pubmed.ncbi.nlm.nih.gov/42151465/,"['Bariatric surgery', 'Beneficiary', 'Dependent', 'Healthcare utilization', 'Retiree']",[],"['Michael T Olson', 'Yun Beom Lee', 'Pamela Masella', 'Brian D Layton']",42151465,Surgical endoscopy. 2026 May 18. doi: 10.1007/s00464-026-12860-z.,19-05-2026,4010088,,Michael T Olson,Surgical endoscopy. 2026 May 18. doi: 10.1007/s00464-026-12860-z.
A deep learning model to dynamically predict cancer-associated thromboembolism in large-scale healthcare systems.,"Venous thromboembolism (VTE) is a leading cause of preventable death among patients undergoing systemic treatment for cancer. Studies suggest that treatment strategies such as direct oral anticoagulant administration can significantly reduce the likelihood of VTE. Therefore, identifying people at high risk is of critical importance. Leveraging electronic health records (EHRs) from the U.S. Veterans Affairs (VA) healthcare system, we developed a transformer model to predict VTE risk in 80,808 cancer patients following the initiation of systemic treatment. The model uses longitudinal diagnostic codes, laboratory values, and demographic data. The proposed transformer model dynamically predicts VTE risk in 3-month quarterly intervals over the year following systemic treatment, achieving progressively improved performance across quarters (AUC: 0.68-0.77). The model is similarly performant on the external validation cohort from the Harris Health System (HHS) with 9752 patients (AUC: 0.68-0.74). By improving its predictions as a patient's history evolves, this dynamic model surpasses prior static risk scores and better supports actionable decisions deeper into the treatment course.",2026,2026,NPJ digital medicine,NPJ digital medicine,10.1038/s41746-026-02730-2,https://pubmed.ncbi.nlm.nih.gov/42151458/,[],[],"['Tianshe He', 'Chunlei Zheng', 'Jennifer La', 'Dang Pham', 'Omid Jafari', 'Jamie Strampe', 'Karlynn Dulberger', 'Jaime Ramos-Cejudo', 'J Michael Gaziano', 'Nhan V Do', 'Vipul Chitalia', 'Katya Ravid', 'Ang Li', 'Nathanael R Fillmore']",42151458,NPJ digital medicine. 2026 May 18. doi: 10.1038/s41746-026-02730-2.,19-05-2026,,,Tianshe He,NPJ digital medicine. 2026 May 18. doi: 10.1038/s41746-026-02730-2.
Leveraging computerized adaptive testing for cost-effective evaluation of large language models in medical benchmarking.,"Large language models (LLMs) are increasingly applied in healthcare, yet their evaluation relies predominantly on static benchmarks that are costly, contamination-prone, and lack calibrated measurement properties for fine-grained performance tracking. We developed and validated a computerized adaptive testing (CAT) framework grounded in item response theory to enable scalable, psychometrically rigorous assessment of standardized medical knowledge in LLMs. A two-phase study comprising Monte Carlo simulations and empirical evaluation of 38 LLMs was conducted between July and September 2025. The CAT protocol achieved a near-perfect correlation with full-bank results (r = 0.988) using only 1.3% of items. Evaluation time decreased from 6.85 hours to 8.4 min per model, and token usage dropped from 1.77 million to 0.03 million. Model rankings were fully preserved (Spearman's ρ = 1.0). At current API pricing, per-model evaluation costs fell from approximately $1,475 to under $5. This adaptive methodology serves as an essential pre- screening and continuous monitoring tool under a standardized testing protocol. Crucially, it is not a substitute for real-world clinical validation or safety-oriented prospective studies; rather, it enables developers and healthcare institutions to implement rigorous, high-frequency, evidence-based evaluation of foundational knowledge prior to more resource-intensive downstream testing.",2026,2026,NPJ digital medicine,NPJ digital medicine,10.1038/s41746-026-02671-w,https://pubmed.ncbi.nlm.nih.gov/42151446/,[],[],"['Tianpeng Zheng', 'Zhehan Jiang', 'Jiayi Liu', 'Shicong Feng']",42151446,NPJ digital medicine. 2026 May 18. doi: 10.1038/s41746-026-02671-w.,19-05-2026,,,Tianpeng Zheng,NPJ digital medicine. 2026 May 18. doi: 10.1038/s41746-026-02671-w.
Pay It Forward: Analysis of a novel peer-to-peer support initiative for individuals receiving treatment for head and neck cancer.,"'Pay It Forward' is a voluntary, anonymous peer-to-peer support initiative. During chemoradiotherapy (CRT) treatment for head and neck cancer, participants receive a handwritten card of support from someone who has completed the same treatment. After recovery, individuals write their own card to assist a future person undergoing CRT. This study examined participants' experience of the initiative and explored potential psychological benefits.",2026,2026,Supportive care in cancer : official journal of the Multinational Association of Supportive Care in Cancer,Supportive care in cancer : official journal of the Multinational Association of Supportive Care in Cancer,10.1007/s00520-026-10776-x,https://pubmed.ncbi.nlm.nih.gov/42151420/,"['Distress', 'Head and neck cancer', 'Peer-to-peer support', 'Radiotherapy']","['Humans', 'Male', 'Female', 'Peer Group', 'Aged', 'Head and Neck Neoplasms', 'Middle Aged', 'Prospective Studies', 'Social Support', 'Chemoradiotherapy', 'Surveys and Questionnaires', 'Interviews as Topic', 'Adult', 'Aged, 80 and over']","['Matthew Mason', 'Justin Roe', 'Christine Paul', 'Cassandra White', 'Rosemary Brezmen', 'Claire Jeans']",42151420,Supportive care in cancer : official journal of the Multinational Association of Supportive Care in Cancer. 2026 May 18. 34(6). doi: 10.1007/s00520-026-10776-x.,19-05-2026,12125069,,Matthew Mason,Supportive care in cancer : official journal of the Multinational Association of Supportive Care in Cancer. 2026 May 18. 34(6). doi: 10.1007/s00520-026-10776-x.
Integrated multi-omics identifies distinct macrophage alterations during progression of metabolic dysfunction-associated steatohepatitis.,"Metabolic dysfunction-associated steatotic liver disease (MASLD) is a chronic condition impacting over 30% population, yet the dynamic changes in macrophage composition from steatosis to steatohepatitis (metabolic dysfunction-associated steatohepatitis, MASH) remain unclear. Here, by integrating single-nucleus transcriptomics, spatial multi-omics and proteomics on human samples, we delineate the evolving landscape of hepatic macrophages across the MASLD spectrum. Our analysis reveals a progressive depletion of Kupffer cells accompanied by the emergence of diverse, phenotypically distinct macrophage subsets. Spatial multi-omics further demonstrates that disease progression toward MASH is marked by an accumulation of antigen-presenting, phagocytic GPNMB",2026,2026,Nature genetics,Nature genetics,10.1038/s41588-026-02600-3,https://pubmed.ncbi.nlm.nih.gov/42151416/,[],[],"['Markus Boesch', 'Seray Anak', 'Dania El Abyad', 'Tessa Ostyn', 'Asier Antoranz', 'Trieu My Van', 'Daniel Newhouse', 'Caitlyn Myers', 'Lukas Van Melkebeke', 'Jeremy Palmer', 'Najmeh Saffarzadeh', 'Jonathan Sai-Hong Chui', 'Rita Feio-Azevedo', 'Lena Smets', 'Gautam Shankar', 'Nikolina Dubroja Lakić', 'Paula Longás Calvo', 'Thierry Voet', 'James Clark', 'Simon Cockell', 'Matthias Lannoo', 'Ellen Deleus', 'Joris Jaekers', 'Halit Topal', 'Baki Topal', 'Kai Markus Schneider', 'Michele Vacca', 'Michael Allison', 'Mattias Ekstedt', 'Jerome Boursier', 'Elisabetta Bugianesi', 'Vlad Ratziu', 'Frederik De Smet', 'Bram Boeckx', 'Ann K Daly', 'Jörn M Schattenberg', 'Jef Verbeek', 'Francesca Bosisio', 'Diether Lambrechts', 'Tania Roskams', 'Carolin V Schneider', 'Sven Francque', 'Hannelie Korf', 'Anetta Härtlova', 'Dina Tiniakos', 'Quentin M Anstee', 'Schalk van der Merwe', 'Olivier Govaere']",42151416,Nature genetics. 2026 May 18. doi: 10.1038/s41588-026-02600-3.,19-05-2026,10132975,,Markus Boesch,Nature genetics. 2026 May 18. doi: 10.1038/s41588-026-02600-3.
HybridTrust: on-device federated learning with crypto-agile security for legacy and quantum-safe medical devices.,"The process of migration of IoMT systems in healthcare into post-quantum cryptographic systems is expected to be a gradual one. Here, existing ECC-based devices alongside newly developed quantum-resistant devices will be operating within the same healthcare ecosystem. However, there exists an important interoperability challenge posed by the need for collaboration within the domain of edge intelligence in critical life situations like ICU monitoring. This paper presents HybridTrust, an on-device federated TinyML framework designed to enable secure collaboration among legacy, post-quantum, and hybrid IoMT devices during the post-quantum cryptography migration period. Unlike wearable IoMT systems, HybridTrust targets mains-powered ICU monitoring devices, where cryptographic flexibility, clinical fidelity, and security can be prioritized without strict battery constraints. The novelty of HybridTrust lies in its crypto-agile and deployment-oriented design rather than in proposing a new machine-learning algorithm. The framework integrates a dynamic crypto-negotiation protocol that selects the strongest mutually supported scheme among ECC, ML-KEM-512, and hybrid ECC-ML-KEM operation; a compact 931-byte hybrid certificate format suitable for ESP32-class microcontrollers; a regulatory compliance scorecard mapping cryptographic choices to HIPAA, GDPR, FDA, and NIST expectations; and a tree-concatenation-based model fusion strategy for maintaining clinical utility under non-IID hospital data distributions. HybridTrust is evaluated using a clinician-validated synthetic ICU dataset distributed across five simulated hospitals in an OMNeT++ environment. The framework achieves an average anomaly detection accuracy of 90.5% while introducing only 0.09-0.43 ms quantum-safe cryptographic overhead per operation. These results indicate that secure post-quantum transition, legacy interoperability, and real-time ICU monitoring can be jointly supported without imposing prohibitive latency or deployment overhead. HybridTrust therefore provides a practical pathway for backward-compatible, crypto-agile, and quantum-resilient IoMT deployment in critical-care environments.",2026,2026,Scientific reports,Scientific reports,10.1038/s41598-026-52891-z,https://pubmed.ncbi.nlm.nih.gov/42151390/,"['Crypto-agile security', 'Edge learning', 'Federated learning', 'Internet of Medical Things (IoMT)', 'Non-IID data', 'Post-quantum transition', 'Real-time ICU monitoring', 'TinyML']",[],"['Umar Hayat Khan', 'Rahim Khan', 'Samia Allaoua Chelloug', 'Fahad Alturise', 'Shahbaz Khan', 'Salem Alkhalaf']",42151390,Scientific reports. 2026 May 18. doi: 10.1038/s41598-026-52891-z.,19-05-2026,,,Umar Hayat Khan,Scientific reports. 2026 May 18. doi: 10.1038/s41598-026-52891-z.
Sustained improvement in caregiver-reported infant demographic collection: a pilot towards equitable outcomes in the neonatal intensive care unit.,"Infant mortality disparities, with prematurity among the leading causes of death, make it critical for neonatal intensive care units (NICUs) to assess internal demographic and outcomes data. Assessment of a delivery hospital NICU within a large children's hospital system revealed ""Unavailable"" infant race among the top demographic categories.",2026,2026,Journal of perinatology : official journal of the California Perinatal Association,Journal of perinatology : official journal of the California Perinatal Association,10.1038/s41372-026-02676-z,https://pubmed.ncbi.nlm.nih.gov/42151372/,[],[],"['Megan Barcroft', 'Bret Davis', 'Roopali Bapat', 'Tara Cosgrove', 'Stephanie Napolitano']",42151372,Journal of perinatology : official journal of the California Perinatal Association. 2026 May 18. doi: 10.1038/s41372-026-02676-z.,19-05-2026,8809476,,Megan Barcroft,Journal of perinatology : official journal of the California Perinatal Association. 2026 May 18. doi: 10.1038/s41372-026-02676-z.
Perspectives and lessons from a community-based collaborative eye care model in Singapore.,"The Primary Eye Care (PEC) model aimed to right-site patients with non-complex eye conditions by upskilling optometrists. However, there is a paucity of studies examining healthcare professionals' and patients' perceptions and context that influenced implementation of community-based eye care model. This study aimed to explore contextual factors (e.g., interprofessional relationships, patients' perceptions) that influenced implementation of PEC and potential strategies to the identified barriers. Qualitative research design was adopted to elicit the experiences of patients and healthcare professionals. Eight focus group discussions (FGDs) and four in-depth interviews (IDIs) were conducted with 32 healthcare professionals, and 12 IDIs were conducted with 14 patients/caregivers between June 2023 to March 2024. Interviews were transcribed and analysed thematically using an inductive approach. Three themes were identified that influenced the implementation of PEC. First, a bidirectional ophthalmologist-optometrists partnership supported implementation and maintenance of high-quality care. PEC's high-quality care experienced by the ophthalmologists influenced their motivation to refer patients to PEC paving the way for responsibility transfer and role expansion. Second, limited interprofessional interactions between primary care physicians and optometrists impacted the awareness of PEC's services and quality of care, dampening referral motivation. Third, patients' awareness of PEC integration with hospital services and optometrists' capability influenced acceptance of PEC referrals. To enhance primary care physicians' awareness and address patients' concern on PEC integration with hospital services, PEC team will need to prioritise active engagement with primary care physicians and dissemination of interactive patient education.",2026,2026,Scientific reports,Scientific reports,10.1038/s41598-026-53452-0,https://pubmed.ncbi.nlm.nih.gov/42151342/,[],[],"['Wanfen Yip', 'Adeline Kon', 'Michelle Jessica Pereira', 'Joseph Antonio De Castro Molina', 'Kiok Liang Teow', 'Vernon Khet Yau Yong', 'Hon Tym Wong', 'Tock Han Lim', 'Vivien Cherng Hui Yip']",42151342,Scientific reports. 2026 May 18. doi: 10.1038/s41598-026-53452-0.,19-05-2026,,,Wanfen Yip,Scientific reports. 2026 May 18. doi: 10.1038/s41598-026-53452-0.
Prospective deployment of AI-based risk stratification to enable expedited mammography workflow in a safety-net setting.,"Delays between screening and diagnostic mammography contribute to disparities in breast cancer outcomes and reduce screening adherence. We prospectively evaluated the operational feasibility and impact of integrating AI risk stratification into screening workflows at an urban safety net facility. In this HIPAA-compliant, IRB-approved, controlled study, Mirai 1-year risk scores were generated in real time from screening mammograms. Patients in the top 10% of risk were flagged as high-risk and, on enrollment days, were offered immediate screening interpretation and same-day diagnostic evaluation when indicated. Outcomes included operational feasibility, care delivery timelines for screening results, diagnostic evaluation, and biopsy, and cancer detection rate, compared with high-risk controls on non-enrollment days. Among 4145 screening mammograms, 525 were flagged as high-risk and 100 women consented to expedited care, of whom 94 percent received immediate reads and 26 received same-day diagnostic evaluation. Time to screening results, diagnostic evaluation, and biopsy were significantly shorter in expedited patients versus control patients with screen-detected cancers, with reductions of 99.1%, 99.1%, and 87.2%, respectively. The expedited cohort demonstrated a cancer detection rate of 60/1000 compared with 2.3/1000 among non-high-risk participants. Integrating AI risk models into clinical workflows substantially improved care delivery timelines and provides a translational framework to improve care and reduce disparities.",2026,2026,NPJ digital medicine,NPJ digital medicine,10.1038/s41746-026-02743-x,https://pubmed.ncbi.nlm.nih.gov/42151338/,[],[],"['Maggie Chung', 'Eric Davis', 'Heather Greenwood', 'Jessica Hayward', 'Shinn-Huey Shirley Chou', 'Bonnie Joe', 'Loretta Strachowski', 'Tatiana Kelil', 'Rita Freimanis', 'Elissa Price', 'Kimberly Ray', 'Amie Lee', 'Adam Yala']",42151338,NPJ digital medicine. 2026 May 18. doi: 10.1038/s41746-026-02743-x.,19-05-2026,,,Maggie Chung,NPJ digital medicine. 2026 May 18. doi: 10.1038/s41746-026-02743-x.
MEC-enabled load balancing framework for DFA-IRS aided wearable healthcare networks.,"The underlying challenges in the wearable electronic market are the limited power and processing capability often resulting in failure to handle complex computations. In order to balance the computational demands with resource constraints, the potential of intelligent reflecting surfaces (IRSs) are exploited in this paper. The paper presents a wearable electronics network in which the wearable nodes communicate with the assistance of double faced active (DFA) IRSs. By simultaneously controlling reflection and transmission links with active amplification, DFA-IRS enables reliable mobile edge computing (MEC)-based task offloading from wearable devices to nearby processing nodes. A resource utilization (RU) algorithm is proposed that associates the devices with DFA-IRSs. The optimal phase shifts of DFA-IRSs are obtained. Further, the impact of transmit power [Formula: see text], number of DFA-IRSs [Formula: see text], number of DFA-IRS elements N, per element amplification [Formula: see text], power budget [Formula: see text] on the average sum rate of the system is evaluated. It is observed that the DFA-IRS aided system offers average sum rate of 8.2bps/Hz with N =120 and [Formula: see text] of 20dBm with optimal phase shifts [Formula: see text] and [Formula: see text] in the reflection and transmission space respectively. Also, there is an improvement of 5.80% in average sum rate over random phase shifts. The comparison with conventional IRS, single faced active (SFA)-IRS and simultaneously transmitting and reflecting (STAR) IRS is also presented. In the end, the use case of proposed network for personalized healthcare is discussed.",2026,2026,Scientific reports,Scientific reports,10.1038/s41598-026-52714-1,https://pubmed.ncbi.nlm.nih.gov/42151297/,[],[],"['Jarallah Alqahtani', 'Ashu Taneja', 'Nayef Alqahtani']",42151297,Scientific reports. 2026 May 18. doi: 10.1038/s41598-026-52714-1.,19-05-2026,,,Jarallah Alqahtani,Scientific reports. 2026 May 18. doi: 10.1038/s41598-026-52714-1.
Cost-effectiveness analysis of toripalimab and bevacizumab versus sorafenib for advanced hepatocellular carcinoma in China.,"This study was to evaluate the cost-effectiveness of toripalimab with bevacizumab compared to sorafenib for advanced hepatocellular carcinoma (HCC) from the Chinese healthcare system perspective. To assess the cost and health outcomes of first-line advanced HCC therapy, we used a partitioned survival model.The model clinical dates were base on the Phase III HEPATORCH trials.The costs considered in this analysis such as drug costs, subsequent therapy cost, and the management of adverse events cost.Quality-adjusted life years (QALY) were used to measure health outcomes and the main economic assessment parameter was the incremental cost-effectiveness ratio (ICER).The willing to pay (WTP) level was 41,876.05 USD per QALY.The robustness and reliability of the model were evaluated using sensitivity analysis. The total cost of toripalimab plus bevacizumab treatment were 45,516.45 USD, while the sorafenib incurred costs of 24,579.02 USD. In compared to sorafenib, the toripalimab plus bevacizumab group achieved an additional 1.35 QALYs and an additional cost of 120,937.43 USD. The ICER was 15,509.21 USD per QALY for the toripalimab plus bevacizumab.One-way sensitivity analysis showed that our results were not reversed when the input paramete fluctuated ± 25%.Toripalimab plus bevacizumab had a 99% chance of being cost-effective at the WTP level. The therapy of toripalimab and bevacizumab was found to be a cost-effective treatment option for patients with advanced HCC in China.",2026,2026,Scientific reports,Scientific reports,10.1038/s41598-026-50815-5,https://pubmed.ncbi.nlm.nih.gov/42151238/,"['Advanced hepatocellular carcinoma', 'Bevacizumab', 'Cost-effectiveness', 'Sorafenib', 'Toripalimab']",[],"['Zhiwei Zheng', 'Tian Liu', 'Yuling Zhang', 'Huide Zhu', 'Ling Fang']",42151238,Scientific reports. 2026 May 18. doi: 10.1038/s41598-026-50815-5.,19-05-2026,,,Zhiwei Zheng,Scientific reports. 2026 May 18. doi: 10.1038/s41598-026-50815-5.
Mechanochemical optimization and scope of triple and multiple Sonogashira couplings of triethynylbenzene for conjugated porous polymer synthesis.,"Conjugated porous polymers are an important class of advanced materials whose precise synthesis is critical for applications in energy storage, photocatalysis, and next-generation electronics. Developing greener routes remains challenging due to solvent-intensive, energy-consuming methods. Ball milling has emerged as a powerful and versatile tool in organic synthesis and materials chemistry, offering a sustainable and solvent-free alternative to traditional solution-phase methods. Here, we report the optimization of a triple Sonogashira cross-coupling reaction under room-temperature ball-milling conditions, achieving high yields in short reaction times of 60 min. The optimal catalytic conditions involved PdCl",2026,2026,Scientific reports,Scientific reports,10.1038/s41598-026-44898-3,https://pubmed.ncbi.nlm.nih.gov/42151200/,"['Catalysis', 'Conjugated porous polymers', 'Mechanosynthesis', 'Sonogashira Coupling', 'Sustainable Chemistry']",[],"['Ravulakollu Srinivasa Rao', 'Abeer Shunnar', 'Suleiman Musa', 'Bilal Masood Pirzada', 'Emilia Oueis', 'Andrew B Lowe', 'Janah Shaya']",42151200,Scientific reports. 2026 May 18. doi: 10.1038/s41598-026-44898-3.,19-05-2026,,,Ravulakollu Srinivasa Rao,Scientific reports. 2026 May 18. doi: 10.1038/s41598-026-44898-3.
Development and psychometric evaluation of a multimedia quality assessment tool for health education and promotion through mixed methods.,"Health strategies primarily aim to improve public health, a goal increasingly supported by multimedia resources that enhance learning and audience satisfaction. Despite their significant influence on health literacy, quality standards for producing and disseminating such multimedia materials remain under-researched. This study aimed to develop and validate a comprehensive tool for assessing the quality of multimedia resources in health education and promotion. This methodological study employed a two-phase explanatory sequential mixed-methods approach. It began with a scoping review to evaluate the initial item pool, followed by a qualitative phase utilizing semi-structured interviews with 22 health, media, and communication professionals to generate additional items. The subsequent quantitative phase rigorously assessed the instrument's validity and reliability using McDonald's omega (ω) and the Intraclass Correlation Coefficient (ICC). Combining findings from the scoping review and qualitative phase (which covered content quality, aesthetics, communication, and effectiveness) resulted in 131 initial items. After rigorous validation, this pool was reduced to a final 64-item questionnaire featuring 10 factors, including text/image/sound quality, layout, interactivity, behavior focus, and credibility. The tool demonstrated excellent reliability, with an overall McDonald's omega of 0.95 and an ICC between raters of 0.86. The developed 64-item questionnaire exhibits acceptable validity and reliability, establishing it as a useful, comprehensive instrument that empowers specialists and stakeholders to enhance the design and assessment of multimedia health education resources, ultimately contributing to improved community health.",2026,2026,Scientific reports,Scientific reports,10.1038/s41598-026-43955-1,https://pubmed.ncbi.nlm.nih.gov/42151193/,"['Health Education', 'Health Promotion', 'Multimedia', 'Psychometrics']",[],"['Saeideh Rastjoo', 'Amin Salehi-Abargouei', 'Mahsa Khodayarian', 'Reyhane Sefidkar', 'Zohreh Rahaei']",42151193,Scientific reports. 2026 May 18. doi: 10.1038/s41598-026-43955-1.,19-05-2026,,,Saeideh Rastjoo,Scientific reports. 2026 May 18. doi: 10.1038/s41598-026-43955-1.
"Associations between residential segregation, ambient air pollution, and hippocampal features in recent trauma survivors.","Residential segregation is associated with differential exposure to air pollution. Hippocampus structure and function are highly susceptible to pollutants and associated with posttraumatic stress disorder (PTSD) development. Therefore, we investigated associations between residential segregation, air pollutants, hippocampal neurobiology, and PTSD in recent trauma survivors. Participants (N = 278; 34% non-Hispanic white, 46% Non-Hispanic Black, 16% Hispanic) completed multimodal neuroimaging two weeks after trauma. Yearly averages of air pollutants (PM",2026,2026,Translational psychiatry,Translational psychiatry,10.1038/s41398-026-04083-6,https://pubmed.ncbi.nlm.nih.gov/42151109/,[],[],"['Sophia S Liang', 'Alyssa R Roeckner', 'Timothy D Ely', 'Lauren A M Lebois', 'Sanne J H van Rooij', 'Steven E Bruce', 'Tanja Jovanovic', 'Stacey L House', 'Francesca L Beaudoin', 'Xinming An', 'Thomas C Neylan', 'Gari D Clifford', 'Sarah D Linnstaedt', 'Laura T Germine', 'Scott L Rauch', 'John P Haran', 'Alan B Storrow', 'Christopher Lewandowski', 'Paul I Musey', 'Phyllis L Hendry', 'Sophia Sheikh', 'Jose L Pascual', 'Mark J Seamon', 'Erica Harris', 'Claire Pearson', 'David A Peak', 'Roland C Merchant', 'Robert M Domeier', 'Niels K Rathlev', ""Brian J O'Neil"", 'Paulina Sergot', 'Leon D Sanchez', 'John F Sheridan', 'Steven E Harte', 'Ronald C Kessler', 'Karestan C Koenen', 'Samuel A McLean', 'Kerry J Ressler', 'Jennifer S Stevens', 'E Kate Webb', 'Nathaniel G Harnett']",42151109,Translational psychiatry. 2026 May 18. doi: 10.1038/s41398-026-04083-6.,19-05-2026,,,Sophia S Liang,Translational psychiatry. 2026 May 18. doi: 10.1038/s41398-026-04083-6.
[Effectiveness of national grading modeling training for infectious diseases based on two phase training and follow up data].,,2026,2026,Zhonghua liu xing bing xue za zhi = Zhonghua liuxingbingxue zazhi,Zhonghua liu xing bing xue za zhi = Zhonghua liuxingbingxue zazhi,10.3760/cma.j.cn112338-20250918-00659,https://pubmed.ncbi.nlm.nih.gov/42151079/,[],"['Humans', 'Surveys and Questionnaires', 'Follow-Up Studies', 'Communicable Diseases', 'Health Knowledge, Attitudes, Practice', 'Male', 'Adult', 'Female']","['S N Jia', 'X Huang', 'K Jin', 'Z Z Liu', 'L Meng', 'D J Kang', 'A H Dong', 'H T Wu', 'Q Li', 'N J Xiang', 'Y Liu', 'Y Niu']",42151079,Zhonghua liu xing bing xue za zhi = Zhonghua liuxingbingxue zazhi. 2026 May 10. 47(5):965-970. doi: 10.3760/cma.j.cn112338-20250918-00659.,19-05-2026,,,S N Jia,Zhonghua liu xing bing xue za zhi = Zhonghua liuxingbingxue zazhi. 2026 May 10. 47(5):965-970. doi: 10.3760/cma.j.cn112338-20250918-00659.
[Latent class analysis on characteristics of self-reported sexual behavior and associated factors in college students in Tianjin].,,2026,2026,Zhonghua liu xing bing xue za zhi = Zhonghua liuxingbingxue zazhi,Zhonghua liu xing bing xue za zhi = Zhonghua liuxingbingxue zazhi,10.3760/cma.j.cn112338-20251105-00797,https://pubmed.ncbi.nlm.nih.gov/42151073/,[],"['Humans', 'Students', 'Sexual Behavior', 'Universities', 'Cross-Sectional Studies', 'Female', 'Male', 'Surveys and Questionnaires', 'Self Report', 'HIV Infections', 'Young Adult', 'China', 'Latent Class Analysis', 'Health Knowledge, Attitudes, Practice', 'Adolescent', 'Adult']","['Z M Wu', 'Y Liu', 'P Xu', 'J Y Bai', 'Y Zhang']",42151073,Zhonghua liu xing bing xue za zhi = Zhonghua liuxingbingxue zazhi. 2026 May 10. 47(5):921-928. doi: 10.3760/cma.j.cn112338-20251105-00797.,19-05-2026,,,Z M Wu,Zhonghua liu xing bing xue za zhi = Zhonghua liuxingbingxue zazhi. 2026 May 10. 47(5):921-928. doi: 10.3760/cma.j.cn112338-20251105-00797.
[Application of Trauma-Informed Care in a Patient With Schizophrenia and Childhood Trauma].,"This article presents a case study on the application of trauma-informed care on a male patient with schizophrenia and a history of childhood trauma. The nursing process was designed using the Substance Abuse and Mental Health Services Administration framework. For this case study, the ""4R"" core assumptions were transposed into five actionable principles (safety, trustworthiness, collaboration, empowerment, and choice), which guided all of the provided interventions. From July 14 to August 7, 2025, the nursing care focused on promoting psychological and emotional safety, facilitating the co-regulation of trauma responses, and fostering the development of personalized emotional coping strategies. All of the key outcome measures demonstrated significant improvement, with the patient showing a marked decrease in aggressive behaviors, the development of the ability to identify and articulate trauma triggers, and the ability to successfully use at least three distinct grounding techniques for emotional stabilization. This case confirms that applying trauma-informed care theory in a structured manner can effectively improve patient self-efficacy and strengthen the nurse-patient collaborative relationship. The findings provide a valuable, evidence-informed care model for managing the complexities of co-occurring psychiatric symptoms and trauma.",2026,2026,Hu li za zhi The journal of nursing,Hu li za zhi The journal of nursing,10.6224/JN.26313,https://pubmed.ncbi.nlm.nih.gov/42151051/,"['childhood trauma', 'nursing experience', 'schizophrenia', 'trauma-informed care']","['Humans', 'Schizophrenia', 'Male', 'Adult', 'Nurse-Patient Relations']","['Yen-Hui Chiang', 'Yun-Hsuan Lin']",42151051,Hu li za zhi The journal of nursing. 2026 Jun. 73(3). doi: 10.6224/JN.26313.,19-05-2026,,,Yen-Hui Chiang,Hu li za zhi The journal of nursing. 2026 Jun. 73(3). doi: 10.6224/JN.26313.
[Maintaining Intimate Relationships After Total Penectomy: A Nursing Care Perspective].,"In Eastern cultures, sexuality and intimate relations are typically regarded as delicate issues and generally ignored in treatment processes, which may cause physical, psychological, and even spiritual suffering throughout the process of recovery. This article discusses a case report involving a 42-year-old male patient, who was diagnosed with penile cancer and subsequently received a total penectomy and urethral reconstruction. Nursing care was provided from May 24 to June 15, 2023. The information was gathered using observation, interviews, and chart reviews. In addition to a surgical wound infection, the patient evidenced emotional suppression and psychological distress associated with their cancer diagnosis and changes in body image after the penectomy. The patient displayed doubtfulness and a disposition to shun closeness. The health problems detected included infection, body image problems, and an inability to have intimacy. The model used during the care period was EX-PLISSIT (extended permission limited-information specific- suggestion intensive-therapy), which was utilized to offer education, communication and feedback concerning intimacy and potential recommendations. A multidisciplinary team worked together to develop a suitable medical and psychological care plan. By affirming the patient's self-worth and helping them recognize and adapt to bodily changes, nursing care enhanced self-care ability. Through early nursing intervention and professional support, the patient and family were guided to explore ways of intimate interaction after surgery, helping to maintain closeness and improve life satisfaction. This experience may serve as a reference for nurses caring for patients with penile cancer to help these patients maintain intimate relationships postoperatively.",2026,2026,Hu li za zhi The journal of nursing,Hu li za zhi The journal of nursing,10.6224/JN.26312,https://pubmed.ncbi.nlm.nih.gov/42151050/,"['EX-PLISSIT model', 'body image disturbance', 'intimate relationship maintenance', 'penile cancer', 'total penectomy']","['Humans', 'Male', 'Adult', 'Penile Neoplasms', 'Penis', 'Interpersonal Relations']","['Hsueh-Fang Hung', 'Fang-Yu Hsu']",42151050,Hu li za zhi The journal of nursing. 2026 Jun. 73(3). doi: 10.6224/JN.26312.,19-05-2026,,,Hsueh-Fang Hung,Hu li za zhi The journal of nursing. 2026 Jun. 73(3). doi: 10.6224/JN.26312.
[Effectiveness of Dog-Assisted Therapy in Improving the Behavioral and Psychological Symptoms of Dementia: A Systematic Review and Meta-Analysis].,"Patients with dementia commonly exhibit behavioral and psychological symptoms of dementia (BPSD) such as depression, withdrawal, and agitation. These symptoms are known to significantly impact both mental and physical health, increase caregiving burdens, and lead to higher rates of hospitalization and mortality.",2026,2026,Hu li za zhi The journal of nursing,Hu li za zhi The journal of nursing,10.6224/JN.26309,https://pubmed.ncbi.nlm.nih.gov/42151047/,"['behavioral and psychological symptoms', 'dementia', 'dog-assisted therapy', 'meta-analysis', 'systematic review']","['Dementia', 'Animal Assisted Therapy', 'Humans', 'Dogs', 'Animals', 'Randomized Controlled Trials as Topic']","['Tsuei-Yi Tseng', 'Jia-Sin Luo', 'Chia-Chi Kuo']",42151047,Hu li za zhi The journal of nursing. 2026 Jun. 73(3). doi: 10.6224/JN.26309.,19-05-2026,,,Tsuei-Yi Tseng,Hu li za zhi The journal of nursing. 2026 Jun. 73(3). doi: 10.6224/JN.26309.
[Key Factors of Influence on Postpartum Women's Satisfaction With Hospital-Affiliated Postnatal Care Facility Services and Practical Recommendations for Improvement].,"Hospital-affiliated postpartum care centers are preferred by new mothers in Taiwan due to their medical resources and safety. However, overall maternal satisfaction is often influenced by ""non-medical service""-related factors. These factors have yet to be adequately investigated empirically in the context of these centers.",2026,2026,Hu li za zhi The journal of nursing,Hu li za zhi The journal of nursing,10.6224/JN.26308,https://pubmed.ncbi.nlm.nih.gov/42151046/,"['hospital-affiliated postpartum care centers', 'maternal satisfaction', 'postpartum care', 'postpartum meal provision']","['Humans', 'Female', 'Patient Satisfaction', 'Postnatal Care', 'Adult', 'Cross-Sectional Studies']","['Ming-Ju Yu', 'Yen-Han Wu', 'Chin Ping Wang', 'Hsin-Tzu Li', 'Chih-Hao Lin']",42151046,Hu li za zhi The journal of nursing. 2026 Jun. 73(3). doi: 10.6224/JN.26308.,19-05-2026,,,Ming-Ju Yu,Hu li za zhi The journal of nursing. 2026 Jun. 73(3). doi: 10.6224/JN.26308.
[Establishing a Culturally Safe Care Environment: Organizational Culture and Policy Support].,"In addition to biomedical factors and individual health behaviors, historical trauma, colonial experiences, and social marginalization are all critical factors that shape profoundly the health inequities experienced by indigenous peoples. Therefore, it is critical that cultural contexts and indigenous perspectives be incorporated into both health policy formulation and healthcare provision processes, with ""cultural safety"" serving as a central guiding principle to ensure healthcare systems earn the trust and serve the needs of indigenous clients. Cultural safety emphasizes cultural awareness, sensitivity, and competence as well as the critical reflection upon and transformation of traditional power relations to promote a truly patient-centered model of care. In this paper, the practical challenges faced by healthcare and long-term care systems, including tensions between standardized procedures and cultural differences, are examined, and institutionalized strategies are proposed to enhance quality of care and reduce structural inequalities. Moreover, the pivotal roles of policy and legislation in advancing cultural safety are highlighted using Taiwan's Indigenous Peoples Health Act as an example. Establishing culturally safe care environments requires a comprehensive effort spanning policy, organizational structures, and education. Leveraging cultural respect and institutional support, this effort holds the potential to facilitate the transformation of healthcare systems and ultimately achieve the goals of diversity, inclusion, and health equity.",2026,2026,Hu li za zhi The journal of nursing,Hu li za zhi The journal of nursing,10.6224/JN.26305,https://pubmed.ncbi.nlm.nih.gov/42151043/,"['cultural safety', 'health equity', 'indigenous groups']","['Humans', 'Organizational Culture', 'Health Policy', 'Culturally Competent Care', 'Cultural Competency']","['Yi-Maun Subeq', 'Hsiao-Ching Huang']",42151043,Hu li za zhi The journal of nursing. 2026 Jun. 73(3). doi: 10.6224/JN.26305.,19-05-2026,,,Yi-Maun Subeq,Hu li za zhi The journal of nursing. 2026 Jun. 73(3). doi: 10.6224/JN.26305.
[Enhancing Nursing Competence in Cultural Safety].,"Cultural safety extends beyond physical protection to encompass moral considerations and the relational dimensions of care. The determination of whether healthcare is ""safe"" rests with patients rather than healthcare professionals, and only when patients feel respected, free from denigration, and assured their rights are upheld can care be considered culturally safe. Accordingly, healthcare education must cultivate respect in students for cultural diversity and prepare them to deliver equitable and culturally safe clinical care. In this article, a deconstructive perspective is used to examine the potential of using cultural safety as a framework for addressing health inequities. In practice, cultural safety represents a developmental process progressing from cultural awareness to cultural sensitivity and, ultimately, cultural competence. The cultural teaching capacity of educators may be strengthened through the three interrelated domains of foundational competence, facilitation skills, and curriculum design. Together, these can foster inclusive learning environments and support the development in students of culturally safe nursing practices, which are essential to enhancing quality of care and patient health and well-being.",2026,2026,Hu li za zhi The journal of nursing,Hu li za zhi The journal of nursing,10.6224/JN.26304,https://pubmed.ncbi.nlm.nih.gov/42151042/,"['cultural competence', 'cultural safety', 'emancipatory theory']","['Humans', 'Cultural Competency', 'Education, Nursing']",['Ying Tsao'],42151042,Hu li za zhi The journal of nursing. 2026 Jun. 73(3). doi: 10.6224/JN.26304.,19-05-2026,,,Ying Tsao,Hu li za zhi The journal of nursing. 2026 Jun. 73(3). doi: 10.6224/JN.26304.
[Practicing Cultural Safety: Providing Nursing Care to Taiwan's Increasingly Diverse Population].,"With the increasing pace of globalization and transnational migration, healthcare systems are becoming more culturally diverse. In Taiwan, demographic changes have introduced increasing numbers of patients from diverse cultural backgrounds into clinical care environments, presenting new challenges for nursing practice. Cultural safety has emerged as an important framework for promoting equitable healthcare and improving the quality of patient care. Under this concept, patients' lived experiences and perceptions of care are used as central indicators of healthcare quality, and healthcare professionals are encouraged to reflect critically on the power dynamics and institutional biases within their healthcare interactions. In this article, the practical implications of cultural safety in nursing practice are discussed in the context of four culturally diverse populations in Taiwan: indigenous residents, migrant workers and other expatriates, sexual and gender minorities, and non-Taiwanese spouses and new immigrants. Language barriers, varied levels of health literacy, culturally shaped health beliefs, and limited social support are all factors that may influence patient trust, engagement in care, and adherence to treatment. When healthcare providers lack cultural sensitivity and reflective awareness, communication gaps and subtle forms of exclusion may occur in clinical encounters. Strengthening cross-cultural communication, encouraging patient participation in decision-making, fostering professional self-reflection, and creating institutional environments that support culturally safe practice are essential strategies to improving care. Therefore, cultural safety offers an important framework for developing strategies to enhance patient trust, improve care experiences, and advance health equity in multicultural healthcare settings.",2026,2026,Hu li za zhi The journal of nursing,Hu li za zhi The journal of nursing,10.6224/JN.26303,https://pubmed.ncbi.nlm.nih.gov/42151041/,"['cross-cultural nursing', 'cultural safety', 'health equity', 'patient trust', 'patient-centered care']","['Humans', 'Taiwan', 'Cultural Competency', 'Nursing Care', 'Cultural Diversity']",['Shiu-Yun Fu'],42151041,Hu li za zhi The journal of nursing. 2026 Jun. 73(3). doi: 10.6224/JN.26303.,19-05-2026,,,Shiu-Yun Fu,Hu li za zhi The journal of nursing. 2026 Jun. 73(3). doi: 10.6224/JN.26303.
[From Cultural Sensitivity to Cultural Safety: Transforming Nursing Practice in a Multicultural Society].,"With the acceleration of both globalization and population mobility, healthcare settings have become increasingly culturally diverse, presenting nurses with more complex cross-cultural challenges. Although cultural sensitivity promotes understanding and respect for cultural differences, its emphasis on knowledge accumulation limits its effectiveness in addressing the power imbalances and structural inequalities embedded in healthcare interactions. In contrast, cultural safety underscores that quality of care should be defined by patients' subjective experiences and highlights the important influence of power relations, critical self-reflection, patient autonomy, and structural contexts on care quality. In this article, the author examines the theoretical transition from cultural sensitivity to cultural safety in the nursing profession and analyzes the implementation of cultural safety in clinical practice, nursing education, and healthcare systems and its related challenges. The results of literature synthesis and analysis show that cultural safety facilitates the reconstruction of nurse-patient relationships, strengthens patient participation and trust, and provides a vital approach to addressing health inequities in multicultural societies. In the Taiwanese context, the health concerns of diverse populations, which include new immigrants, migrant workers, and transgender individuals, underscore the practical and policy implications of cultural safety. Future efforts should continue to integrate cultural safety into nursing education, clinical practice, and institutional design to develop culturally appropriate care models grounded in local contexts to further enhance care quality and promote health equity.",2026,2026,Hu li za zhi The journal of nursing,Hu li za zhi The journal of nursing,10.6224/JN.26302,https://pubmed.ncbi.nlm.nih.gov/42151040/,"['cultural safety', 'cultural sensitivity', 'culturally appropriate care', 'health equity']","['Humans', 'Cultural Competency', 'Cultural Diversity', 'Nurse-Patient Relations']",['Hwey-Fang Liang'],42151040,Hu li za zhi The journal of nursing. 2026 Jun. 73(3). doi: 10.6224/JN.26302.,19-05-2026,,,Hwey-Fang Liang,Hu li za zhi The journal of nursing. 2026 Jun. 73(3). doi: 10.6224/JN.26302.
"[From Self-Reflection to Building a ""Culturally Safe"" Care System].","As Taiwanese society grows increasingly diverse and inclusive, the challenges faced in frontline clinical care are expanding beyond treating physical illnesses to include how to effectively embrace the life narratives and health beliefs of diverse populations. Although the long-standing emphasis on ""cultural sensitivity"" and ""cultural competence"" in the medical profession has encouraged healthcare professionals to learn about the customs and taboos of different cultures, research findings remind us that culture is not a fixed label. Lacking critical reflection on power imbalances, the accumulation of such knowledge may lead to the emergence and entrenchment of other forms of stereotyping (Curtis et al., 2019). The theme of this issue, ""Cultural Safety in Nursing Practice"", sincerely invites readers to reflect on whether our current standardized healthcare processes have unintentionally silenced certain voices. The articles featured in this issue provide accessible yet in-depth analyses of the multiple dimensions of cultural safety. At the theoretical level, we see how cultural safety resonates with emancipatory theory, cautioning against medical hegemony and advocating for returning to patients the authority to define their quality of care. In terms of practical application and implementation, cultural safety requires nurses to engage in critical self-reflection, active listening, and shared decision-making, thereby reconstructing a more equitable power relationship between healthcare providers and patients. Meanwhile, educational systems should strengthen the cultural teaching competencies of educators in the realms of foundational knowledge, facilitation skills, and curriculum design to foster more-inclusive learning environments. Ultimately, cultural safety must extend beyond the individual level into the organizational and policy levels as well. In one of the articles, the Indigenous Peoples Health Act (2023) is used to illustrate how respect for culture may be incorporated into healthcare indicators and administrative processes, suggesting a foundation for building a people-centered healthcare system that promotes health equity and social justice. Establishing a culturally safe care environment is a transformative process for healthcare professionals in diverse societies. However, cultural safety is not a one-time technical achievement. Thus, nursing practice must shift from merely ""understanding cultural differences"" to ""examining the safety of care"" by prioritizing the subjective experiences of care recipients and reconstructing power relations between providers and patients (Kaphle et al., 2022). Through the practical strategies introduced in this issue, we hope to inspire self-reflection and encourage all readers to become agents of change. Ultimately, every individual entering the healthcare system should feel seen and heard, and be able to receive care that is respectful of their cultural context within an environment of dignity.",2026,2026,Hu li za zhi The journal of nursing,Hu li za zhi The journal of nursing,10.6224/JN.26301,https://pubmed.ncbi.nlm.nih.gov/42151039/,[],"['Humans', 'Cultural Competency', 'Culturally Competent Care']",['Shoa-Jen Perng'],42151039,Hu li za zhi The journal of nursing. 2026 Jun. 73(3). doi: 10.6224/JN.26301.,19-05-2026,,,Shoa-Jen Perng,Hu li za zhi The journal of nursing. 2026 Jun. 73(3). doi: 10.6224/JN.26301.
Exercise pulmonary hypertension in asymptomatic patients with HIV infection Insights from the RIGHT-NET registry.,Asymptomatic patients with Human Immunodeficiency Virus (HIV) infection may remain at increased risk for pulmonary vascular disease. We therefore explored the pulmonary circulation in these patients using exercise stress echocardiography.,2026,2026,European journal of internal medicine,European journal of internal medicine,10.1016/j.ejim.2026.106907,https://pubmed.ncbi.nlm.nih.gov/42151027/,"['Exercise echocardiography', 'HIV', 'Pulmonary vascular disease', 'Right ventricle', 'mPAP/CO slope']",[],"['R Madonna', 'A M Marra', 'F Biondi', 'A Carbone', 'E Carluccio', 'V Codullo', ""M D'Alto"", ""A D'Agostino"", 'M De Luca', 'A M Esposito', 'F Ferrara', 'S Ghio', 'M Franzese', 'M Zanfardino', 'R Naeije', 'R De Caterina', 'E Bossone']",42151027,European journal of internal medicine. 2026 May 18. 106907. doi: 10.1016/j.ejim.2026.106907.,19-05-2026,,,R Madonna,European journal of internal medicine. 2026 May 18. 106907. doi: 10.1016/j.ejim.2026.106907.
Intensive Care Nurses' Use of the Critical-Care Pain Observation Tool.,"Pain is an unpleasant experience and can cause adverse physiological effects such as tissue hypoxia, increased catabolism and immune dysfunction. Behavioral pain assessment tools are used for patients unable to self-report, and it is important for nurses to use these tools appropriately. This study aimed to examine Critical Care Pain Observation Tool Japanese version (CPOT-J) use by nurses in adult intensive care units (ICUs) for patients unable to self-report but likely to experience pain, and to identify factors associated with CPOT-J use.",2026,2026,Pain management nursing : official journal of the American Society of Pain Management Nurses,Pain management nursing : official journal of the American Society of Pain Management Nurses,10.1016/j.pmn.2026.04.014,https://pubmed.ncbi.nlm.nih.gov/42151020/,"['Critical care', 'Critical care pain observation tool', 'Intensive care unit', 'Online questionnaire', 'Pain assessment']",[],"['Masatane Kida', 'Tomoko Akase']",42151020,Pain management nursing : official journal of the American Society of Pain Management Nurses. 2026 May 18. doi: 10.1016/j.pmn.2026.04.014.,19-05-2026,,,Masatane Kida,Pain management nursing : official journal of the American Society of Pain Management Nurses. 2026 May 18. doi: 10.1016/j.pmn.2026.04.014.
Quality Indicators for Pain Management in Geriatric Patients: A Scoping Review.,"Quality indicators (QI) can be valuable tools for measuring and improving the quality of healthcare and used widely in the international context. Geriatric patients are older adults with geriatric-typical multimorbidity, and pain is common in this particular vulnerable population. QIs can be employed to improve the quality of pain management.",2026,2026,Pain management nursing : official journal of the American Society of Pain Management Nurses,Pain management nursing : official journal of the American Society of Pain Management Nurses,10.1016/j.pmn.2026.04.016,https://pubmed.ncbi.nlm.nih.gov/42151019/,"['Aged', 'Geriatric nursing', 'Pain', 'Pain management', 'Quality indicators']",[],"['Melina Hendlmeier', 'Evelyn Gebhardt', 'Erika Sirsch']",42151019,Pain management nursing : official journal of the American Society of Pain Management Nurses. 2026 May 18. doi: 10.1016/j.pmn.2026.04.016.,19-05-2026,,,Melina Hendlmeier,Pain management nursing : official journal of the American Society of Pain Management Nurses. 2026 May 18. doi: 10.1016/j.pmn.2026.04.016.
Transcranial Electric Stimulation in Chronic Pain Patients: Clinical Profile of Treatment Responders.,"Pharmacological interventions for chronic pain (CP) show limited evidence and adverse side effects, and thus, the management of CP represents a challenge for the healthcare systems. In the last few years, transcranial Electrical Stimulation (tES) has yielded positive results in relieving pain in patients with CP. However, the evidence has been obtained through group-level analyses without considering patient profiles that may benefit most from this technique.",2026,2026,Pain management nursing : official journal of the American Society of Pain Management Nurses,Pain management nursing : official journal of the American Society of Pain Management Nurses,10.1016/j.pmn.2026.04.015,https://pubmed.ncbi.nlm.nih.gov/42151018/,"['Anxiety', 'Chronic pain', 'Clinical profile', 'Depression', 'Transcranial electrical stimulation']",[],"['Antonio Gil-Ugidos', 'Jorge Alcántara-Espinosa', 'Lara Rubal-Otero', 'Mónica Mayo-Moldes', 'Noelia Samartin-Veiga', 'María Teresa Carrillo-de-la-Peña']",42151018,Pain management nursing : official journal of the American Society of Pain Management Nurses. 2026 May 18. doi: 10.1016/j.pmn.2026.04.015.,19-05-2026,,,Antonio Gil-Ugidos,Pain management nursing : official journal of the American Society of Pain Management Nurses. 2026 May 18. doi: 10.1016/j.pmn.2026.04.015.
"Re. ""Improving dietary oversight in pharmaceutical clinical trials for inborn errors of metabolism"".",,2026,2026,"Nutrition (Burbank, Los Angeles County, Calif.)","Nutrition (Burbank, Los Angeles County, Calif.)",10.1016/j.nut.2026.113245,https://pubmed.ncbi.nlm.nih.gov/42151014/,[],[],"['Nicole Y McWhorter', 'Tracy B Lowe', 'Sara M Sarasua', 'Christopher L Farrell', 'Melanie B Gillingham']",42151014,"Nutrition (Burbank, Los Angeles County, Calif.). 2026 Apr 16. 113245. doi: 10.1016/j.nut.2026.113245.",19-05-2026,,,Nicole Y McWhorter,"Nutrition (Burbank, Los Angeles County, Calif.). 2026 Apr 16. 113245. doi: 10.1016/j.nut.2026.113245."
"First lessons from the evaluation of CoFoR, an adaptation of the recovery college model in France for mental health promotion, peer support, and recovery.","Recovery Colleges (RCs) are innovative educational programs based on peer-support and the promotion of mental health to support persons affected by mental disorders in their personal recovery journey. In France, the Accompagnement à l'Autonomie en Santé (Support for Health Autonomy) initiative led to the emergence of the first RC: the CoFoR, whose preliminary evaluation results are reported in this article.",2026,2026,L'Encephale,L'Encephale,10.1016/j.encep.2026.02.016,https://pubmed.ncbi.nlm.nih.gov/42150987/,"['Auto-support', 'Mental health promotion', 'Pair-aidance', 'Peer support', 'Peer workers', 'Promotion de la santé mentale', 'Psychoéducation', 'Recovery college', 'Training']",[],"['Antoine Gruau', 'Julien Grard', 'Aurélie Tinland']",42150987,L'Encephale. 2026 May 18. doi: 10.1016/j.encep.2026.02.016.,19-05-2026,,,Antoine Gruau,L'Encephale. 2026 May 18. doi: 10.1016/j.encep.2026.02.016.
American Society for Metabolic and Bariatric Surgery statement on the treatment options for patients with non-response and weight recurrence after metabolic and bariatric surgery.,"Metabolic and bariatric surgery (MBS) is the most effective treatment for severe obesity, producing durable weight loss and improvement in obesity-related comorbidities. However, a subset of patients experience inadequate weight loss (non-response, NR) or weight recurrence (WR), which can lead to persistence or recurrence of metabolic disease, diminished quality of life, and warrants for further treatment interventions.",2026,2026,Surgery for obesity and related diseases : official journal of the American Society for Bariatric Surgery,Surgery for obesity and related diseases : official journal of the American Society for Bariatric Surgery,10.1016/j.soard.2026.04.002,https://pubmed.ncbi.nlm.nih.gov/42150970/,"['Anti-obesity medications', 'Bariatric surgery', 'Non-response', 'Revisional surgery', 'Weight recurrence']",[],"['Vosburg Ralph Wesley', 'Carter Jonathan', 'Azagury Dan', 'Nimeri Abdelrahman', 'Northup Christopher Joseph', 'Eisenberg Daniel', 'Rogers Ann', 'Papasavas Pavlos']",42150970,Surgery for obesity and related diseases : official journal of the American Society for Bariatric Surgery. 2026 Apr 21. doi: 10.1016/j.soard.2026.04.002.,19-05-2026,,,Vosburg Ralph Wesley,Surgery for obesity and related diseases : official journal of the American Society for Bariatric Surgery. 2026 Apr 21. doi: 10.1016/j.soard.2026.04.002.
Improving End-of-Life Care for Patients in Australian Cardiology Wards: A Retrospective Medical Record Audit.,"Dynamic hospital settings such as cardiology wards face challenges in delivering high-quality end-of-life care due to high patient volumes, urgent clinical demands, variable disease trajectories, and time pressures, often resulting in delayed goals-of-care discussions and suboptimal care. Despite the availability of national End-of-Life Care Standards and associated quality audit tools, evidence describing their use and end-of-life care practices in Australian cardiology wards remains limited. We aimed to examine end-of-life care in cardiology wards within Australian hospitals.",2026,2026,"Heart, lung & circulation","Heart, lung & circulation",10.1016/j.hlc.2026.04.111,https://pubmed.ncbi.nlm.nih.gov/42150968/,"['Cardiology', 'End-of-life care', 'Hospital', 'Palliative care']",[],"['Tessa Holman', 'Peter Macdonald', 'Diana Slade', 'Liza Goncharov', 'Sandy Middleton', 'Gareth John Watts', 'Maureen Williams', 'Georgia Carr', 'Imogen Mitchell', 'Gemma McErlean', 'Suzanne Sheppard-Law', 'Kelly Jones', 'Glenn Paull', 'Nicola Templeton', 'Sophie Rayner', 'Sarah Davis', 'Yan Gao', 'Wenpeng You', 'Rose Kennedy', 'Brendan Clifford', 'Ross Proctor', 'Cris Algoso', 'Perryn Ng', 'Brendan Myhill', 'David Lowe', 'Emma Devlin', 'Kerry Lennox', 'James McVeigh', 'Margaret Ryan', 'Nicola Straiton']",42150968,"Heart, lung & circulation. 2026 May 18. doi: 10.1016/j.hlc.2026.04.111.",19-05-2026,,,Tessa Holman,"Heart, lung & circulation. 2026 May 18. doi: 10.1016/j.hlc.2026.04.111."
"Effects of large language model-generated, patient-oriented discharge summaries on patient activation: a single-centre, single-blind, randomised controlled trial in Germany.","The transition from hospital to home represents an important period in patient care. Evidence suggests that improving patient activation (knowledge, skills, and confidence in self-care) reduces adverse post-discharge outcomes. Patient-oriented discharge summaries (PODS) show promise in increasing patient activation, but are laborious and time-consuming to generate manually. We investigated whether patient-oriented discharge summaries generated by a large language model (LLM) could enhance patient activation compared with standard discharge summaries.",2026,2026,The Lancet. Digital health,The Lancet. Digital health,10.1016/j.landig.2026.100991,https://pubmed.ncbi.nlm.nih.gov/42150962/,[],[],"['Paul Rust', 'Julian Frings', 'Sven Meister', 'Falko C Schulte', 'Christian Prinz', 'Leonard Fehring']",42150962,The Lancet. Digital health. 2026 May 18. 100991. doi: 10.1016/j.landig.2026.100991.,19-05-2026,,,Paul Rust,The Lancet. Digital health. 2026 May 18. 100991. doi: 10.1016/j.landig.2026.100991.
Insurance-based disparities in traumatic brain injury length of stay and discharge dispositions: A retrospective cohort analysis of the national trauma data bank.,"Insurance-based disparities associated with outcomes in traumatic brain injury (TBI), including acute care discharge dispositions, remain understudied. This study aims to evaluate the associations between Medicaid versus private insurance (PI) on hospital length of stay (LOS) and discharge disposition in patients with TBI across severities.",2026,2026,Injury,Injury,10.1016/j.injury.2026.113358,https://pubmed.ncbi.nlm.nih.gov/42150936/,"['Discharge disposition', 'Insurance', 'Length of stay', 'Medicaid', 'Mortality', 'Neurosurgery', 'Private insurance', 'Public insurance', 'Socioeconomic status', 'Traumatic brain injury']",[],"['Oleksandr Strelko', 'Ergi Spiro', 'Austin Lui', 'Phiroz E Tarapore', 'Michael C Huang', 'Geoffrey T Manley', 'John K Yue', 'Anthony M DiGiorgio']",42150936,Injury. 2026 May 15. 113358. doi: 10.1016/j.injury.2026.113358.,19-05-2026,,,Oleksandr Strelko,Injury. 2026 May 15. 113358. doi: 10.1016/j.injury.2026.113358.
A scoping review of the impact of research engagement interventions in hospital pharmacy staff.,"Research engagement forms a fundamental aspect of clinical practice and hospital pharmacy. Research generates evidence to improve patient care, enhance service delivery, and improve pharmacy workflows.",2026,2026,Research in social & administrative pharmacy : RSAP,Research in social & administrative pharmacy : RSAP,10.1016/j.sapharm.2026.05.004,https://pubmed.ncbi.nlm.nih.gov/42150934/,"['Capacity', 'Engagement', 'Interventions', 'Pharmacist', 'Pharmacy', 'Research', 'Technician']",[],"['Elizabeth McCourt', 'Steffy Megane Lalloo', 'Nazanin Ghahreman-Falconer', 'Laetitia Hattingh']",42150934,Research in social & administrative pharmacy : RSAP. 2026 May 12. doi: 10.1016/j.sapharm.2026.05.004.,19-05-2026,,,Elizabeth McCourt,Research in social & administrative pharmacy : RSAP. 2026 May 12. doi: 10.1016/j.sapharm.2026.05.004.
"Corrigendum to ""Innate and adaptive immune responses to the injection of hybrid camouflaging erythrocyte Saccharolobus solfataticus-phosphotriesterase mutant-loaded nanoreactors to mice"" [Chem. Biol. Interact. 433 (2026) 112092].",,2026,2026,Chemico-biological interactions,Chemico-biological interactions,10.1016/j.cbi.2026.112144,https://pubmed.ncbi.nlm.nih.gov/42150928/,[],[],"['Aida Gabdoulkhakova', 'Almaz Akhunzianov', 'Albina Malanyeva', 'Olga Vasileva', 'Regina Miftakhova', 'Tatiana Pashirova', 'Patrick Masson']",42150928,Chemico-biological interactions. 2026 May 18. 112144. doi: 10.1016/j.cbi.2026.112144.,19-05-2026,,,Aida Gabdoulkhakova,Chemico-biological interactions. 2026 May 18. 112144. doi: 10.1016/j.cbi.2026.112144.
From classrooms to clinics: Applying culturally relevant pedagogy to train physicians who serve African American patients.,"Despite the widespread integration of cultural competence training into undergraduate medical education (UME) curricula over the past two decades, health disparities persist for African American patients. While such training may improve provider attitudes and patient satisfaction, evidence linking it to measurable health outcomes remains limited. This perspective examines how culturally relevant pedagogy (CRP), originally developed by Gloria Ladson-Billings for K-12 education, can be meaningfully adapted to medical education by analyzing successful healthcare interventions for African American patients through this lens. By focusing on CRP principles, including identity, social relationships, and conceptions of knowledge, this article explores how medical educators can better prepare students to serve African American patients through more culturally grounded, community based, and critically engaged training.",2026,2026,Journal of the National Medical Association,Journal of the National Medical Association,10.1016/j.jnma.2026.05.005,https://pubmed.ncbi.nlm.nih.gov/42150927/,[],[],"['Michelle Knecht', 'Dilys Schoorman', 'Maria Mejia']",42150927,Journal of the National Medical Association. 2026 May 18. doi: 10.1016/j.jnma.2026.05.005.,19-05-2026,,,Michelle Knecht,Journal of the National Medical Association. 2026 May 18. doi: 10.1016/j.jnma.2026.05.005.
Multi-Level Variable Selection Using a BART-Enhanced Mixed-Effects Framework.,"Selecting important individual- and cluster-level predictors has become increasingly critical in healthcare research, where data often exhibit hierarchical structures due to collection from multiple clusters. Mixed-effects models, which account for within-cluster correlation and between-cluster heterogeneity, are a natural approach for multilevel variable selection. However, currently available variable selection methods for multilevel data are predominantly based on mixed-effects models that impose restrictive parametric assumptions, potentially limiting their utility when the underlying relationships are nonlinear or involve interactions. While nonparametric methods have shown promise for variable selection in non-clustered data, they have been much less studied in the multilevel setting. Moreover, nonparametric methods that explicitly account for multilevel structure have largely been designed for prediction, rather than for simultaneous selection of relevant covariates at both the individual and cluster levels. To address these limitations, we propose a flexible, fully Bayesian unified framework for simultaneous variable selection of both fixed and random effects. Our framework integrates the nonparametric flexibility of Bayesian Additive Regression Trees (BART) for fixed-effect predictor selection with a hierarchical Bayesian component that identifies random-effect predictors via covariance decomposition and permutation strategies. To address scenarios common in multilevel data, where cluster-level covariates are constant within clusters and can induce near-collinearity and instability in selection, we further propose a computationally efficient two-step procedure. This method disentangles the contributions of individual- and cluster-level predictors, thereby mitigating collinearity and improving stability in variable selection. Comprehensive simulation studies demonstrate the effectiveness and robustness of our proposed methods across diverse scenarios. We further illustrate the practical utility of these approaches by applying them to a multilevel Alzheimer's disease dataset.",2026,2026,Statistics in medicine,Statistics in medicine,10.1002/sim.70593,https://pubmed.ncbi.nlm.nih.gov/42150890/,"['Bayesian machine learning', 'Dirichlet distribution', 'Metropolis importance', 'near‐collinearity', 'permutation‐based', 'spike and slab prior']","['Humans', 'Bayes Theorem', 'Computer Simulation', 'Cluster Analysis', 'Models, Statistical', 'Multilevel Analysis', 'Statistics, Nonparametric', 'Alzheimer Disease']","['Keming Zhang', 'Yaoyao Li', 'Jungang Zou', 'Sijian Wang', 'Bernadette A Fausto', 'Liangyuan Hu']",42150890,Statistics in medicine. 2026 May. 45(10-12):e70593. doi: 10.1002/sim.70593.,19-05-2026,,,Keming Zhang,Statistics in medicine. 2026 May. 45(10-12):e70593. doi: 10.1002/sim.70593.
Selective early medical treatment of the patent ductus arteriosus in extremely low gestational age infants: a pilot randomised controlled trial (SMART-PDA).,To assess feasibility of recruitment and compare clinical outcomes in a trial of early selective treatment of a moderate-severe patent ductus arteriosus (PDA) or no intervention in the first 7 postnatal days in extremely preterm infants.,2026,2026,Archives of disease in childhood. Fetal and neonatal edition,Archives of disease in childhood. Fetal and neonatal edition,10.1136/archdischild-2026-330462,https://pubmed.ncbi.nlm.nih.gov/42150872/,"['Cardiology', 'Intensive Care Units, Neonatal']",[],"['Souvik Mitra', 'Audrey Hebert', 'Michael P Castaldo', 'Tim Disher', 'Walid El-Naggar', 'Santokh Dhillon', 'Ziad Alhassen', 'Jenny Koo', 'Anup C Katheria', 'Abbas Hyderi', 'Kumar Kumaran', 'Joseph Ting', 'Aimann Surak', 'Jillian Larocque', 'Dawn Pepper', 'Lisa Hornberger', 'Marjorie Makoni', 'Dany E Weisz', 'Amish Jain', 'Fabiana Bacchini', 'Austin J J Cameron-Nola', 'Tara Hatfield', 'Jon Dorling', 'Patrick J McNamara', 'Lehana Thabane']",42150872,Archives of disease in childhood. Fetal and neonatal edition. 2026 May 18. doi: 10.1136/archdischild-2026-330462.,19-05-2026,,,Souvik Mitra,Archives of disease in childhood. Fetal and neonatal edition. 2026 May 18. doi: 10.1136/archdischild-2026-330462.
"Dermatophytes: Global Pandemic, Multidrug Resistance, Human-to-Human, and Sexual Transmission.","We are witnessing a sea change in the epidemiology of dermatophytosis. While commonly perceived as a mild infection of skin, hair, or nails, new human pathogens have emerged from the zoophilic",2026,2026,Cold Spring Harbor perspectives in medicine,Cold Spring Harbor perspectives in medicine,10.1101/cshperspect.a042004,https://pubmed.ncbi.nlm.nih.gov/42150855/,[],[],"['Aditya K Gupta', 'Tong Wang', 'Anuradha Chowdhary']",42150855,Cold Spring Harbor perspectives in medicine. 2026 May 18. doi: 10.1101/cshperspect.a042004.,19-05-2026,,,Aditya K Gupta,Cold Spring Harbor perspectives in medicine. 2026 May 18. doi: 10.1101/cshperspect.a042004.
Evaluation of AI tool assisting primary healthcare physicians to diagnostic and treatment tasks.,"Primary healthcare (PHC) plays an important role in the healthcare system, yet the shortage of qualified primary healthcare physician (PHP) restricts the quality of diagnostic and treatment services provided by PHC institutions. The rapid development and prevalence of artificial intelligence (AI) offer a solution to this challenge. Existing research primarily focused on two themes: evaluating the performance of AI tools and investigating PHPs' attitudes and use intention to such AI. There are three main modes used to evaluate the performance of AI tools: evaluation of single AI tool, comparison across different AI tools and comparison between AI tool and physicians. Confusion metrics and examination are two types of indicators primarily used to assess these products. PHPs generally hold positive attitudes and use intentions towards AI tools. According to the technology acceptance model, influential factors of PHPs' attitudes and use intention can be categorised into usefulness and ease of use. Limitations and future research directions are also discussed in this article, which provides insights for future research and practice to improve AI tools assisting PHPs in diagnostic and treatment tasks and promote AI adoption in PHC.",2026,2026,Family medicine and community health,Family medicine and community health,10.1136/fmch-2025-003860,https://pubmed.ncbi.nlm.nih.gov/42150852/,"['Family Medicine', 'General Practice', 'Medical Informatics', 'Primary Health Care', 'Public Health Informatics']","['Artificial Intelligence', 'Humans', 'Physicians, Primary Care', 'Attitude of Health Personnel', 'Primary Health Care']","['Tianran Wang', 'Jinyu He', 'Yiran Wang', 'Ning Zhang', 'Kaiyuan Chen', 'Wannian Liang']",42150852,Family medicine and community health. 2026 May 18. 14(Suppl 3). doi: 10.1136/fmch-2025-003860.,19-05-2026,,,Tianran Wang,Family medicine and community health. 2026 May 18. 14(Suppl 3). doi: 10.1136/fmch-2025-003860.
Comparison of BAFF and type I IFN activity in blood and placenta in SLE and healthy pregnancies.,To examine B cell-activating factor (BAFF) and type I interferon (IFN) activity at the transcriptional and protein levels in blood and placental tissue in SLE compared with healthy pregnancies to assess their relationship and to determine whether BAFF levels are associated with pregnancy outcomes in SLE.,2026,2026,Lupus science & medicine,Lupus science & medicine,10.1136/lupus-2026-002020,https://pubmed.ncbi.nlm.nih.gov/42150848/,"['Autoantibodies', 'Inflammation', 'Lupus Erythematosus, Systemic']","['Humans', 'Female', 'B-Cell Activating Factor', 'Pregnancy', 'Lupus Erythematosus, Systemic', 'Placenta', 'Adult', 'Interferon Type I', 'Pregnancy Complications', 'Leukocytes, Mononuclear', 'Case-Control Studies', 'Interferon-alpha', 'B-Lymphocytes', 'Pregnancy Outcome', 'Antibodies, Antinuclear', 'Young Adult']","['Agnes Torell', 'Kerstin Andersson', 'Iva Gunnarsson', 'Elisabet Svenungsson', 'Agneta Zickert', 'Maria Majczuk Sennström', 'Estelle Trysberg', 'Anders A Bengtsson', 'Andreas Jönsen', 'Helena Strevens', 'Christopher Sjöwall', 'Muna Saleh', 'Sofia Pihl', 'Dag Leonard', 'Lars Ronnblom', 'Tansim Akhter', 'Fariba Roshanzamir', 'Henrik Zetterberg', 'Johan Bylund', 'Bo Jacobsson', 'Anna Rudin', 'Anna-Carin Lundell', 'Marit Stockfelt']",42150848,Lupus science & medicine. 2026 May 18. 13(1). doi: 10.1136/lupus-2026-002020.,19-05-2026,,,Agnes Torell,Lupus science & medicine. 2026 May 18. 13(1). doi: 10.1136/lupus-2026-002020.
"Assessing central nervous system contributions to accelerate musculoskeletal pain diagnosis and treatment (AsCent): protocol for a mixed-method, prospective observational study.","Chronic musculoskeletal pain often extends beyond pathology alone. Augmented central pain processing is linked to pain severity, persistence and treatment outcomes. A practical clinical tool is needed to identify individuals likely to have persistent or worsening pain, likely due to augmented central pain mechanisms. Quantitative Sensory Testing (QST) offers mechanistic insight, while the Central Aspects of Pain (CAP) Questionnaire captures symptom profiles that potentially reflect central mechanisms. Combining a brief clinical QST protocol with CAP may support early risk stratification and guide personalised pain management.",2026,2026,BMJ open,BMJ open,10.1136/bmjopen-2025-115860,https://pubmed.ncbi.nlm.nih.gov/42150838/,"['Back pain', 'Chronic Pain', 'Musculoskeletal disorders', 'PAIN MANAGEMENT', 'RHEUMATOLOGY']","['Humans', 'Prospective Studies', 'Musculoskeletal Pain', 'Pain Measurement', 'Observational Studies as Topic', 'Surveys and Questionnaires', 'Central Nervous System', 'Pain Management', 'Chronic Pain', 'Female', 'Research Design', 'Pain Threshold']","['Georgia Clay', 'Stevie Vanhegan', 'Caroline Abbott', 'Fiona A Pearce', 'Fiona Moffatt', 'Kirsty Bannister', 'Thomas Graven-Nielsen', 'David A Walsh', 'Stephanie L Smith']",42150838,BMJ open. 2026 May 18. 16(5):e115860. doi: 10.1136/bmjopen-2025-115860.,19-05-2026,,,Georgia Clay,BMJ open. 2026 May 18. 16(5):e115860. doi: 10.1136/bmjopen-2025-115860.
Type 3 hybrid effectiveness-implementation study implementing and evaluating the Comprehensive High-dose Aphasia Treatment (CHAT) programme in Australian rehabilitation services: a protocol.,"The Comprehensive High-dose Aphasia Treatment (CHAT) programme is an intensive comprehensive aphasia programme, which aims to address evidence-practice gaps in aphasia rehabilitation where there are known barriers to service delivery requiring implementation strategies. The aims of this study are to (1) evaluate the clinical implementation of the CHAT programme, (2) assess the clinical effectiveness of CHAT compared with usual care in rehabilitation services and (3) determine whether the real-world implementation of CHAT compared with usual care is cost-effective.",2026,2026,BMJ open,BMJ open,10.1136/bmjopen-2026-117575,https://pubmed.ncbi.nlm.nih.gov/42150834/,"['Implementation Science', 'REHABILITATION MEDICINE', 'Speech pathology', 'Stroke']","['Humans', 'Aphasia', 'Australia', 'Cost-Benefit Analysis', 'Program Evaluation', 'Language Therapy']","['Marie-Pier McSween', 'Jade K Dignam', 'Kirstine Shrubsole', 'Rachel Levine', 'Emma Power', 'Natasha A Lannin', 'Sarah J Wallace', 'Dominique A Cadilhac', 'Monique F Kilkenny', 'Annie J Hill', 'Brooke J Ryan', 'David A Copland']",42150834,BMJ open. 2026 May 18. 16(5):e117575. doi: 10.1136/bmjopen-2026-117575.,19-05-2026,,,Marie-Pier McSween,BMJ open. 2026 May 18. 16(5):e117575. doi: 10.1136/bmjopen-2026-117575.
Determinants of Nutritional Status among Children under 5 years in India: A Cross-sectional Analysis of the National Family Health Survey 2019-2021.,This study aims at understanding the important correlates of child undernutrition in India using a quantile regression approach.,2026,2026,BMJ open,BMJ open,10.1136/bmjopen-2025-114078,https://pubmed.ncbi.nlm.nih.gov/42150832/,"['Body Mass Index', 'India', 'Nutrition']","['Humans', 'India', 'Cross-Sectional Studies', 'Infant', 'Child, Preschool', 'Nutritional Status', 'Female', 'Male', 'Infant, Newborn', 'Health Surveys', 'Thinness', 'Growth Disorders', 'Child Nutrition Disorders', 'Adult', 'Breast Feeding', 'Socioeconomic Factors', 'Family Characteristics']","['Akancha Singh', 'Neha Shri', 'Saurabh Singh']",42150832,BMJ open. 2026 May 18. 16(5):e114078. doi: 10.1136/bmjopen-2025-114078.,19-05-2026,,,Akancha Singh,BMJ open. 2026 May 18. 16(5):e114078. doi: 10.1136/bmjopen-2025-114078.
What are the views of cancer care administrators and clinicians in England on the use of a machine learning clinical decision support system (ML-CDSS) to predict patients' risk of hepatic and renal deterioration during chemotherapy? A qualitative study.,To explore administrators' and clinicians' views on the factors that influence their use and adoption of a machine learning clinical decision support system (ML-CDSS) to predict patients' risk of hepatic and renal deterioration during chemotherapy.,2026,2026,BMJ open,BMJ open,10.1136/bmjopen-2025-107197,https://pubmed.ncbi.nlm.nih.gov/42150828/,"['Change management', 'Clinical Decision-Making', 'Health Services', 'Implementation Science', 'Machine Learning', 'Pharmacists']","['Humans', 'Decision Support Systems, Clinical', 'Qualitative Research', 'England', 'Machine Learning', 'Female', 'Male', 'Neoplasms', 'Focus Groups', 'Attitude of Health Personnel', 'Antineoplastic Agents', 'Middle Aged', 'Risk Assessment', 'Adult', 'Administrative Personnel', 'Chemical and Drug Induced Liver Injury']","['Angelo Ercia', 'Mary Yip', 'Charlotte Reed', 'Luke Steventon', 'Clare Geoghegan', 'Matthew Watson', 'Christopher Kennelly', 'Pinkie Chambers', 'Noura Al Moubayed']",42150828,BMJ open. 2026 May 18. 16(5):e107197. doi: 10.1136/bmjopen-2025-107197.,19-05-2026,,,Angelo Ercia,BMJ open. 2026 May 18. 16(5):e107197. doi: 10.1136/bmjopen-2025-107197.
Determinants of the choice of delivery mode in pregnant women: a convergent parallel mixed-methods study protocol.,"The mode of delivery is one of the most critical decisions in maternal care, influenced by psychological, social, cultural and medical factors. Despite the known benefits of vaginal delivery, the caesarean section rate (40%-55%) in Iran remains significantly higher than the WHO's recommended level (10%-15%). Fear of childbirth, anxiety, social norms and misinformation are among the key determinants shaping women's delivery preferences. Understanding these factors is essential for developing effective interventions to promote informed decision-making and reduce unnecessary caesarean sections. Thus, the study aims to assess the determinants of the choice of delivery mode in pregnant women.",2026,2026,BMJ open,BMJ open,10.1136/bmjopen-2025-112693,https://pubmed.ncbi.nlm.nih.gov/42150827/,"['Cesarean Section', 'Pregnant Women', 'Reproductive medicine']","['Humans', 'Female', 'Pregnancy', 'Iran', 'Delivery, Obstetric', 'Pregnant People', 'Cross-Sectional Studies', 'Choice Behavior', 'Anxiety', 'Adult', 'Research Design', 'Surveys and Questionnaires', 'Qualitative Research', 'Fear', 'Parturition', 'Cesarean Section', 'Patient Preference']","['Shirin Osouli-Tabrizi', 'Somayeh Abdolalipour', 'Fatemeh Ahadi Yulgunloo', 'Mahsa Maghalian', 'Mojgan Mirghafourvand']",42150827,BMJ open. 2026 May 18. 16(5):e112693. doi: 10.1136/bmjopen-2025-112693.,19-05-2026,,,Shirin Osouli-Tabrizi,BMJ open. 2026 May 18. 16(5):e112693. doi: 10.1136/bmjopen-2025-112693.
Finnish physicians' attitudes towards euthanasia and physician-assisted suicide: a nationwide cross-sectional study.,To study Finnish physicians' attitudes and opinions toward euthanasia and physician-assisted suicide (PAS).,2026,2026,BMJ open,BMJ open,10.1136/bmjopen-2026-117077,https://pubmed.ncbi.nlm.nih.gov/42150826/,"['Death', 'MEDICAL ETHICS', 'Physicians', 'Surveys and Questionnaires']","['Humans', 'Cross-Sectional Studies', 'Finland', 'Suicide, Assisted', 'Attitude of Health Personnel', 'Female', 'Male', 'Euthanasia', 'Physicians', 'Middle Aged', 'Adult', 'Surveys and Questionnaires']","['Reetta P Piili', 'Elina Tolvanen', 'Minna Hökkä', 'Jukka Vänskä', 'Pekka Louhiala', 'Juho T Lehto']",42150826,BMJ open. 2026 May 18. 16(5):e117077. doi: 10.1136/bmjopen-2026-117077.,19-05-2026,,,Reetta P Piili,BMJ open. 2026 May 18. 16(5):e117077. doi: 10.1136/bmjopen-2026-117077.
Blended adapted sailing therapy with telerehabilitation for rare skeletal disorders: protocol for a pilot randomised controlled feasibility trial in Italy (PaS2-EXTEND).,"Rare skeletal disorders (RSDs) cause lifelong functional impairment, chronic pain and reduced quality of life. Evidence-based rehabilitation strategies remain underdeveloped, particularly for adolescents and young adults. We previously demonstrated preliminary feasibility of a 5-day adapted sailing intervention but observed benefit attenuation at 3-month follow-up. This pilot trial evaluates feasibility, acceptability and safety of intensive adapted sailing therapy followed by home-based telerehabilitation maintenance versus telerehabilitation alone.",2026,2026,BMJ open,BMJ open,10.1136/bmjopen-2025-114628,https://pubmed.ncbi.nlm.nih.gov/42150824/,"['Bone diseases', 'Feasibility Studies', 'Patient Reported Outcome Measures', 'Randomized Controlled Trial', 'Rare Diseases', 'Wearable Devices']","['Humans', 'Pilot Projects', 'Adolescent', 'Telerehabilitation', 'Feasibility Studies', 'Italy', 'Young Adult', 'Adult', 'Child', 'Prospective Studies', 'Quality of Life', 'Male', 'Female', 'Exercise Therapy', 'Randomized Controlled Trials as Topic']","['Manila Boarini', 'Federico Banchelli', 'Davide Scognamiglio', 'Giuseppina Mariagrazia Farella', 'Daniela Platano', 'Serena Rizzo', 'Ugo Cavina', 'Giulia Rogati', 'Roberto Ramaglia Amadasi', 'Giacomo Villa', 'Alberto Leardini', 'Lisa Berti', 'Silvana Sartini', 'Luciano Magnanelli', 'Alessandra Locatelli', 'Annalisa Maddalena Scopinaro', 'Luca Sangiorgi']",42150824,BMJ open. 2026 May 18. 16(5):e114628. doi: 10.1136/bmjopen-2025-114628.,19-05-2026,,,Manila Boarini,BMJ open. 2026 May 18. 16(5):e114628. doi: 10.1136/bmjopen-2025-114628.
Preparation for online psychological therapy for depression in people living with and beyond cancer in East Midlands NHS primary and secondary care services in England: protocol for the PROSPER randomised controlled trial.,"Depression is up to four times more common among individuals with cancer compared with the general population. Psychological therapies are effective in treating depression among patients in cancer care, but access is often delayed, which can exacerbate symptoms, increase dropout and reduce therapeutic effectiveness. This study evaluates the clinical and cost-effectiveness of a therapy preparation intervention (TPI) designed to enhance engagement and outcomes among patients awaiting psychological therapy in cancer care.",2026,2026,BMJ open,BMJ open,10.1136/bmjopen-2025-108442,https://pubmed.ncbi.nlm.nih.gov/42150821/,"['Depression & mood disorders', 'ONCOLOGY', 'Randomized Controlled Trial']","['Humans', 'England', 'Depression', 'Single-Blind Method', 'Neoplasms', 'Cost-Benefit Analysis', 'Quality of Life', 'Randomized Controlled Trials as Topic', 'Secondary Health Care', 'State Medicine', 'Multicenter Studies as Topic', 'Adult', 'Psychotherapy', 'Primary Health Care', 'Male', 'Female']","['Clement Boutry', 'Paulina Hagyari-Donaldson', 'Adam Hill', 'Fallon Mauger', 'Chloe Mays', 'Catherine Macauley', 'Melissa Covington', 'Rebecca Wynn', 'Karen Simpson', 'Melanie Cordrey', 'Fred Higton', 'Charlotte L Hall', 'Nima Moghaddam', 'Richard Morriss', 'James Rathbone', 'Boliang Guo', 'Shireen Patel', 'Sam Malins']",42150821,BMJ open. 2026 May 18. 16(5):e108442. doi: 10.1136/bmjopen-2025-108442.,19-05-2026,,,Clement Boutry,BMJ open. 2026 May 18. 16(5):e108442. doi: 10.1136/bmjopen-2025-108442.
"Empowering women, strengthening support: a quality improvement project to enhance pelvic floor health awareness.","Pelvic floor dysfunction (PFD) is a prevalent yet under-recognised condition among obstetric women, often presenting as urinary incontinence and pelvic organ prolapse. Despite evidence supporting pelvic floor muscle training as an effective first-line management strategy, awareness and service utilisation remain suboptimal. This quality improvement project, conducted at Singapore General Hospital, aimed to enhance PFD awareness among obstetric patients and nursing staff and to increase physiotherapy uptake from a baseline of 0% to 50% within 6 months.The comprehensive root cause analysis identified three critical barriers to physiotherapy utilisation within our department-inadequate screening procedures, insufficient staff and patient education and poorly defined referral processes. A pre-post intervention design was implemented across outpatient, inpatient and postnatal care settings. Interventions included structured patient education through pamphlets, digital media and discharge materials, systematic PFD screening and strengthened referral pathways. Nursing staff received targeted training and physician engagement was integrated in later cycles to improve patient receptivity. Outcomes were assessed through referral rates, completed physiotherapy appointments and pre/post education surveys with nursing staff.Baseline data revealed inconsistent referrals and low health literacy as key barriers. During the first cycle, many antenatal patients deferred physiotherapy until postpartum, highlighting the need for stronger physician involvement. Adjustments in the second cycle, particularly routine counselling by obstetrics doctors, improved patient acceptance and referral compliance. As a result, physiotherapy uptake increased significantly, reaching the target of 50% within 2 months. Nursing staff also demonstrated improved confidence and knowledge in PFD education.This initiative successfully embedded pelvic floor health into standard maternal care, underscoring the importance of education, multidisciplinary collaboration and physician advocacy in overcoming stigma and systemic gaps. It also establishes a sustainable framework for integrating pelvic floor health into maternity care and improving long-term outcomes for women.",2026,2026,BMJ open quality,BMJ open quality,10.1136/bmjoq-2025-003940,https://pubmed.ncbi.nlm.nih.gov/42150819/,"['Audit and feedback', 'Education', 'Healthcare quality improvement', 'Maternal Health Services', 'PDSA']","['Humans', 'Female', 'Quality Improvement', 'Adult', 'Singapore', 'Pelvic Floor', 'Pelvic Floor Disorders', 'Pregnancy', 'Surveys and Questionnaires', 'Empowerment']","['Rachel Phoy Cheng Chun', 'Wan Lin Goh', 'Khaing Mon Nanda Kyaw Isabella', 'Jason Shau Khng Lim']",42150819,BMJ open quality. 2026 May 18. 15(2). doi: 10.1136/bmjoq-2025-003940.,19-05-2026,,,Rachel Phoy Cheng Chun,BMJ open quality. 2026 May 18. 15(2). doi: 10.1136/bmjoq-2025-003940.
Improving pneumococcal vaccination uptake in a residency clinic: a case-inspired QI initiative aligned with updated CDC guidelines.,,2026,2026,BMJ open quality,BMJ open quality,10.1136/bmjoq-2025-003878,https://pubmed.ncbi.nlm.nih.gov/42150818/,"['Patient-centred care', 'Quality improvement', 'Root cause analysis', 'Teamwork']","['Humans', 'Pneumococcal Vaccines', 'United States', 'Internship and Residency', 'Quality Improvement', 'Vaccination', 'Centers for Disease Control and Prevention, U.S.', 'Male', 'Aged', 'Middle Aged', 'Female', 'Pneumococcal Infections', 'Adult']","['Roshani Bista', 'Ashley Genevieve Ceniceros', 'Adebisi Alli']",42150818,BMJ open quality. 2026 May 18. 15(2). doi: 10.1136/bmjoq-2025-003878.,19-05-2026,,,Roshani Bista,BMJ open quality. 2026 May 18. 15(2). doi: 10.1136/bmjoq-2025-003878.
"Patient perspectives of multimodal prehabilitation for ovarian cancer with surgical intent: a multicentre qualitative evaluation of acceptability, barriers and facilitators for participation.","To carry out a qualitative evaluation of personalised, multimodal prehabilitation for patients with advanced ovarian cancer in the UK, to inform the design and implementation of future programmes worldwide.",2026,2026,BMJ open quality,BMJ open quality,10.1136/bmjoq-2025-003677,https://pubmed.ncbi.nlm.nih.gov/42150817/,"['Obstetrics and gynecology', 'Patient Participation', 'Patient-centred care', 'Qualitative research', ""Women's health""]","['Humans', 'Female', 'Middle Aged', 'Aged', 'Qualitative Research', 'Ovarian Neoplasms', 'Adult', 'Aged, 80 and over', 'United Kingdom', 'Preoperative Care', 'Interviews as Topic', 'Patient Acceptance of Health Care', 'Patient Participation', 'Preoperative Exercise']","['Josh Courtney McMullan', 'Denitza Williams', 'Rhiannon Phillips', 'Jonathan Frost', 'Claire Newton', 'Rosalind Jones', 'Sadie Jones']",42150817,BMJ open quality. 2026 May 18. 15(2). doi: 10.1136/bmjoq-2025-003677.,19-05-2026,,,Josh Courtney McMullan,BMJ open quality. 2026 May 18. 15(2). doi: 10.1136/bmjoq-2025-003677.
Factors influencing access to primary healthcare services for refugee children under five in the Palestinian West Bank: a qualitative study with female caregivers.,"Palestinian refugee children under five face social, economic and political challenges that may affect their access to primary healthcare (PHC) services. This study aimed to explore barriers to and facilitators of access to PHC services for refugee children under five in the north of the West Bank.",2026,2026,BMJ global health,BMJ global health,10.1136/bmjgh-2025-023124,https://pubmed.ncbi.nlm.nih.gov/42150816/,"['Child health', 'Health Services Accessibility']","['Humans', 'Refugees', 'Health Services Accessibility', 'Female', 'Qualitative Research', 'Primary Health Care', 'Caregivers', 'Middle East', 'Child, Preschool', 'Arabs', 'Adult', 'Interviews as Topic', 'Infant', 'Middle Aged']","['Sari Taha', 'Haya Ayoub', 'Reem Sawafta', 'Ahmed Beshtawi', 'Noor Adas', 'Faisal Saleh', 'Hasan S Ayoub', 'Hasan Khouli', 'Dima Malhis']",42150816,BMJ global health. 2026 May 18. 11(5). doi: 10.1136/bmjgh-2025-023124.,19-05-2026,,,Sari Taha,BMJ global health. 2026 May 18. 11(5). doi: 10.1136/bmjgh-2025-023124.
Assessing mpox knowledge and sexual behaviours within high-risk populations in the Democratic Republic of the Congo.,"Historically, the Democratic Republic of the Congo (DRC) has faced the greatest public health burden from mpox, including more than 70 000 probable cases from 1 January 2024 to 2 February 2025. However, there has been a relative paucity of investigation focused on mpox community engagement in DRC, including assessments of disease knowledge and risk perception.",2026,2026,BMJ global health,BMJ global health,10.1136/bmjgh-2025-019865,https://pubmed.ncbi.nlm.nih.gov/42150814/,"['Community-based survey', 'Global Health', 'Health Services Accessibility', 'Infections, diseases, disorders, injuries']","['Humans', 'Democratic Republic of the Congo', 'Male', 'Health Knowledge, Attitudes, Practice', 'Female', 'Adult', 'Sexual Behavior', 'Young Adult', 'Middle Aged', 'Adolescent', 'Sexually Transmitted Diseases', 'Risk-Taking']","['Candice Lemaille', 'Megan Halbrook', 'Sydney Merritt', 'Yvon Anta', 'Lygie Lunyanga', 'Patrick K Mukadi', 'Emmanuel Hasivirwe Vakaniaki', 'Thierry Kalonji', 'Michel Kenye', 'Cris Kacita', 'Sylvie Linsuke', 'Isaac I Bogoch', 'Muge Cevik', 'Gregg S Gonsalves', 'Mikayla Hunter', 'Laurens Liesenborghs', 'Souradet Y Shaw', 'Robert L Shongo', 'Lisa E Hensley', 'Nicole A Hoff', 'Anne W Rimoin', 'Placide Mbala-Kingebeni', 'Jason Kindrachuk']",42150814,BMJ global health. 2026 May 18. 11(5). doi: 10.1136/bmjgh-2025-019865.,19-05-2026,,,Candice Lemaille,BMJ global health. 2026 May 18. 11(5). doi: 10.1136/bmjgh-2025-019865.
Barrier check study: why predictive machine learning struggles to reach the operating room.,Machine learning (ML) has the potential to enhance surgical decision-making through real-time risk prediction and personalised care yet clinical implementation remains limited. This study aimed to identify and categorise the key barriers to implementing ML tools in surgical practice.,2026,2026,BMJ health & care informatics,BMJ health & care informatics,10.1136/bmjhci-2025-101910,https://pubmed.ncbi.nlm.nih.gov/42150783/,"['Artificial intelligence', 'Decision Support Systems, Clinical', 'Electronic Health Records']","['Machine Learning', 'Humans', 'Operating Rooms', 'Qualitative Research', 'Surveys and Questionnaires']","['Sara Ben Hmido', 'Chiara Garita', 'Frank Bloemers', 'Sietske Rozie', 'Kak Khee Yeung', 'Geert Kazemier', 'Freek Daams']",42150783,BMJ health & care informatics. 2026 May 18. 33(1). doi: 10.1136/bmjhci-2025-101910.,19-05-2026,,,Sara Ben Hmido,BMJ health & care informatics. 2026 May 18. 33(1). doi: 10.1136/bmjhci-2025-101910.
European Society of Cardiology: cardiovascular disease statistics 2025.,"This 2025 report from the ESC Atlas project is the fifth in a biennial series. It presents and compares updated cardiovascular disease (CVD) statistics for more than 50 of the ESC member countries. The statistics are for 2024 or latest available year and are stratified by sex and World Bank national income status to identify inequalities in the risk, management, and outcomes of CVD across ESC member countries. A key objective of the ESC Atlas project has been to inform EU-level policy initiatives aimed at reducing the burden of CVD, contributing to the evidence base underpinning the European Union's cardiovascular health plan (""Safe Hearts Plan""), adopted in December 2025. Population ageing is a major contributor to the continuing high prevalence of CVD across ESC member countries. The Atlas reports 68 million disability-adjusted life years attributable to CVD in association with more than 3 million deaths per year. These statistics identify CVD as the leading cause of death across ESC member countries. However, substantial variation exists by national income status, with middle-income countries exhibiting age-standardized mortality rates that are roughly twice those observed in high-income countries. Marked disparities in healthcare delivery-particularly in workforce capacity and access to advanced interventions-are also evident. These inequalities by national income status are recurrent throughout this Atlas report. They highlight clear priorities for policymakers as they develop strategies to reduce the burden of CVD in the regions where the need is greatest. This 2025 report provides a detailed picture of the complex interplay between demography, the environment, socio-economic status, and clinical factors in shaping cardiovascular (CV) risk. It underscores how the progress that has been made in reducing the CVD burden across ESC member countries is at risk of being offset by new challenges, particularly the epidemic of obesity and diabetes that continues to undermine CV health. The findings presented in this report emphasize the need for coordinated policies to combat these challenges in order to sustain the progress that has been made in reducing the burden of CVD across ESC member countries.",2026,2026,European heart journal,European heart journal,10.1093/eurheartj/ehag345,https://pubmed.ncbi.nlm.nih.gov/42150766/,"['Cardiovascular disease', 'European Society of Cardiology', 'Health infrastructure', 'Mortality', 'Risk factors', 'Service provision', 'Statistics']",[],"['Adam Timmis', 'Steffen E Petersen', 'Eric Van Belle', 'Nick Townsend', 'Nathalie Conrad', 'Agnieszka Kaplon-Cieslicka', 'Denis Kazakiewicz', 'Maryam Kavousi', 'Marta Cvijic', 'Barbara Ignatiuk', 'Aleksandra Torbica', 'Daniel Scherr', 'Giuseppe Boriani', 'Alaide Chieffo', 'Efstratios Karagiannidis', 'Susanna Price', 'Helmut Puererfellner', 'Angela Wood', 'Thomas F Lüscher', 'Panos E Vardas', 'ESC Public Health Department', 'ESC National Cardiac Societies']",42150766,European heart journal. 2026 May 19. doi: 10.1093/eurheartj/ehag345.,19-05-2026,,,Adam Timmis,European heart journal. 2026 May 19. doi: 10.1093/eurheartj/ehag345.
Upper and Lower Respiratory Tract Compartmentalization in Pediatric Stem Cell Transplantation.,"Lung injury after hematopoietic stem cell transplantation (HCT) occurs due to infection, chemotherapy toxicity, and alloreactive inflammation. Analyses of bronchoalveolar lavage (BAL) fluid have revealed dominant pathobiologic signatures, but minimally-invasive diagnostics are needed.",2026,2026,American journal of respiratory cell and molecular biology,American journal of respiratory cell and molecular biology,10.1093/ajrcmb/aanag106,https://pubmed.ncbi.nlm.nih.gov/42150759/,"['Bronchoalveolar Lavage', 'Hematopoietic Stem Cell Transplantation', 'Immunocompromised Host', 'Intensive Care Units', 'Pediatric', 'Transcriptome']",[],"['Erica M Evans', 'Madeline Y Mayday', 'Emma M Pearce', 'Kensho Iwanaga', 'Ngoc P Ly', 'Gwynne D Church', 'Gustavo Reyes', 'Miriam R Simon', 'Jacob Blum', 'Hanna Kim', 'Jessica Mu', 'Jazmin Baez-Maidana', 'Jeffrey J Auletta', 'Peter J Shaw', 'Erin M Kreml', 'Paul L Martin', 'Christine N Duncan', 'Courtney M Rowan', 'Kamar Godder', 'Caitlin Hurley', 'Geoffrey D E Cuvelier', 'Muna Qayed', 'Hisham Abdel-Azim', 'Amy K Keating', 'Julie C Fitzgerald', 'Rabi Hanna', 'James S Killinger', 'Janet R Hume', 'Troy C Quigg', 'Paul Castillo', 'Prakash Satwani', 'Theodore B Moore', 'Christopher C Dvorak', 'Matt S Zinter', 'Pediatric Transplantation And Cell Therapy Consortium']",42150759,American journal of respiratory cell and molecular biology. 2026 May 19. doi: 10.1093/ajrcmb/aanag106.,19-05-2026,,,Erica M Evans,American journal of respiratory cell and molecular biology. 2026 May 19. doi: 10.1093/ajrcmb/aanag106.
"Long-acting injectable cabotegravir HIV PrEP uptake, adherence, and persistence in two large US integrated healthcare systems.","Long-acting cabotegravir (CAB-LA) was approved as HIV pre-exposure prophylaxis (PrEP) in the U.S. in December 2021, but data are limited on uptake, adherence, and persistence in clinical practice.",2026,2026,Journal of acquired immune deficiency syndromes (1999),Journal of acquired immune deficiency syndromes (1999),10.1097/QAI.0000000000003889,https://pubmed.ncbi.nlm.nih.gov/42150757/,[],[],"['Michael W Traeger', 'Wendy A Leyden', 'Lindsay G Eberhart', 'Jonathan E Volk', 'Michael J Silverberg', 'Michael A Horberg', 'Teaniese L Davis', 'Kenneth H Mayer', 'Douglas S Krakower', 'Jessica G Young', 'Samuel M Jenness', 'Julia L Marcus']",42150757,Journal of acquired immune deficiency syndromes (1999). 2026 May 18. doi: 10.1097/QAI.0000000000003889.,19-05-2026,,,Michael W Traeger,Journal of acquired immune deficiency syndromes (1999). 2026 May 18. doi: 10.1097/QAI.0000000000003889.
"The Impact of Taiwan's Nationwide Post-Acute Care Program on Functional Recovery, Healthcare Utilization, and Cost-Effectiveness for Stroke Patients: A Systematic Review and Meta-Analysis.","To synthesize and meta-analyze the clinical and economic impacts of Taiwan's nationwide Post-Acute Care for Cerebrovascular Disease (PAC-CVD) program regarding functional recovery, healthcare utilization, and cost-effectiveness within a single-payer system.",2026,2026,Archives of physical medicine and rehabilitation,Archives of physical medicine and rehabilitation,10.1016/j.apmr.2026.03.014,https://pubmed.ncbi.nlm.nih.gov/42150726/,"['Cost-Effectiveness', 'Meta-Analysis', 'Post-Acute Care', 'Rehabilitation', 'Stroke', 'Systematic Review']",[],"['Chao-Chun Huang', 'Fu An Yang', 'Yi-Ching Chu', 'Ku-Chou Chang', 'Wei-Di Chen', 'Hsuei-Chen Lee']",42150726,Archives of physical medicine and rehabilitation. 2026 May 17. doi: 10.1016/j.apmr.2026.03.014.,19-05-2026,,,Chao-Chun Huang,Archives of physical medicine and rehabilitation. 2026 May 17. doi: 10.1016/j.apmr.2026.03.014.
Exploring the Impact of Antimicrobial Resistance on Sustainable Development Goal 3 in Low- and Middle-Income Countries: A Scoping Review.,"The United Nations Sustainable Development Goals (SDGs) aim to achieve global health equity by 2030. However, antimicrobial resistance (AMR) poses a significant threat to SDG 3, which aims to ensure healthy lives and promote well-being for all. AMR increases morbidity, mortality, and healthcare costs, particularly burdening low- and middle-income countries (LMICs). This study examines how AMR impacts SDG 3 targets in LMICs and identifies key challenges in current policies.",2026,2026,Journal of global antimicrobial resistance,Journal of global antimicrobial resistance,10.1016/j.jgar.2026.05.005,https://pubmed.ncbi.nlm.nih.gov/42150687/,"['Antibiotics', 'Antimicrobial resistance', 'Lower-middle income countries', 'Sustainable developmental goals']",[],"['Nirmal Malik', 'Ali Ahmed']",42150687,Journal of global antimicrobial resistance. 2026 May 17. doi: 10.1016/j.jgar.2026.05.005.,19-05-2026,,,Nirmal Malik,Journal of global antimicrobial resistance. 2026 May 17. doi: 10.1016/j.jgar.2026.05.005.
Developing a preliminarily validated competency-based integrative oncology training questionnaire.,Implementing clinical integrative oncology (IO) guidelines requires training healthcare providers (HCPs). We developed and preliminarily validated a questionnaire assessing baseline core clinical IO competencies (CCC-IO) among HCP trainees.,2026,2026,Journal of pain and symptom management,Journal of pain and symptom management,10.1016/j.jpainsymman.2026.05.007,https://pubmed.ncbi.nlm.nih.gov/42150683/,"['Cancer', 'Competency-based medical education', 'Integrative medicine', 'Integrative oncology', 'Questionnaire', 'Validation']",[],"['Eran Ben-Arye', 'Orit Gressel', 'Elad Schiff', 'Anat Reiner-Benaim', 'Maayan Afri Malin', 'Inas Alawadra', 'Channing J Paller', 'Suzanna M Zick', 'Ines von Rosenstiel', 'Adi David', 'Noah Samuels', 'Nihaya Daoud']",42150683,Journal of pain and symptom management. 2026 May 17. doi: 10.1016/j.jpainsymman.2026.05.007.,19-05-2026,,,Eran Ben-Arye,Journal of pain and symptom management. 2026 May 17. doi: 10.1016/j.jpainsymman.2026.05.007.
Deconstructing White Dot Syndromes - Multimodal Imaging in Uveitis (MUV) Taskforce: Report 11.,"The term white dot syndromes (WDS) has historically grouped multiple non-infectious posterior uveitis (NIPU) entities based on a similar funduscopic appearance of ""white dots."" Despite decades of use, the clinical relevance of this umbrella terminology has been questioned. This perspective critically examines whether WDS remains a valid conceptual and diagnostic construct in the era of advanced retinal and choroidal imaging.",2026,2026,American journal of ophthalmology,American journal of ophthalmology,10.1016/j.ajo.2026.05.006,https://pubmed.ncbi.nlm.nih.gov/42150663/,"['Choroid', 'ICGA', 'Inflammation', 'MUV', 'OCT', 'OCTA', 'Retina', 'SUN', 'Uveitis', 'WDS, white dot syndromes', 'imaging', 'noninfectious posterior uveitis']",[],"['Alessandro Invernizzi', 'Aniruddha Agarwal', 'Lee M Jampol', 'SriniVas R Sadda', 'Luca Cimino', 'Sapna Gangaputra', 'Giovanni Staurenghi', 'Ilknur Tugal-Tutkun', 'Ahmed M Abu El-Asrar', 'Carlos E Pavesio', 'Douglas A Jabs', 'Peter McCluskey', 'Annabelle A Okada', 'Rupesh Agrawal', 'Massimo Accorinti', 'Marc De Smet', 'David Sarraf', 'Vishali Gupta', 'Multimodal Imaging in Uveitis (MUV) Task Force']",42150663,American journal of ophthalmology. 2026 May 17. doi: 10.1016/j.ajo.2026.05.006.,19-05-2026,,,Alessandro Invernizzi,American journal of ophthalmology. 2026 May 17. doi: 10.1016/j.ajo.2026.05.006.
Injuries Associated with Peritoneal Entry Device in Laparoscopic Surgery: An Analysis of Reports to the FDA.,"While laparoscopy provides numerous benefits over open surgery, the initial entry into the peritoneal cavity carries the risk of potentially life-threatening visceral injury. We sought to characterize the burden of entry injuries associated with Veress needle versus direct trocar or other entry method for patients undergoing abdominal surgery.",2026,2026,Journal of minimally invasive gynecology,Journal of minimally invasive gynecology,10.1016/j.jmig.2026.05.009,https://pubmed.ncbi.nlm.nih.gov/42150650/,"['MAUDE', 'entry injury', 'laparoscopic entry', 'post-market surveillance']",[],"['Alison C Fitzgerald', 'Louise P King', 'Parmida Maghsoudlou', 'Mobolaji O Ajao', 'Golnaz Namazi', 'Jon I Einarsson']",42150650,Journal of minimally invasive gynecology. 2026 May 17. doi: 10.1016/j.jmig.2026.05.009.,19-05-2026,,,Alison C Fitzgerald,Journal of minimally invasive gynecology. 2026 May 17. doi: 10.1016/j.jmig.2026.05.009.
Prevalence of diabetic kidney disease in Brazil: A systematic review with meta-analysis.,"This systematic review assesses the prevalence of diabetes kidney disease (DKD) in Brazil, examining geographical variations and associated risk factors. Following PRISMA guidelines and PROSPERO registration, searches were conducted in PubMed, EMBASE, and LILACS for studies up to and including December 2025. Two researchers independently performed screening, data extraction, and quality assessment. Pooled prevalence was estimated using a random-effects meta-analysis (generalized linear mixed model). Subgroup analyses included diabetes type, duration, diagnostic criteria, healthcare setting, and region. A total of 46 studies were included (n = 24,893 individuals). The pooled prevalence of DKD among Brazilian adults was 27.06% (95% CI 22.40-32.29; I",2026,2026,Diabetes research and clinical practice,Diabetes research and clinical practice,10.1016/j.diabres.2026.113327,https://pubmed.ncbi.nlm.nih.gov/42150630/,"['Brazil', 'Diabetic nephropathies', 'Prevalence']",[],"['Georgia Martina Chichelero', 'Laura Sperotto Pessil', 'Gabrielle Maganha Viegas', 'Gesner Francisco Xavier Junior', 'Mateus Augusto Dos Reis', 'Andrea Carla Bauer', 'Beatriz D Schaan']",42150630,Diabetes research and clinical practice. 2026 May 17. 113327. doi: 10.1016/j.diabres.2026.113327.,19-05-2026,,,Georgia Martina Chichelero,Diabetes research and clinical practice. 2026 May 17. 113327. doi: 10.1016/j.diabres.2026.113327.
Real-world experience with rituximab for multiple sclerosis treatment in a Brazilian tertiary center.,"Rituximab, an anti-cluster of differentiation 20 (anti-CD20) monoclonal antibody, has been widely used off-label for multiple sclerosis (MS) treatment, demonstrating high effectiveness and a favorable safety profile. However, real-world data from Brazil, particularly within the public healthcare system, remain scarce.",2026,2026,Arquivos de neuro-psiquiatria,Arquivos de neuro-psiquiatria,10.1055/s-0046-1820528,https://pubmed.ncbi.nlm.nih.gov/42150598/,[],"['Humans', 'Rituximab', 'Female', 'Male', 'Adult', 'Brazil', 'Immunologic Factors', 'Tertiary Care Centers', 'Treatment Outcome', 'Middle Aged', 'Multiple Sclerosis', 'Multiple Sclerosis, Relapsing-Remitting', 'Recurrence', 'Disease Progression', 'Retrospective Studies', 'Young Adult']","['Ana Beatriz Simon-Nogueira', 'Arthur Cesário de Holanda', 'Rafael Augusto Rosalem', 'Thiago Ivan Vilchez Santillan', 'Guilherme Diogo Silva', 'Samira Luisa Apostolos-Pereira', 'Tarso Adoni', 'Dagoberto Callegaro', 'Mariana Gondim Spricigo', 'Mateus Boaventura de Oliveira']",42150598,Arquivos de neuro-psiquiatria. 2026 Apr. 84(4):1-9. doi: 10.1055/s-0046-1820528.,19-05-2026,,,Ana Beatriz Simon-Nogueira,Arquivos de neuro-psiquiatria. 2026 Apr. 84(4):1-9. doi: 10.1055/s-0046-1820528.
"True vignettes: interesting, illustrative examples of behavioral abnormalities in people with Parkinson's disease.",Parkinson's disease (PD) and dementia with Lewy bodies (DLB) are neurobehavioral disorders in which behavioral abnormalities are common but often not recognized.,2026,2026,Arquivos de neuro-psiquiatria,Arquivos de neuro-psiquiatria,10.1055/s-0046-1822631,https://pubmed.ncbi.nlm.nih.gov/42150593/,[],"['Humans', 'Parkinson Disease', 'Male', 'Female', 'Aged', 'Lewy Body Disease', 'Middle Aged']","['Joseph H Friedman', 'Umer Akbar', 'Blake Beehler', 'Kelvin L Chou', 'Leslie J Cloud', 'Andres Deik', 'Rebecca Gilbert', 'Stephen N Gomperts', 'John L Goudreau', 'Steven A Gunzler', 'Karlo Lizarraga', 'Irene Malaty', 'Carine W Maurer', 'Janis Miyasaki', 'Nisa Mohammed', 'John C Morgan', 'Renato P Munhoz', 'Gian Pal', 'Lisa Shulman', 'David Simon', 'Gregory Pontone']",42150593,Arquivos de neuro-psiquiatria. 2026 May. 84(5):1-6. doi: 10.1055/s-0046-1822631.,19-05-2026,,,Joseph H Friedman,Arquivos de neuro-psiquiatria. 2026 May. 84(5):1-6. doi: 10.1055/s-0046-1822631.
"Safety and efficacy of astegolimab for COPD with frequent exacerbations regardless of baseline blood eosinophil counts (ALIENTO and ARNASA): randomised, double-blind, placebo-controlled, phase 2b and 3 trials.","Interleukin-33 and its receptor, ST2, are implicated in neutrophilic and eosinophilic inflammation during chronic obstructive pulmonary disease (COPD) exacerbations. We aimed to assess the efficacy and safety of astegolimab, an anti-ST2 human IgG2 monoclonal antibody, which were evaluated in two COPD pivotal trials.",2026,2026,"Lancet (London, England)","Lancet (London, England)",10.1016/S0140-6736(26)00637-9,https://pubmed.ncbi.nlm.nih.gov/42150581/,[],[],"['Alberto Papi', 'Neil J Greening', 'Surya P Bhatt', 'Nicolas Roche', 'Bartolome Celli', 'Jadwiga A Wedzicha', 'Àlvar Agustí', 'Ruth Tal-Singer', 'MeiLan K Han', 'Wim Janssens', 'Nicola A Hanania', 'Parameswaran Nair', 'Peter Bremner', 'Konstantinos Porpodis', 'Yoko Shibata', 'Stephanie Korn', 'Ting Yang', 'Oliver Gordon', 'Rebecca Saenz', 'Julie Ng', 'Dorothy S Cheung', 'Jacob Devine', 'Michele A Grimbaldeston', 'Wenhui Zhang', 'Xiaoying Yang', 'Divya Mohan', 'Claus F Vogelmeier', 'Christopher E Brightling', 'ALIENTO and ARNASA investigators']",42150581,"Lancet (London, England). 2026 May 18. doi: 10.1016/S0140-6736(26)00637-9.",19-05-2026,,,Alberto Papi,"Lancet (London, England). 2026 May 18. doi: 10.1016/S0140-6736(26)00637-9."
"Portuguese Translation, Validity and Psychometric Evaluation of the Healthcare Professional Knowledge of Radiation Protection Scale.","This study aimed to validate the Portuguese version of the Healthcare Professional Knowledge of Radiation Protection (HPKRP) scale to assess knowledge of radiation protection among healthcare workers exposed to ionizing radiation. The increasing use of radiation in medicine raises concerns about potential side effects, not only for patients but also for professionals operating the equipment. Appropriate and well-constructed instruments are essential to generate structured and interpretable findings and quantifiable outcomes that support improvements in knowledge, attitudes, and practices.&#xD;Methods: A descriptive correlational cross-sectional study was conducted electronically using a Google Forms survey between March 2025 and July 2025. Participants included nurses, doctors, dentists, and radiographers who use a personal dosimeter. The Portuguese version of the HPKRP was developed using translation and back-translation procedures, followed by statistical validation. Internal consistency, item-total correlations, and regression analyses were performed using IBM SPSS (version 30).&#xD;Results: A total of 247 valid responses were analysed. The scale demonstrated very high internal consistency (Cronbach's alpha = 0.983). Item-total correlations ranged from 0.568 to 0.890, confirming strong internal consistency. Radiographers reported the highest perceived knowledge, while nurses scored lowest. Knowledge gaps were identified particularly in areas related to radiation physics (formulas and units of measurement) and reporting of adverse events. Training in radiation protection was significantly associated with higher scores (p < 0.001).&#xD;Conclusions: The Portuguese version of the HPKRP scale demonstrates high internal consistency and provides preliminary evidence of reliability for assessing healthcare professionals' self-perceived knowledge of radiation protection. However, as a subjective measure, it does not reflect objective knowledge or clinical competence and should be interpreted with caution. The instrument may be useful for identifying perceived knowledge gaps and supporting educational strategies when used in combination with objective assessment methods.&#xD.",2026,2026,Journal of radiological protection : official journal of the Society for Radiological Protection,Journal of radiological protection : official journal of the Society for Radiological Protection,10.1088/1361-6498/ae6f26,https://pubmed.ncbi.nlm.nih.gov/42150575/,"['HPKRP', 'healthcare knowledge', 'radiation protection']",[],"['Belinda Vicente Rodrigues', 'Pedro Lopes', 'Cláudia Machado', 'Javier Flores-Fraile', 'Nélio Veiga']",42150575,Journal of radiological protection : official journal of the Society for Radiological Protection. 2026 May 18. doi: 10.1088/1361-6498/ae6f26.,19-05-2026,,,Belinda Vicente Rodrigues,Journal of radiological protection : official journal of the Society for Radiological Protection. 2026 May 18. doi: 10.1088/1361-6498/ae6f26.
[Documentation of biological treatment in asthma].,"Biologics are the first-line treatment for patients with severe, poorly controlled asthma and can lead to a significant reduction (or even complete avoidance) of exacerbations and the need for systemic corticosteroids - which are associated with numerous side effects - as well as to a marked improvement in asthma control and lung function in severe asthma. Due to the high annual costs of biologic therapy, there is a legitimate interest on the part of payers in the cost-effective use of biologics for severe asthma in accordance with guidelines and regulatory approvals; conversely, there is a legitimate interest on the part of treating physicians in prescribing these biologics in a manner that protects them from liability claims.",2026,2026,"Pneumologie (Stuttgart, Germany)","Pneumologie (Stuttgart, Germany)",10.1055/a-2842-7870,https://pubmed.ncbi.nlm.nih.gov/42150563/,[],[],"['Marek Lommatzsch', 'Roland Buhl', 'Randolf Brehler', 'Eckard Hamelmann', 'Marcus Joest', 'Kristin Aufm Kampe', 'Stephanie Korn', 'Sabine Lampert', 'Norbert Mülleneisen', 'Christian Taube', 'Jordis Trischler', 'Christian Vogelberg', 'Florian Schmitz', 'Ludger Klimek']",42150563,"Pneumologie (Stuttgart, Germany). 2026 May 18. doi: 10.1055/a-2842-7870.",19-05-2026,,,Marek Lommatzsch,"Pneumologie (Stuttgart, Germany). 2026 May 18. doi: 10.1055/a-2842-7870."
Advances in Nanotechnology for Addressing Biofilm-related Challenges in Medical Devices.,"Medical device-associated infections remain a major clinical challenge due to the rapid formation of microbial biofilms on device and implant surfaces. Biofilms are estimated to be involved in approximately 65% of microbial infections and up to 80% of chronic infections. Once established on device surfaces, these biofilms exhibit profound antibiotic tolerance, making infections difficult to eradicate, prone to relapse, and often necessitating invasive device removal, thereby imposing substantial clinical and economic burdens. These biofilms drive persistent infections that are highly tolerant to systemic antimicrobials because of restricted drug penetration, reduced metabolic activity, and adaptive resistance. Catheter-related bloodstream infections exemplify these impacts, contributing to elevated morbidity, prolonged hospitalization, and increased healthcare costs. When drug therapy fails, device removal is often required but may not be feasible for high-risk patients. Nanotechnology offers an emerging solution through interface-engineered surfaces and targeted antibiofilm strategies. Nanostructured coatings can inhibit initial microbial adhesion, while nanocarriers can penetrate established biofilms and deliver high local concentrations of antimicrobial agents with minimal systemic exposure. This review summarizes the mechanisms of biofilm formation, the limitations of current treatments, and recent advances in nanotechnology-based approaches for preventing and eradicating device-associated biofilms, and discusses the key challenges for clinical translation.",2026,2026,Nanotechnology,Nanotechnology,10.1088/1361-6528/ae6f1a,https://pubmed.ncbi.nlm.nih.gov/42150557/,"['Anti-biofilm formation', 'Medical device-associated infections', 'lipidic nanocapsules', 'metal oxide nanoparticles', 'polymeric nanocolloids']",[],"['Wei Lin', 'Liuyi Jiang', 'Chia-Yu Chang', 'Adilet Beishenaliev', 'Yean Leng Loke', 'Yin Yin Teo', 'Malarmugila Manimaran', 'Chih-Yu Yang', 'Chiun-Jye Yuan', 'Bey Fen Leo', 'Lik Voon Kiew', 'Chia-Ching Chang']",42150557,Nanotechnology. 2026 May 18. doi: 10.1088/1361-6528/ae6f1a.,19-05-2026,,,Wei Lin,Nanotechnology. 2026 May 18. doi: 10.1088/1361-6528/ae6f1a.
Factors associated with dropout from health facility childbirth after antenatal care booking in Ethiopia: A systematic review and meta-analysis.,"When women dropped from health facility delivery after ANC-booking, they missed proper care that could enhance their own health and that of their newborn. The aim of this study is to systematically review the available literature to determine the pooled prevalence and associated factors of dropouts from health facility childbirth among ANC-booked women in Ethiopia.",2026,2026,Sexual & reproductive healthcare : official journal of the Swedish Association of Midwives,Sexual & reproductive healthcare : official journal of the Swedish Association of Midwives,10.1016/j.srhc.2026.101229,https://pubmed.ncbi.nlm.nih.gov/42150519/,"['ANC dropout', 'Continuum of care', 'Dropout', 'Ethiopia', 'Home birth', 'Pregnant women']",[],"['Gedion Asnake Azeze', 'Berhan Tsegaye Negash', 'Yordanos Sisay Asgedom', 'Atitegeb Alebachew Amsalu', 'Sintayehu Solomon Kena', 'Amanuel Yosef Gebrekidan', 'Tewodros Getachew Tsegaye', 'Gizachew Ambaw Kassie', 'Kirubel Eshetu Haile']",42150519,Sexual & reproductive healthcare : official journal of the Swedish Association of Midwives. 2026 May 14. 48:101229. doi: 10.1016/j.srhc.2026.101229.,19-05-2026,,,Gedion Asnake Azeze,Sexual & reproductive healthcare : official journal of the Swedish Association of Midwives. 2026 May 14. 48:101229. doi: 10.1016/j.srhc.2026.101229.
Facilitators and barriers in developing research capacity among clinical nurses: A systematic review.,"Nursing research is essential for advancing evidence-based practice and improving patient care. With the continuous advancement of healthcare, the demand for clinical nurses' research capacity has increased, making it crucial to better understand their research capacity to guide education, practice, and overcome research challenges.",2026,2026,Nurse education today,Nurse education today,10.1016/j.nedt.2026.107170,https://pubmed.ncbi.nlm.nih.gov/42150509/,"['Facilitators and barriers', 'Nursing research', 'Research capacity', 'Systematic review']",[],"['Yunhong Lei', 'Luhuan Yang', 'Li Wang', 'Jiping Tan', 'Rong Zhang', 'Jordan Tovera Salvador']",42150509,Nurse education today. 2026 May 16. 165:107170. doi: 10.1016/j.nedt.2026.107170.,19-05-2026,,,Yunhong Lei,Nurse education today. 2026 May 16. 165:107170. doi: 10.1016/j.nedt.2026.107170.
Performance of large language models on nursing licensure examinations: A systematic review and meta-analysis.,"This systematic review and meta-analysis assessed the performance of large language models (LLMs) in nursing licensure examinations. Despite the increasing use of LLMs in healthcare education, their capabilities in nursing licensure examinations remain uncertain. This study provides evidence on the accuracy and limitations of LLMs to help guide their integration into nursing education and licensure.",2026,2026,Nurse education today,Nurse education today,10.1016/j.nedt.2026.107154,https://pubmed.ncbi.nlm.nih.gov/42150508/,"['Artificial Intelligence', 'Educational measurement', 'Large language models', 'Licensure', 'Nursing', 'Systematic review']",[],"['Isaac Amankwaa', 'Alex Odoom', 'Adams Kasim', 'Emmanuel Kobiah', 'Maximous Diebieri', 'Edward Appiah Boateng', 'Sebastian Gyamfi', 'Caz Hales']",42150508,Nurse education today. 2026 May 12. 165:107154. doi: 10.1016/j.nedt.2026.107154.,19-05-2026,,,Isaac Amankwaa,Nurse education today. 2026 May 12. 165:107154. doi: 10.1016/j.nedt.2026.107154.
Contamination characteristics and airflow regulated transport of microbial aerosols in a hospital respiratory ward.,"Airborne transmission of microbial aerosols in hospital environments has been increasingly recognized as an important factor in healthcare-associated infections. However, their distribution and transmission mechanisms in hospital wards remain unclear. To address this gap, this study investigated a respiratory ward in a hospital in Beijing. An integrated approach combining air impactor sampling, high-throughput sequencing, and computational fluid dynamics modeling was employed to systematically examine microbial concentrations, particle size distributions, community composition, and dispersion behavior under indoor airflow conditions. The results showed that corridors functioned as hotspots for microbial aerosol contamination. More than 50% of culturable particles were smaller than 3.3 μm, indicating the potential for penetration into the alveolar region and subsequent inhalation exposure. Distinct differences were observed between airborne and surface associated microbial communities. Air samples were predominantly characterized by Staphylococcus and Aspergillus, including genera with potential pathogenic relevance, and exhibited concentrated high relative abundance patterns. Numerical simulations further demonstrated that airflow organization critically governs the transport and deposition of aerosols. A health risk assessment based on infection probability revealed that the infection risk exceeds 80% in high‑risk zones, such as the area between the patient bed and the washbasin. Both bacterial and fungal communities displayed pronounced spatial heterogeneity, closely associated with airflow pathways. By integrating field measurements with numerical simulations, this study not only characterizes spatial distributions but also elucidates airflow-driven transport pathways, thereby advancing the mechanistic understanding of microbial aerosol transmission and providing a scientific basis and practical insights for ventilation optimization and infection control.",2026,2026,Journal of hazardous materials,Journal of hazardous materials,10.1016/j.jhazmat.2026.142353,https://pubmed.ncbi.nlm.nih.gov/42150506/,"['Aerosol transmission', 'Air and surface sampling', 'Airflow organization', 'High-throughput sequencing', 'Respiratory ward']",[],"['Lina Hu', 'Zhijian Liu', 'Guangpeng Yao', 'Zikai Shang', 'Chenxing Hu', 'Lianhe Lu', 'Rui Rong', 'Tong Zhou', 'Duo Cai']",42150506,Journal of hazardous materials. 2026 May 11. 512:142353. doi: 10.1016/j.jhazmat.2026.142353.,19-05-2026,,,Lina Hu,Journal of hazardous materials. 2026 May 11. 512:142353. doi: 10.1016/j.jhazmat.2026.142353.
Docetaxel plus ramucirumab immediately after immunotherapy in advanced NSCLC: A phase II study (DRUN).,"Docetaxel plus ramucirumab is a standard second-line treatment for advanced non-small cell lung cancer (NSCLC). Prior immunotherapy has been suggested to potentially affect the efficacy of subsequent docetaxel plus ramucirumab, but prospective evidence is limited.",2026,2026,"Lung cancer (Amsterdam, Netherlands)","Lung cancer (Amsterdam, Netherlands)",10.1016/j.lungcan.2026.109454,https://pubmed.ncbi.nlm.nih.gov/42150483/,"['Docetaxel', 'Immune checkpoint inhibitor', 'Non-small cell lung cancer', 'Ramucirumab', 'Second-line treatment']",[],"['Yuhei Harutani', 'Hiroaki Akamatsu', 'Takeya Sugimoto', 'Toshiaki Takakura', 'Eri Takase', 'Takahiro Kaki', 'Katsuyuki Furuta', 'Ryota Shibaki', 'Keita Nakaguchi', 'Seigo Sasaki', 'Koichi Sato', 'Yuichi Ozawa', 'Yusuke Murakami', 'Atsushi Washioka', 'Kuninobu Kanai', 'Ke Wan', 'Toshio Shimokawa', 'Nobuyuki Yamamoto']",42150483,"Lung cancer (Amsterdam, Netherlands). 2026 May 12. 217:109454. doi: 10.1016/j.lungcan.2026.109454.",19-05-2026,,,Yuhei Harutani,"Lung cancer (Amsterdam, Netherlands). 2026 May 12. 217:109454. doi: 10.1016/j.lungcan.2026.109454."
Bridging or widening the gap? The roles of telehealth and health-related social media use in the association between healthcare barriers and perceived quality of care among older adults.,"With the rapid growth of the aging population, ensuring high perceived quality of care for older adults has become an increasingly critical issue. While telehealth and health-related social media have become important channels for older adults to access health information and services, little is known about their differential associations with perceived quality of care, and how various types of healthcare barriers are linked to their adoption and care outcomes. The aim of this study was to examine the roles of telehealth and health-related social media in the associations between healthcare barriers and perceived quality of care.",2026,2026,Patient education and counseling,Patient education and counseling,10.1016/j.pec.2026.109697,https://pubmed.ncbi.nlm.nih.gov/42150427/,"['Health-related social media use', 'Healthcare barriers', 'Older adults', 'Perceived quality of care', 'Telehealth use']",[],"['Haoyu Wang', 'Ye Lin', 'Siyu Zhang', 'Bowen Zheng', 'Shaohai Jiang']",42150427,Patient education and counseling. 2026 May 17. 149:109697. doi: 10.1016/j.pec.2026.109697.,19-05-2026,,,Haoyu Wang,Patient education and counseling. 2026 May 17. 149:109697. doi: 10.1016/j.pec.2026.109697.
"Treatment landscape, outcomes, and healthcare resource utilization in FLT3","In Mexico, FMS-like tyrosine kinase 3 (FLT3) inhibitors have been approved for newly diagnosed or relapsed/refractory (R/R) FLT3-positive (FLT3",2026,2026,Cancer treatment and research communications,Cancer treatment and research communications,10.1016/j.ctarc.2026.101229,https://pubmed.ncbi.nlm.nih.gov/42150392/,"['Acute myeloid leukemia', 'FLT3 mutation', 'Healthcare resource utilization', 'Hematopoietic stem cell transplantation', 'Relapsed/refractory disease']",[],"['Andrés Gómez De León', 'Jamie Jung-Hee An', 'Georgia Gourgioti', 'Yanwen Xie', 'Jia Zhong', 'Eric Q Wu', 'Juan Guillermo Ariza', 'Li-Jen Cheng']",42150392,Cancer treatment and research communications. 2026 Apr 22. 48:101229. doi: 10.1016/j.ctarc.2026.101229.,19-05-2026,,,Andrés Gómez De León,Cancer treatment and research communications. 2026 Apr 22. 48:101229. doi: 10.1016/j.ctarc.2026.101229.
Primary prevention of skin cancer in patients after kidney transplantation - a literature review.,"Renal transplant recipients (RTRs) require long-term immunosuppression, which contributes to the increased incidence of skin cancer. The purpose of this literature review is to present interventions aimed at preventing skin cancer in RTRs. The publications were selected using the PubMed database. The following inclusion criteria were considered: kidney transplant recipients, adult patients, works on skin cancer, articles no older than 5 years. 10 articles met the inclusion criteria (8 original works and 2 reviews). A total of 201 860 RTRs participated in the research. The data from the included articles form the basis of this review. Primary prevention of skin cancer in RTRs consist of educational interventions, sun protection, skin self-examination, skin monitoring by a dermatologist and a treatment of precancerous lesions. Research confirms that regular use of filter preparations reduces the incidence of cancerous lesions. Therefore, sun protection education should be provided to all organ transplant recipients (OTRs). Patients are recommended to undergo regular skin self-examinations and a full dermatological examination with a frequency depending on the risk group. The risk of progression of precancerous lesions to cancer in OTRs is significantly higher than in the general population, therefore the treatment of precancerous lesions is an important procedure in primary prevention. Primary prevention efforts should be individualized based on the identification of patients at risk. Further research is needed to identify barriers to adherence to skin cancer prevention recommendations, the timing of preventive interventions and the division of responsibilities within the treatment team.",2026,2026,Cancer treatment and research communications,Cancer treatment and research communications,10.1016/j.ctarc.2026.101245,https://pubmed.ncbi.nlm.nih.gov/42150391/,"['Education', 'Kidney transplantation', 'Prevention', 'Skin cancer']",[],"['Malwina Nowogrodzka', 'Alicja Dębska-Ślizień', 'Andrzej Chamienia', 'Beata Imko-Walczuk']",42150391,Cancer treatment and research communications. 2026 May 12. 48:101245. doi: 10.1016/j.ctarc.2026.101245.,19-05-2026,,,Malwina Nowogrodzka,Cancer treatment and research communications. 2026 May 12. 48:101245. doi: 10.1016/j.ctarc.2026.101245.
"Corrigendum to ""A significant decrease in anogenital warts incidence following the implementation of a national human papillomavirus immunization program in Israel"" [Vaccine 80 (2029) 128516].",,2026,2026,Vaccine,Vaccine,10.1016/j.vaccine.2026.128695,https://pubmed.ncbi.nlm.nih.gov/42150389/,[],[],"['Ilona Shapiro', 'Bekana K Tadese', 'Moshe Hoshen', 'Ya-Ting Chen', 'Neha Chohan', 'Tal Patalon', 'Wei Vivian Wang', 'Sivan Gazit']",42150389,Vaccine. 2026 May 18. 85:128695. doi: 10.1016/j.vaccine.2026.128695.,19-05-2026,,,Ilona Shapiro,Vaccine. 2026 May 18. 85:128695. doi: 10.1016/j.vaccine.2026.128695.
Development of a therapeutic patient education curriculum for healthcare professionals to improve diabetes care in the Eastern Mediterranean region.,"Diabetes prevalence in the Eastern Mediterranean Region (EMR) is among the highest globally, yet structured therapeutic patient education (TPE) is inconsistently implemented. This study aimed to describe the multi-phase development, structure, and implementation planning of a WHO-led, diabetes-specific TPE curriculum tailored to the EMR.",2026,2026,Diabetes & metabolic syndrome,Diabetes & metabolic syndrome,10.1016/j.dsx.2026.103431,https://pubmed.ncbi.nlm.nih.gov/42150372/,"['Curriculum development', 'Diabetes self-management', 'Healthcare provider training', 'Implementation science', 'Patient-centred care', 'Therapeutic patient education']",[],"['Jorge César Correia', 'Cosette Fakih El Khoury', 'Hicham El Berri', 'Lamia Mahmoud', 'Amal Fakha', 'Matilda Byström', 'Dayana El Chaar', 'Bianca Hemmingsen', 'Zoltan Pataky']",42150372,Diabetes & metabolic syndrome. 2026 May 08. 20(5):103431. doi: 10.1016/j.dsx.2026.103431.,19-05-2026,,,Jorge César Correia,Diabetes & metabolic syndrome. 2026 May 08. 20(5):103431. doi: 10.1016/j.dsx.2026.103431.
"Cigarette smoking, history of major depression and PTSD diagnosis are associated with metabolite levels in the left dorsolateral prefrontal cortex in those in treatment for alcohol use disorder.","Despite the known systemic health risks associated with cigarette smoking, research investigating the neurobiological consequences of smoking in those with alcohol use disorder (AUD) is minimal. This study compared metabolite levels in the left dorsolateral prefrontal cortex (DLPFC) in non-cigarette smoking individuals, former cigarette smoking individuals and active cigarette smoking individuals who were Veterans in residential treatment for AUD.",2026,2026,Drug and alcohol dependence,Drug and alcohol dependence,10.1016/j.drugalcdep.2026.113194,https://pubmed.ncbi.nlm.nih.gov/42150346/,"['Alcohol use disorder', 'Cigarette smoking', 'Magnetic resonance spectroscopy', 'Major depressive disorder', 'Post-traumatic stress disorder']",[],"['Timothy C Durazzo', 'Riley E Carolan', 'Lauren H Beauregard', 'Meng Gu', 'Claudia B Padula']",42150346,Drug and alcohol dependence. 2026 May 13. 285:113194. doi: 10.1016/j.drugalcdep.2026.113194.,19-05-2026,,,Timothy C Durazzo,Drug and alcohol dependence. 2026 May 13. 285:113194. doi: 10.1016/j.drugalcdep.2026.113194.
