Title,Abstract,Year_Published,Publication Year,Source,Journal/Book,DOI,Download_URL,Keywords,MeSH_Terms,Authors,PMID,Citation,Create Date,PMCID,NIHMS ID,First Author,Reference
A study on physicians' perceptions of privacy in the context of the e-Nabiz (e-Pulse) in the Turkish healthcare system.,"This study examines physicians' perceptions of privacy and data protection in Turkey's national personal health record system, e-Nabız. While e-Nabız enhances continuity of care through centralized access to prescriptions, laboratory results, imaging, and clinical records, its centralized governance model raises concerns regarding unauthorized access, accountability, and alignment with professional privacy norms. To empirically investigate these concerns, we conducted a survey with 309 healthcare professionals. The results reveal a pronounced usage-trust paradox: although system usage is high (87%), only 56% of respondents consider existing data-protection mechanisms adequate, and a substantial proportion express concerns about potential misuse or leakage of health data. Importantly, physicians' concerns are not primarily directed at the absence of role-based access control (RBAC), but at the lack of verifiable enforcement, transparent oversight, and tamper-evident auditability of access decisions. This indicates a perceived misalignment between expected information flows grounded in the physician-patient confidentiality context and the opaque governance of access practices within the system. Based on these findings, the study derives a governance-oriented design implication: a supplementary layer in which RBAC decisions and access events are recorded through blockchain-supported immutable logs and smart contracts to enhance accountability and auditability. The proposed approach does not store medical data on the blockchain; rather, it aims to make authorization and access histories verifiable and resistant to manipulation. The study contributes a physician-centered empirical assessment of privacy governance in a nationwide digital health system and highlights the importance of transparent, enforceable access governance for sustaining professional trust.",2026,2026,Scientific reports,Scientific reports,10.1038/s41598-026-53539-8,https://pubmed.ncbi.nlm.nih.gov/42168305/,"['Auditability', 'Blockchain', 'Health data privacy', 'Role-based access control', 'Smart contracts', 'e-Nabız']",[],"['Cihan Unal', 'Hakan Yildirim']",42168305,Scientific reports. 2026 May 21. doi: 10.1038/s41598-026-53539-8.,22-05-2026,,,Cihan Unal,Scientific reports. 2026 May 21. doi: 10.1038/s41598-026-53539-8.
Lessons from Smart Cart 2.0: Considerations for integrating purchasing data into healthy eating interventions with AI approaches.,"The increasing prevalence of chronic diseases related to suboptimal diet quality in the US and worldwide contributes to burgeoning healthcare costs and excess death and disability. Changing dietary intake is essential but difficult because dietary behaviors stem from interconnected biological, psychological, environmental, and social factors that are rarely comprehensively addressed in interventions. Emerging digital technologies present a paradox in food environments: some facilitate healthier eating while other practices, like targeted marketing and price manipulation, exploit behavioral vulnerabilities and promote poor dietary habits. Smart Cart 2.0 - a personalized digital healthy eating intervention using artificial intelligence (AI) and machine learning (ML) to detect patterns and influence dietary choices - offers critical lessons for health technology design. This perspective contends that improving digital dietary behavior interventions hinges on responsible implementation: fully leveraging technology's promise while establishing safeguards against premature adoption. With appropriate guardrails, digital technologies provide tremendous opportunity to improve the delivery, personalization, and scalability of healthy eating interventions.",2026,2026,The Journal of nutrition,The Journal of nutrition,10.1016/j.tjnut.2026.101604,https://pubmed.ncbi.nlm.nih.gov/42167530/,"['artificial intelligence', 'digitalized food environments', 'food purchasing', 'machine learning', 'personalized dietary interventions']",[],"['Maya K Vadiveloo', 'Alison Tovar', 'Anne N Thorndike']",42167530,The Journal of nutrition. 2026 May 20. 101604. doi: 10.1016/j.tjnut.2026.101604.,22-05-2026,,,Maya K Vadiveloo,The Journal of nutrition. 2026 May 20. 101604. doi: 10.1016/j.tjnut.2026.101604.
"Updated trends in the global prevalence and burden of mental disorders, 1990-2023: a systematic analysis for the Global Burden of Disease Study 2023.","The 2023 iteration of the Global Burden of Diseases, Injuries, and Risk Factors Study (GBD) estimated prevalence, incidence, and health burden for 375 diseases and injuries, including 12 mental disorders. We assess past, current, and emerging trends in the prevalence and burden of mental disorders across sexes and age groups, for 21 regions, 204 countries and territories, and by Socio-demographic Index (SDI) quintile, from 1990 to 2023.",2026,2026,"Lancet (London, England)","Lancet (London, England)",10.1016/S0140-6736(26)00519-2,https://pubmed.ncbi.nlm.nih.gov/42167272/,[],"['Humans', 'Mental Disorders', 'Global Burden of Disease', 'Prevalence', 'Male', 'Female', 'Global Health', 'Adult', 'Adolescent', 'Young Adult', 'Middle Aged', 'Child', 'Disability-Adjusted Life Years', 'Aged', 'Quality-Adjusted Life Years', 'Incidence', 'Child, Preschool']",['GBD 2023 Mental Disorder Collaborators'],42167272,"Lancet (London, England). 2026 May 23. 407(10543):2040-2064. doi: 10.1016/S0140-6736(26)00519-2.",22-05-2026,,,GBD 2023 Mental Disorder Collaborators,"Lancet (London, England). 2026 May 23. 407(10543):2040-2064. doi: 10.1016/S0140-6736(26)00519-2."
Two-Year Outcomes Following Treatment of Painful Lumbar Degenerative Disc Disease with a Percutaneous Polymer-Based Hydrogel Intradiscal Augmentation Implant.,"Prospective, single arm, multicenter, feasibility study.",2026,2026,Spine,Spine,10.1097/BRS.0000000000005735,https://pubmed.ncbi.nlm.nih.gov/42166623/,"['Chronic low back pain', 'annulus fibrosus', 'degenerative disc disease', 'disc augmentation', 'hydrogel', 'implant', 'intervertebral disc', 'lumbar', 'lumbar disc level L1-S1', 'minimally invasive procedure.', 'nucleus pulposus', 'percutaneous treatment']",[],"['Olivier Clerk-Lamalice', 'Alfonso Spath', 'Kimberly Carcary', 'Kasra Amirdelfan', 'Pierce D Nunley', 'Douglas P Beall']",42166623,Spine. 2026 May 06. doi: 10.1097/BRS.0000000000005735.,21-05-2026,,,Olivier Clerk-Lamalice,Spine. 2026 May 06. doi: 10.1097/BRS.0000000000005735.
Q-Learning with clustered-SMART (cSMART) data: examining moderators in the construction of clustered adaptive interventions.,"A clustered adaptive intervention (cAI) is a prespecified sequence of decision rules that guides practitioners on how best-and based on which measures-to tailor cluster-level intervention to improve outcomes at the level of individuals within the clusters. A clustered sequential multiple assignment randomized trial (cSMART) is a type of trial that is used to inform the empirical development of a cAI. A common analytic goal in a cSMART focuses on assessing causal effect moderation by candidate tailoring variables. We introduce a clustered Q-learning framework with the M-out-of-N cluster bootstrap using data from a cSMART to evaluate whether a set of candidate tailoring variables may be useful in defining an optimal cAI. This approach could construct confidence intervals (CIs) with near-nominal coverage to assess parameters indexing the causal effect moderation function. Specifically, it allows reliable inferences concerning the utility of candidate tailoring variables in constructing a cAI that maximizes a mean end-of-study outcome even when ""non-regularity,"" a well-known challenge, exists. Simulations demonstrate the numerical performance of the proposed method across varying non-regularity conditions and investigate the impact of varying numbers of clusters and intra-cluster correlation coefficients on CI coverage. Methods are applied on the ADEPT dataset to inform the construction of a clinic-level cAI for improving evidence-based practice in treating mood disorders.",2026,2026,Biometrics,Biometrics,10.1093/biomtc/ujag078,https://pubmed.ncbi.nlm.nih.gov/42166189/,"['causal inference', 'evidence-based practices', 'implementation science', 'mood disorders', 'statistical learning']","['Humans', 'Cluster Analysis', 'Randomized Controlled Trials as Topic', 'Computer Simulation', 'Biometry', 'Models, Statistical']","['Yao Song', 'Kelly Speth', 'Amy Kilbourne', 'Andrew Quanbeck', 'Daniel Almirall', 'Lu Wang']",42166189,Biometrics. 2026 Apr 09. 82(2). doi: 10.1093/biomtc/ujag078.,21-05-2026,,,Yao Song,Biometrics. 2026 Apr 09. 82(2). doi: 10.1093/biomtc/ujag078.
Australian key stakeholder views regarding implementation of atrial fibrillation screening: a qualitative evaluation.,To understand the issues impacting atrial fibrillation (AF) screening and what needs to be considered for a successful national screening programme in Australia.,2026,2026,BMJ open,BMJ open,10.1136/bmjopen-2025-109404,https://pubmed.ncbi.nlm.nih.gov/42161540/,"['Implementation Science', 'Mass Screening', 'Pacing & electrophysiology', 'Primary Care', 'QUALITATIVE RESEARCH']","['Humans', 'Atrial Fibrillation', 'Australia', 'Qualitative Research', 'Mass Screening', 'Stakeholder Participation', 'Interviews as Topic', 'Male', 'Female']","['Kirsty Mckenzie', 'Ben Freedman', 'Anushka Jacob', 'Rakesh Narendra Modi', 'Nicole Lowres']",42161540,BMJ open. 2026 May 20. 16(5):e109404. doi: 10.1136/bmjopen-2025-109404.,21-05-2026,,,Kirsty Mckenzie,BMJ open. 2026 May 20. 16(5):e109404. doi: 10.1136/bmjopen-2025-109404.
"Correction to ""Hybrid CNN-GCN framework for brain tumor MRI classification: A graph-based approach to smart healthcare diagnostics"".",,2026,2026,Journal of applied clinical medical physics,Journal of applied clinical medical physics,10.1002/acm2.70596,https://pubmed.ncbi.nlm.nih.gov/42159089/,[],[],[],42159089,Journal of applied clinical medical physics. 2026 May. 27(5):e70596. doi: 10.1002/acm2.70596.,20-05-2026,,,,Journal of applied clinical medical physics. 2026 May. 27(5):e70596. doi: 10.1002/acm2.70596.
"Digital health needs for long-term continuity care in older adult patients: a cross-sectional study under the ""internet +"" model.","The ""Internet+"" initiative offers new possibilities for addressing the complex health needs of aging populations. This cross-sectional study aims to investigate the demands for long-term continuous care among older adult patients with neurological disorders and to identify the key factors influencing these needs within the context of a digital health framework.",2026,2026,Frontiers in public health,Frontiers in public health,10.3389/fpubh.2026.1763772,https://pubmed.ncbi.nlm.nih.gov/42158185/,"['Internet +', 'continuous nursing', 'cross-sectional study', 'digital health', 'needs assessment', 'older adult patients']","['Humans', 'Cross-Sectional Studies', 'Male', 'Female', 'Aged', 'Long-Term Care', 'Continuity of Patient Care', 'Aged, 80 and over', 'Surveys and Questionnaires', 'Middle Aged', 'Nervous System Diseases', 'Health Services Needs and Demand', 'Telemedicine', 'Digital Health']","['ChunLing Sun', 'MinJie Ji', 'Fang Zhao', 'Xin Hu', 'BingQing Wang']",42158185,Frontiers in public health. 2026. 14:1763772. doi: 10.3389/fpubh.2026.1763772.,20-05-2026,PMC13180841,,ChunLing Sun,Frontiers in public health. 2026. 14:1763772. doi: 10.3389/fpubh.2026.1763772.
Development of a high-performance in-memory database architecture for intelligent video surveillance in critical patient care.,"This research aims to engineer a specialized, high-speed database architecture tailored for intelligent video surveillance in critical healthcare environments. The primary objective is to overcome the input/output operations per second (IOPS) bottlenecks and latency issues inherent in traditional SQL and general-purpose NoSQL systems, which impede real-time clinical decision-making.",2026,2026,Frontiers in digital health,Frontiers in digital health,10.3389/fdgth.2026.1807507,https://pubmed.ncbi.nlm.nih.gov/42158173/,"['big data visualization', 'healthcare informatics', 'in-memory database', 'intelligent video surveillance', 'real-time analytics']",[],"['Ramesh Kumar Veerapaneni', 'Radhakrishnan Delhibabu', 'Alexey Subbotin', 'Nataly Zhukova']",42158173,Frontiers in digital health. 2026. 8:1807507. doi: 10.3389/fdgth.2026.1807507.,20-05-2026,PMC13180876,,Ramesh Kumar Veerapaneni,Frontiers in digital health. 2026. 8:1807507. doi: 10.3389/fdgth.2026.1807507.
Smart city development and medical service performance: evidence from a province-level panel study in China.,"This study examines whether smart city development is associated with improvements in medical service performance across Chinese provinces, addressing the limited large-scale quantitative evidence on digital governance and healthcare systems in developing-country contexts.",2026,2026,International journal of public health,International journal of public health,10.3389/ijph.2026.1609627,https://pubmed.ncbi.nlm.nih.gov/42158041/,"['China', 'digital governance', 'healthcare systems', 'medical service performance', 'smart city development']","['China', 'Humans', 'Quality of Health Care', 'Delivery of Health Care', 'Cities']","['Xu Shao', 'Xi Liu', 'Jie Che', 'Bing Yang']",42158041,International journal of public health. 2026. 71:1609627. doi: 10.3389/ijph.2026.1609627.,20-05-2026,PMC13180713,,Xu Shao,International journal of public health. 2026. 71:1609627. doi: 10.3389/ijph.2026.1609627.
Digital health literacy scale in older adults: A study on the validity and reliability of the Turkish version.,"Smart healthcare services and digital therapeutics are rapidly spreading, making digital health literacy skills critically important to benefit from these services. This is especially essential for older adults, who often need consistent health management. However, in Turkey, no suitable scale currently exists to measure digital health literacy among older adults. Therefore, This research aims to translate the Digital Health Literacy Scale to Turkish and assess its validity and reliability for elderly individuals.",2026,2026,"Geriatric nursing (New York, N.Y.)","Geriatric nursing (New York, N.Y.)",10.1016/j.gerinurse.2026.104101,https://pubmed.ncbi.nlm.nih.gov/42155325/,"['Confirmatory factor analysis', 'Digital health care', 'Digital health literacy', 'Mobile phone', 'Older adults']",[],"['Gülcan Bahcecioglu Turan', 'Mizgin Demir', 'Zülfünaz Özer']",42155325,"Geriatric nursing (New York, N.Y.). 2026 May 18. 71:104101. doi: 10.1016/j.gerinurse.2026.104101.",20-05-2026,,,Gülcan Bahcecioglu Turan,"Geriatric nursing (New York, N.Y.). 2026 May 18. 71:104101. doi: 10.1016/j.gerinurse.2026.104101."
Leveraging computerized adaptive testing for cost-effective evaluation of large language models in medical benchmarking.,"Large language models (LLMs) are increasingly applied in healthcare, yet their evaluation relies predominantly on static benchmarks that are costly, contamination-prone, and lack calibrated measurement properties for fine-grained performance tracking. We developed and validated a computerized adaptive testing (CAT) framework grounded in item response theory to enable scalable, psychometrically rigorous assessment of standardized medical knowledge in LLMs. A two-phase study comprising Monte Carlo simulations and empirical evaluation of 38 LLMs was conducted between July and September 2025. The CAT protocol achieved a near-perfect correlation with full-bank results (r = 0.988) using only 1.3% of items. Evaluation time decreased from 6.85 hours to 8.4 min per model, and token usage dropped from 1.77 million to 0.03 million. Model rankings were fully preserved (Spearman's ρ = 1.0). At current API pricing, per-model evaluation costs fell from approximately $1,475 to under $5. This adaptive methodology serves as an essential pre- screening and continuous monitoring tool under a standardized testing protocol. Crucially, it is not a substitute for real-world clinical validation or safety-oriented prospective studies; rather, it enables developers and healthcare institutions to implement rigorous, high-frequency, evidence-based evaluation of foundational knowledge prior to more resource-intensive downstream testing.",2026,2026,NPJ digital medicine,NPJ digital medicine,10.1038/s41746-026-02671-w,https://pubmed.ncbi.nlm.nih.gov/42151446/,[],[],"['Tianpeng Zheng', 'Zhehan Jiang', 'Jiayi Liu', 'Shicong Feng']",42151446,NPJ digital medicine. 2026 May 18. doi: 10.1038/s41746-026-02671-w.,19-05-2026,,,Tianpeng Zheng,NPJ digital medicine. 2026 May 18. doi: 10.1038/s41746-026-02671-w.
[Effectiveness of Dog-Assisted Therapy in Improving the Behavioral and Psychological Symptoms of Dementia: A Systematic Review and Meta-Analysis].,"Patients with dementia commonly exhibit behavioral and psychological symptoms of dementia (BPSD) such as depression, withdrawal, and agitation. These symptoms are known to significantly impact both mental and physical health, increase caregiving burdens, and lead to higher rates of hospitalization and mortality.",2026,2026,Hu li za zhi The journal of nursing,Hu li za zhi The journal of nursing,10.6224/JN.26309,https://pubmed.ncbi.nlm.nih.gov/42151047/,"['behavioral and psychological symptoms', 'dementia', 'dog-assisted therapy', 'meta-analysis', 'systematic review']","['Dementia', 'Animal Assisted Therapy', 'Humans', 'Dogs', 'Animals', 'Randomized Controlled Trials as Topic']","['Tsuei-Yi Tseng', 'Jia-Sin Luo', 'Chia-Chi Kuo']",42151047,Hu li za zhi The journal of nursing. 2026 Jun. 73(3). doi: 10.6224/JN.26309.,19-05-2026,,,Tsuei-Yi Tseng,Hu li za zhi The journal of nursing. 2026 Jun. 73(3). doi: 10.6224/JN.26309.
Selective early medical treatment of the patent ductus arteriosus in extremely low gestational age infants: a pilot randomised controlled trial (SMART-PDA).,To assess feasibility of recruitment and compare clinical outcomes in a trial of early selective treatment of a moderate-severe patent ductus arteriosus (PDA) or no intervention in the first 7 postnatal days in extremely preterm infants.,2026,2026,Archives of disease in childhood. Fetal and neonatal edition,Archives of disease in childhood. Fetal and neonatal edition,10.1136/archdischild-2026-330462,https://pubmed.ncbi.nlm.nih.gov/42150872/,"['Cardiology', 'Intensive Care Units, Neonatal']",[],"['Souvik Mitra', 'Audrey Hebert', 'Michael P Castaldo', 'Tim Disher', 'Walid El-Naggar', 'Santokh Dhillon', 'Ziad Alhassen', 'Jenny Koo', 'Anup C Katheria', 'Abbas Hyderi', 'Kumar Kumaran', 'Joseph Ting', 'Aimann Surak', 'Jillian Larocque', 'Dawn Pepper', 'Lisa Hornberger', 'Marjorie Makoni', 'Dany E Weisz', 'Amish Jain', 'Fabiana Bacchini', 'Austin J J Cameron-Nola', 'Tara Hatfield', 'Jon Dorling', 'Patrick J McNamara', 'Lehana Thabane']",42150872,Archives of disease in childhood. Fetal and neonatal edition. 2026 May 18. doi: 10.1136/archdischild-2026-330462.,19-05-2026,,,Souvik Mitra,Archives of disease in childhood. Fetal and neonatal edition. 2026 May 18. doi: 10.1136/archdischild-2026-330462.
Exploring factors contributing to antibiotic resistance: A cross-sectional empirical study in Bangladesh.,"Antibiotic resistance is a growing public health concern, particularly in low- and middle-income countries such as Bangladesh. This cross-sectional empirical study analyzed primary survey data collected from 254 respondents in Bangladesh using Structural Equation Modeling (SEM). Structural Equation Modeling (SEM) with Smart-PLS 4.0 was employed to analyze the relationships between key variables, ensuring accurate results despite non-normal data. The findings reveal that economic pressures, inadequate diagnostics, and cultural misconceptions are key contributors to antibiotic overuse and misuse. The study is grounded in the Health Belief Model and Ecological Systems Theory, offering a framework to understand these behaviors. It underscores the need for targeted policies, improved diagnostic resources, and heightened public awareness to address the growing problem of antimicrobial resistance. The findings indicate that economic incentives, diagnostic uncertainty, healthcare infrastructure, and sociocultural beliefs significantly influence antibiotic resistance within the surveyed population.",2026,2026,PloS one,PloS one,10.1371/journal.pone.0344449,https://pubmed.ncbi.nlm.nih.gov/42149871/,[],"['Humans', 'Bangladesh', 'Cross-Sectional Studies', 'Female', 'Male', 'Adult', 'Anti-Bacterial Agents', 'Drug Resistance, Microbial', 'Middle Aged', 'Young Adult', 'Adolescent', 'Surveys and Questionnaires', 'Health Knowledge, Attitudes, Practice', 'Drug Resistance, Bacterial']","['Abdullah Al Rakib', 'Dr Johaira Sultana Toma', 'Dr Mousumi Akhtar', 'Md Abu Hasnat', 'Md Sohel Rana', 'Rezwan Ul Haque Aubhi', 'Nur-A-Alam Mishad', 'Farzana Rahman', 'Shadia Sharmin']",42149871,PloS one. 2026. 21(5):e0344449. doi: 10.1371/journal.pone.0344449.,18-05-2026,PMC13183214,,Abdullah Al Rakib,PloS one. 2026. 21(5):e0344449. doi: 10.1371/journal.pone.0344449.
Multimodal healthcare system for human activity recognition using multiple features and advanced ensemble classifier.,"Human activity recognition (HAR) is applicable in various areas as it helps in healthcare monitoring, exercise assessment, and monitoring of smart devices.",2026,2026,Digital health,Digital health,10.1177/20552076261427061,https://pubmed.ncbi.nlm.nih.gov/42145332/,"['Activity recognition', 'ensemble learning', 'healthcare', 'machine learning', 'sparse neural networks', 'wearable sensor']",[],"['Fakhra Nazar', 'Yanfeng Wu', 'Hanan Aljuaid', 'Ahmad Jalal', 'Hui Liu']",42145332,Digital health. 2026. 12:20552076261427061. doi: 10.1177/20552076261427061.,18-05-2026,PMC13172693,,Fakhra Nazar,Digital health. 2026. 12:20552076261427061. doi: 10.1177/20552076261427061.
Progress in precision drug delivery systems for neurodegenerative diseases with muscle atrophy.,"Neurodegenerative diseases frequently co-occur with skeletal muscle atrophy, creating a complex comorbid condition that significantly accelerates functional decline and increases mortality. This dual pathology is driven by interconnected mechanisms such as protein aggregation, neuroinflammation, and impaired axonal transport, disrupting critical neuromuscular junctions (NMJs). However, a significant research gap exists in the development of therapeutic strategies that can effectively and simultaneously target both the central nervous system (CNS) and peripheral muscle tissues. We systematically summarizes the core pathological targets and critically evaluates recent advances in precision drug delivery systems designed to overcome these challenges. We explore innovative strategies, including engineered viral vectors and receptor-targeted nanoparticles for CNS delivery, as well as smart biomaterials and extracellular vesicles (EVs) for muscle-specific and dual-organ intervention, highlighting the growing role of artificial intelligence (AI) in optimizing their design. Furthermore, this review discusses the construction of multidimensional efficacy evaluation systems that integrate behavioral, molecular, and imaging biomarkers and addresses pivotal clinical translation challenges, from scalable production to species-specific differences. By examining the pathological landscape across the central nervous system and skeletal muscle together, this review connects mechanisms that have more often been considered in isolation and evaluates how their convergence may inform the design of delivery strategies targeting both tissue compartments.",2026,2026,Neuropharmacology,Neuropharmacology,10.1016/j.neuropharm.2026.111027,https://pubmed.ncbi.nlm.nih.gov/42144072/,"['Blood-brain barrier', 'Muscle atrophy', 'Neurodegenerative diseases', 'Precision drug delivery systems']",[],"['Gongchang Zhang', 'Fengjuan Hu', 'Yan Zhang', 'Daiping Li', 'Yiping Deng', 'Ming Yang', 'Tingting Huang', 'Xueling Deng', 'Ying Li', 'Chenying Fu', 'Lixing Zhou', 'Birong Dong']",42144072,Neuropharmacology. 2026 May 16. 297:111027. doi: 10.1016/j.neuropharm.2026.111027.,18-05-2026,,,Gongchang Zhang,Neuropharmacology. 2026 May 16. 297:111027. doi: 10.1016/j.neuropharm.2026.111027.
From polyetheretherketone to 3D‑printed composites: hydrothermal stability and cement‑dependent resin bonding of high‑performance polymers to pediatric restorations.,"This study evaluated the water sorption/solubility, surface characteristics, and bonding performance of different high‑performance polymers intended for restorations and appliances used in pediatric dentistry, emphasizing their hydrothermal stability and cementation protocols for durable bonding.",2026,2026,BMC oral health,BMC oral health,10.1186/s12903-026-08492-3,https://pubmed.ncbi.nlm.nih.gov/42143305/,"['3D printing', 'Bonding', 'Hydrothermal stability', 'Pediatric dentistry', 'Polyetheretherketone']",[],"['Szu-I Lin', 'Chien-Fu Tseng', 'Chi-Fei Hsieh', 'Yuichi Mine', 'Yao-Chang Chiang', 'Chiang-Wen Lee', 'Tzu-Yu Peng']",42143305,BMC oral health. 2026 May 16. doi: 10.1186/s12903-026-08492-3.,17-05-2026,,,Szu-I Lin,BMC oral health. 2026 May 16. doi: 10.1186/s12903-026-08492-3.
Re-balancing immunity with CRISPR-Cas9: Novel strategies for cancer and autoimmune disorders.,"Dysregulated immune activity is a cornerstone of numerous diseases, where excessive suppression enables cancer progression and uncontrolled activation drives autoimmunity. Immunotherapy aims to restore this balance, however, conventional approaches are often limited by suboptimal precision, efficacy, or long-term safety. The emergence of the CRISPR-Cas9 (clustered regularly interspaced short palindromic repeats-CRISPR-associated protein 9) genome-editing system has opened transformative avenues for overcoming these hurdles. This review traces the development of the CRISPR-Cas9 toolkit, encompassing gene knock out (CRISPR-KO), knock in (CRISPR-KI), transcriptional activation (CRISPRa), interference (CRISPRi), base editing and prime editing-and examines their application in reprogramming immune responses. We focus on how these six strategies enhance anti-tumor immunity by engineering immune cells to bypass inhibitory checkpoints and the tumor microenvironment, and suppress autoimmunity by restoring immune tolerance through precise genomic and transcriptional interventions. Finally, we discuss translational challenges and future directions, including the adoption of next-generation editors and smart delivery systems, which are poised to maximize the therapeutic potential of CRISPR-based cellular interventions.",2026,2026,Biotechnology advances,Biotechnology advances,10.1016/j.biotechadv.2026.108921,https://pubmed.ncbi.nlm.nih.gov/42142549/,"['Autoimmune disease', 'CRISPR-Cas9', 'Genome editing', 'Immune', 'Immune tolerance', 'Immunity', 'Immunotherapy', 'Tumor', 'Tumor microenvironment', 'cancer']",[],"['Xuanqi Ren', 'Ziyang Zhou', 'Lingkai Kong', 'Yibo Guo', 'Yan Liu', 'Jiazhen Li', 'Xiaosong Gu', 'Chunping Jiang', 'Junhua Wu']",42142549,Biotechnology advances. 2026 May 15. 90:108921. doi: 10.1016/j.biotechadv.2026.108921.,17-05-2026,,,Xuanqi Ren,Biotechnology advances. 2026 May 15. 90:108921. doi: 10.1016/j.biotechadv.2026.108921.
"Safety, Toxicity, and Regulation of Biomaterials: A Systematic Review of Global Frameworks and Emerging Challenges.","Biomaterials are natural or synthetic materials designed to interact with biological systems for medical, environmental, or industrial applications. Despite their expanding market and crucial healthcare role, ensuring safety and establishing consistent regulatory frameworks remains challenging. Regulatory inconsistencies impede innovation, increase development costs, and potentially compromise patient safety. To systematically examine toxicity concerns and regulatory frameworks governing biomaterials across major regions (USA, EU, India, China & Australia) and evaluate international standards from OECD and ISO organizations. We aimed to identify regulatory gaps, assess challenges posed by advanced materials, and propose solutions for harmonized global regulation. A comprehensive systematic review was conducted following PRISMA guidelines. Multiple electronic databases were searched to identify relevant studies examining biomaterial toxicity assessment methods and regulatory frameworks. Studies were screened based on predetermined eligibility criteria focusing on regulatory standards, toxicity evaluation methods, and safety protocols. Data extraction encompassed regulatory requirements, testing methodologies, and approval pathways. Analysis revealed significant regulatory heterogeneity across jurisdictions, with traditional testing methods inadequately addressing risks from advanced materials including nanomaterials and 3D-printed tissues. Major gaps included absence of unified global approaches, insufficient evaluation methods for complex dynamic biomaterials undergoing transformation in vivo, and lack of systematic long-term monitoring systems. Substantial improvements are achievable through innovative approaches including computational modeling for expedited approvals, smart implants incorporating embedded sensors for real-time monitoring, and establishment of international databases to eliminate redundant testing. These recommendations could enhance regulatory efficiency, improve patient safety, and facilitate global harmonization while accelerating access to life-saving technologies.",2026,2026,"Journal of biomedical materials research. Part B, Applied biomaterials","Journal of biomedical materials research. Part B, Applied biomaterials",10.1002/jbm.b.70064,https://pubmed.ncbi.nlm.nih.gov/42141760/,"['ISO 10993', 'biocompatibility', 'biomaterial toxicity', 'chemical stability', 'good manufacturing practices (GMP)', 'material property validation', 'mechanical strength']","['Biocompatible Materials', 'Humans', 'Animals', 'Materials Testing']","['Abhishek Rawat', 'Anoushka Khanna', 'Bhupendra Singh Butola', 'Navneet Sharma']",42141760,"Journal of biomedical materials research. Part B, Applied biomaterials. 2026 May. 114(5):e70064. doi: 10.1002/jbm.b.70064.",16-05-2026,,,Abhishek Rawat,"Journal of biomedical materials research. Part B, Applied biomaterials. 2026 May. 114(5):e70064. doi: 10.1002/jbm.b.70064."
Quantum-enhanced federated blockchain for privacy-preserving cardiovascular intelligence.,"Cardio-Vascular Diseases (CvDs) persist as a significant mortality reason worldwide, which requires advanced risk categorization technologies that can offer custom medicine while protecting patient information. Present healthcare approaches must overcome fragmented data distribution systems, weak security measures in collaborative environments, and the ineffective processing of multi-mode clinical details. Our proposed Decentralized Federated Blockchain for Cardiovascular Intelligence (DFBCI) framework integrates the Multi-Chain Aggregation with Adaptive Consensus (MCAC) mechanism and the advanced Federated Dynamic Relational Learning (FDRL) technique to solve identified challenges. The DFBCI system enables protected cooperation between institutions through its blockchain multi-chain setup that securely combines medical data with imaging information while maintaining data integrity. The FDRL technique extracts patient temporal behavior knowledge from different modalities, which include ElectroCardioGrams (ECGs), echocardiograms, and biomarker datasets. The system executes feature extraction using Quantum-Enhanced Privacy Masking (QEPM) for security alongside non-invasive cardiac risk modeling through federated optimization and performs decentralized validation with smart contracts. Compared to standard approaches, Experimental results reveal that models achieve 19% better CvD risk prediction while reducing their convergence time by 22% and enhancing scalability by 27%. DFBCI creates powerful healthcare analytical platforms that advance secure CvD risk sorting worldwide without violating privacy rights, setting benchmark for fast, collaborative assessments.",2026,2026,Scientific reports,Scientific reports,10.1038/s41598-026-47521-7,https://pubmed.ncbi.nlm.nih.gov/42141004/,"['Blockchain', 'CvD', 'Decentralization', 'Deep learning', 'Federated learning', 'Multi-modal', 'Privacy', 'Quantum', 'Secure']",[],"['R Sivakami', 'V Vinoth Kumar', 'N Krishnamoorthy', 'Temesgen Engida Yimer']",42141004,Scientific reports. 2026 May 16. doi: 10.1038/s41598-026-47521-7.,16-05-2026,,,R Sivakami,Scientific reports. 2026 May 16. doi: 10.1038/s41598-026-47521-7.
Evaluation of the Effectiveness of the Smart Post-Discharge Elderly Health Management Platform for Older Patients' Health-Related Quality of Life: A Cluster Randomised Controlled Trial.,To evaluate the effectiveness of the Smart Post-Discharge Elderly Health Management Platform on health-related quality of life and self-management after hospital discharge.,2026,2026,International journal of nursing practice,International journal of nursing practice,10.1111/ijn.70151,https://pubmed.ncbi.nlm.nih.gov/42138722/,"['digital health', 'mHealth', 'nursing', 'post‐discharge care', 'telehealth', 'telenursing']","['Humans', 'Patient Discharge', 'Quality of Life', 'Aged', 'Female', 'Male', 'Aged, 80 and over', 'Self-Management', 'Self Care']","['Tongtong Fu', 'Linlin Xing', 'Hanxiao Luo', 'Qi Sun', 'Yangyang Lv', 'Xinyi Cui', 'Yufei Du', 'Chunling Xia', 'Ling Fan']",42138722,International journal of nursing practice. 2026 Jun. 32(3):e70151. doi: 10.1111/ijn.70151.,15-05-2026,,,Tongtong Fu,International journal of nursing practice. 2026 Jun. 32(3):e70151. doi: 10.1111/ijn.70151.
Quality and reliability of myocardial infarction-related short videos on TikTok and Bilibili: A cross-sectional content analysis study.,"Myocardial infarction (MI) is a leading cause of global mortality, making public education on its prevention, early recognition, and pre-hospital first aid essential. In China, short-video platforms like TikTok (Douyin) and Bilibili have become primary channels for health information dissemination. However, the quality and reliability of MI-related content on these platforms have not been systematically evaluated. This study aimed to assess and compare the quality, reliability, and accuracy of the most widely viewed (high-visibility) short videos about MI on TikTok and Bilibili and to identify factors associated with video quality.",2026,2026,Digital health,Digital health,10.1177/20552076261443766,https://pubmed.ncbi.nlm.nih.gov/42136926/,"['Bilibili', 'TikTok', 'information quality', 'myocardial infarction', 'short videos', 'social media']",[],"['Suyin Feng', 'Long Zhu', 'Jinyuan Gu', 'Dashuai Miao', 'Honglai Zhang', 'Runfeng Sun']",42136926,Digital health. 2026. 12:20552076261443766. doi: 10.1177/20552076261443766.,15-05-2026,PMC13167379,,Suyin Feng,Digital health. 2026. 12:20552076261443766. doi: 10.1177/20552076261443766.
Has smart healthcare improved older adults' health? Evidence from China's smart city pilot program- a quasi-natural experiment.,"While integrating digital technology into healthcare is a key strategy to address population aging, robust evidence on the causal impact of large-scale policies is scarce. This study aims to quantify the health effects of China's smart city policy on older adults and identify the mechanisms driving these outcomes.",2026,2026,Digital health,Digital health,10.1177/20552076261450604,https://pubmed.ncbi.nlm.nih.gov/42136920/,"['DID model', 'mental health', 'older adults', 'self-rated health', 'smart healthcare']",[],"['Bo Wang', 'Rengui Gong', 'Ruyi Huang']",42136920,Digital health. 2026. 12:20552076261450604. doi: 10.1177/20552076261450604.,15-05-2026,PMC13167267,,Bo Wang,Digital health. 2026. 12:20552076261450604. doi: 10.1177/20552076261450604.
New approaches to clinical research for people with schizophrenia.,"Schizophrenia trials have been too small, short and exclusionary, leaving the most disabled patients under-represented and key outcomes neglected. Future research should match the illness burden through sustained funding, representative recruitment, multidomain assessment, and adaptive, platform and SMART designs that test treatments efficiently and produce evidence relevant to patients' lives.",2026,2026,The British journal of psychiatry : the journal of mental science,The British journal of psychiatry : the journal of mental science,10.1192/bjp.2026.10657,https://pubmed.ncbi.nlm.nih.gov/42136560/,"['Schizophrenia', 'negative symptoms', 'platform studies', 'treatment-resistant', 'trial design']",[],"['Katherine Beck', 'Matthew Broome', 'Saeed Farooq', 'Fiona Gaughran', 'Oliver D Howes', 'Sameer Jauhar', 'Thomas Kabir', 'Maria Kapi', 'Mohammad Katshu', 'James H MacCabe', 'Robert A McCutcheon', ""Brian O'Donoghue"", 'Sofia Pappa', 'Toby Pillinger', 'Inti Qurashi', 'Dan Siskind', 'Mike Trott', 'Rachel Upthegrove', 'Emilio Fernandez-Egea']",42136560,The British journal of psychiatry : the journal of mental science. 2026 May 15. 1-4. doi: 10.1192/bjp.2026.10657.,15-05-2026,,,Katherine Beck,The British journal of psychiatry : the journal of mental science. 2026 May 15. 1-4. doi: 10.1192/bjp.2026.10657.
Hydrogel-based Advances in Dermatological Therapy: Insights from Patents and Clinical Research.,"Treating skin conditions, chronic wounds, and soft tissue injuries remains a major challenge in contemporary healthcare, with substantial financial costs and impacts on patients' quality of life. Hydrogels comprise interconnected networks of hydrophilic polymers characterized by high water content. They have emerged as a promising class of biomaterials in dermatology due to their structural similarity to the extracellular matrix, excellent biocompatibility, and adjustable mechanical properties. With a focus on wound healing, skin tissue engineering, the treatment of chronic inflammatory illnesses (such as acne, psoriasis, and eczema), and cosmetic and anti-aging procedures, this review provides a thorough overview of the development and application of hydrogel-based systems in dermatology. This review discusses the functional characteristics, therapeutic action, and clinical advantages of various formulations-including natural, synthetic, hybrid, and nanocomposite hydrogels. Additionally, a review of current patents and clinical studies provides an example of the new hydrogel technology landscape, which includes bioactive and smart hydrogels as well as multifunctional composites for enhanced skin regeneration and controlled drug delivery. Combining hydrogels with innovative technologies such as nanomaterials, 3D bioprinting, and responsive biomaterials further underscores the revolutionary potential in dermatological therapy. The research suggests that hydrogel-based methods are redefining the future of skin regeneration, repair, and cosmetic treatment by offering improved aesthetic outcomes, quicker healing, and higher patient compliance.",2026,2026,Reviews on recent clinical trials,Reviews on recent clinical trials,10.2174/0115748871449923260330194138,https://pubmed.ncbi.nlm.nih.gov/42136480/,"['Hydrogels', 'dermatology', 'drug delivery systems.', 'skin diseases', 'skin tissue engineering', 'smart biomaterials', 'wound healing']",[],"['Monika Verma', 'Neha Yadav', 'Smita Narwal', 'Nisha Grewal', 'Ashwani K Dhingra', 'Bhawna Chopra']",42136480,Reviews on recent clinical trials. 2026 May 07. doi: 10.2174/0115748871449923260330194138.,15-05-2026,,,Monika Verma,Reviews on recent clinical trials. 2026 May 07. doi: 10.2174/0115748871449923260330194138.
Chronic Inflammation (A Silent Killer) - Molecular Mechanisms and Emerging Therapeutic Approaches.,"Chronic inflammation is a dysregulated and persistent immune response that underlies numerous serious health conditions, like heart problems, diabetes, nerve damage, cancer, or conditions where the body attacks itself. Recently, scientists have gained a better understanding of how molecules such as cytokines and chemokines, along with dysregulated immune cells, contribute to excessive oxidative stress and impaired healing processes. New tools now help identify this condition as early as possible through biomarkers, advanced laboratory techniques, integrated data approaches, and smart sensors that track biological changes in real time. However, despite this knowledge, effective strategies for early prevention and long-term treatment remain limited. Daily habits, particularly anti-inflammatory dietary patterns, regular physical activity, and stress management, play a critical role in reducing the risk of disease. Emerging therapies, including inflammasome inhibitors, cytokine-targeted biologics, immunometabolic modulators, and specialized pro-resolving mediators, may restore immune homeostasis rather than merely suppressing symptoms. Additionally, microbiome-targeted interventions-such as probiotics, prebiotics, bacteriophage therapy, and fecal microbiota transplantation-are increasingly being recognized as potential strategies to modulate systemic inflammation. Daily habits, especially eating patterns that fight inflammation, walking regularly, or handling stress, are critically important for lowering the chances of illness. Chronic inflammation is a complex, multifactorial process; therefore, its effective management requires integrated efforts in basic research, therapeutic innovation, and population- level healthcare strategies. Innovations in personalized medicine, AI-based analytics, digital health technologies, and microbiome science are poised to significantly enhance diagnostic and therapeutic approaches. Sustained cross-disciplinary collaboration will be critical in mitigating the worldwide impact of chronic inflammatory disorders and improving long-term health outcomes.",2026,2026,Current drug targets,Current drug targets,10.2174/0113894501450885260409050432,https://pubmed.ncbi.nlm.nih.gov/42136241/,"['Chronic inflammation', 'autoimmune disorder', 'bio-markers and omics technologies', 'cancer', 'therapeutic strategies.']",[],"['Rishikesh Singh', 'Monika', 'Rupa Mazumder', 'Avijit Mazumder', 'Manish Singh', 'Chandana Majee', 'Swarupanjali Padhi', 'Saumya Das']",42136241,Current drug targets. 2026 May 06. doi: 10.2174/0113894501450885260409050432.,15-05-2026,,,Rishikesh Singh,Current drug targets. 2026 May 06. doi: 10.2174/0113894501450885260409050432.
A Complement and Coagulation Cascade-Related Prognostic Signature Predicts Survival and Immune Landscape in Lung Adenocarcinoma.,To evaluate the prognostic value of complement and coagulation cascades (CCC) in lung adenocarcinoma (LUAD).,2026,2026,Current gene therapy,Current gene therapy,10.2174/0115665232473551260504092329,https://pubmed.ncbi.nlm.nih.gov/42136237/,"['Lung adenocarcinoma', 'WGCNA', 'complement and coagulation cascade', 'drug sensitivity.', 'immunity', 'prognosis']",[],"['Binbin He', 'Rangfei Zhu', 'Na Li', 'Wei Li']",42136237,Current gene therapy. 2026 May 07. doi: 10.2174/0115665232473551260504092329.,15-05-2026,,,Binbin He,Current gene therapy. 2026 May 07. doi: 10.2174/0115665232473551260504092329.
"The impact of smart city pilot policies on household consumption in households with older adults: mechanisms, heterogeneity, and inequality.","With the rapid advancement of Smart City development, its impact on per capita household consumption in households with older adults remains insufficiently understood. This study aims to examine the causal effects of Smart City pilot policies on household consumption and consumption structure among older households in China.",2026,2026,BMC geriatrics,BMC geriatrics,10.1186/s12877-026-07606-4,https://pubmed.ncbi.nlm.nih.gov/42135640/,"['Consumption inequality', 'Difference-in-differences', 'Digital connectivity', 'Household consumption', 'Smart City']",[],['Zhiying Li'],42135640,BMC geriatrics. 2026 May 14. doi: 10.1186/s12877-026-07606-4.,15-05-2026,,,Zhiying Li,BMC geriatrics. 2026 May 14. doi: 10.1186/s12877-026-07606-4.
Strategic prioritization of blockchain diffusion factors by an integrated fuzzy Delphi-Dombi LMAW model: A case study in Bangladesh healthcare sectors.,"Over the recent years, blockchain technology has been an essential practice in enhancing profitability in healthcare supply chains, especially in emerging economies. Nevertheless, regulatory uncertainty, management resistance and inadequate technological infrastructure are major setbacks. This study evaluates the diffusion factors of blockchain technology in healthcare sector of Bangladesh within a two-stage method; first, combining literature review and expert opinions, 26 significant factors were identified, which were later reduced to 22 through Fuzzy Delphi Method across 5 dimensions (Organizational, Technological, Environmental, Managerial, Individual). In the second stage, the factors ranked in importance using the Dombi Logarithmic Methodology of Additive Weights (LMAW) were consequently subjected to sensitivity analysis to ensure the robustness of results. The results indicate that the most impactful drivers are Top Management Support (0.0501), Organization Readiness (0.0485) and Trust Among Stakeholders (0.0481) for all the healthcare organizations whereas Smart Contract Automation (0.0368) and Innovation Pressure (0.0362) got the least importance and indicate that the sector is in need of strategic leadership and infrastructure rather than advanced innovations. Theoretically, this study advances technology adoption literature by demonstrating that fundamental organizational readiness and leadership support act as non-compensatory prerequisites for blockchain diffusion in emerging economies. Managerially, the proposed framework empowers healthcare executives and policymakers with an actionable roadmap for targeted resource allocation, facilitating strategic blockchain integration to enhance supply chain transparency and resilience.",2026,2026,PloS one,PloS one,10.1371/journal.pone.0348578,https://pubmed.ncbi.nlm.nih.gov/42133605/,[],"['Bangladesh', 'Delphi Technique', 'Humans', 'Blockchain', 'Health Care Sector', 'Fuzzy Logic']","['Nasif Morshed', 'Raad Shahamat Labib', 'Mushfiqur Rahman', 'Kazi Md Tanvir Anzum']",42133605,PloS one. 2026. 21(5):e0348578. doi: 10.1371/journal.pone.0348578.,14-05-2026,PMC13175360,,Nasif Morshed,PloS one. 2026. 21(5):e0348578. doi: 10.1371/journal.pone.0348578.
The Role of Artificial Intelligence in Medication Management for Older Adults: A Systematic Review.,"Older adults face increased risks of medication non-adherence, adverse drug events, and polypharmacy due to chronic health conditions and complex drug regimens. Traditional medication management approaches often fall short in addressing these challenges. Artificial intelligence (AI) has emerged as a promising tool for enhancing medication safety and personalization in geriatric care. This systematic review aimed to explore the role of AI in medication management for older adults, highlighting its effectiveness, usability, ethical implications, and integration within healthcare systems. Following PRISMA guidelines, a comprehensive search was conducted across six databases (PubMed, Scopus, Web of Science, CINAHL, IEEE Xplore, and Cochrane Library) for studies published between January 2015 and March 2025. Eligible studies included qualitative, quantitative, and mixed-methods research on AI-based medication interventions for individuals aged 60 and above. Data were synthesized thematically. Twenty-nine studies were included. Five major themes emerged: (1) AI's ability to enhance adherence through smart reminders and automation; (2) personalized and predictive capabilities in managing complex regimens; (3) design and usability challenges among older adults; (4) ethical concerns related to trust, privacy, and autonomy; and (5) the importance of seamless integration within clinical workflows. Cross-cutting observations emphasized the need for hybrid care models, inclusive design, and digital literacy training. AI has the potential to transform geriatric medication management. However, its success depends on ethical implementation, user-centered design, healthcare integration, and attention to equity. Long-term evaluations are essential to ensure sustainable and inclusive outcomes.",2026,2026,Aging medicine (Milton (N.S.W)),Aging medicine (Milton (N.S.W)),10.1002/agm2.70074,https://pubmed.ncbi.nlm.nih.gov/42130758/,"['artificial intelligence', 'digital health technology', 'geriatric care', 'medication management', 'older adults']",[],"['Dipak Chandra Das', 'Moustaq Karim Khan Rony', 'Shovit Dutta', 'Md Sami Al Zubair Zujbe', 'Tapan Bhattacharjee', 'Niloy Debnath', 'Shabbir Abdullah Maruf', 'Chowdhury Galib Mortuza', 'Farhana Rahman', 'Akash Das']",42130758,Aging medicine (Milton (N.S.W)). 2026 Apr. 9(2):196-213. doi: 10.1002/agm2.70074.,14-05-2026,PMC13163944,,Dipak Chandra Das,Aging medicine (Milton (N.S.W)). 2026 Apr. 9(2):196-213. doi: 10.1002/agm2.70074.
Healthcare Providers' perspectives on the adoption of Smart Care Technologies in Korean Long-Term Care Hospitals.,"Many smart care technologies have been developed recently, but it remains unclear which of them are necessary for use in long-term care hospitals (LTCHs).",2026,2026,Annals of geriatric medicine and research,Annals of geriatric medicine and research,10.4235/agmr.26.0019,https://pubmed.ncbi.nlm.nih.gov/42130178/,"['Digital Health', 'Health Personnel', 'Hospital', 'Long-term care', 'Republic of Korea', 'Workload']",[],"['Seok Gyu Kim', 'Soong-Nang Jang', 'Hyuk Ga']",42130178,Annals of geriatric medicine and research. 2026 May 14. doi: 10.4235/agmr.26.0019.,14-05-2026,,,Seok Gyu Kim,Annals of geriatric medicine and research. 2026 May 14. doi: 10.4235/agmr.26.0019.
"A lifecycle governance and learning health system framework for trustworthy, generalizable, and sustainable human-ai partnership in clinical practice: Lessons from the asthma-guidance and prediction system (A-GPS).","The integration of artificial intelligence (AI) into clinical decision support (CDS) holds promise for proactive, personalized, and precision care. However, current understanding of how to establish trustworthy human-AI partnerships is in its infancy, despite its critical importance for implementing AI in healthcare. We present the Asthma-Guidance and Prediction System (A-GPS) as a case study of a practice-integrated AI platform that demonstrates how trustworthy, generalizable and sustainable AI can be developed, evaluated, and implemented in real-world asthma care. We describe major challenges and solutions based on our real-world experience during the process and offer the practical framework, approaches, tools and workflow for implementing trustworthy, generalizable and sustainable AI in frontline practices. While A-GPS is an asthma-specific AI tool, it was built on top of a disease-agnostic electronic health record (EHR)-integrated clinical decision support (CDS) platform based on an Application Programming Interface (API)‑first backbone of reusable services. It was designed to reduce chart-review/processing burden and enable proactive, guideline-concordant asthma management by synthesizing fragmented longitudinal multimodal data into a clinical decision-relevant summary at the point of care. A-GPS platform integrates multiple natural language processing (NLP) algorithms to leverage free texts info in EHRs, machine learning model to offer risk stratification, and remote patient monitoring (RPM) approaches to capture real-time data from patients, enabling remote asthma (chronic disease) care. The platform has been deployed via Substitutable Medical Applications and Reusable Technologies-on-Fast Healthcare Interoperability Resources (SMART-on-FHIR) to ensure in-workflow delivery and maintainable governance making it flexible and interoperable across different EHRs systems and different chronic diseases. The translational maturity of A-GPS as an AI-powered CDS tool for pediatric asthma was demonstrated and sustained through engagement and co-design with diverse community and care team partners, including adult and pediatric Community Advisory Board, pediatric patients and their parents, clinicians (primary care providers and specialists), nurses, schedulers, as well as bioethicists and regulatory experts. Moreover, the tool was evaluated in two randomized clinical trial (RCT)s. The first trial showed a 67% reduction in clinicians' EHR review time, high clinician satisfaction, potential healthcare cost savings, fairness in model performance, and no adverse events. Trustworthiness was further assessed and supported through fairness evaluation by participant socioeconomic status (SES) using the HOUsing-based SocioEconomic Status (HOUSES) index, human-centered user interface/user experience (UI/UX) analysis, clinician workflow optimization, transparent governance practices, and best practices for regulatory science. The A-GPS experience operationalizes a reproducible, lifecycle-governed framework for generating decision-grade evidence on safety, effectiveness, usability, fairness, and workflow integration, directly addressing the translational gap between AI model development and trustworthy, sustainable deployment in real-world clinical environments. These efforts led to national recognitions, including invitation to the inaugural American Medical Informatics Association (AMIA) AI Showcase, and AI evaluation use case for a national health AI coalition. The second RCT evaluated the feasibility of integrating a remote patient monitoring (RPM) device (home spirometry) into the A-GPS platform, with a published RCT protocol that serves as a framework for RCT for evaluating AI models under the Standard Protocol Items: Recommendations for Interventional Trials (SPIRIT) guidelines for RCTs that evaluate AI tools, offering the practical framework, approaches, tools, and workflow for trustworthy, generalizable and sustainable AI tools in asthma care. This work illustrates how team science, community engagement, implementation science, and learning health system principles can be operationalized to establish a human-AI partnership model to advance translational science and clinical care, with the goal of improving health for all.",2026,2026,Journal of the National Medical Association,Journal of the National Medical Association,10.1016/j.jnma.2026.04.001,https://pubmed.ncbi.nlm.nih.gov/42128801/,"['Artificial intelligence', 'Asthma', 'Clinical decision support systems', 'Health equity', 'Implementation science', 'Learning health systems']",[],"['Chung-Il Wi', 'Shauna Overgaard', 'Momin Malik', 'Dave Watson', 'Deepak Sharma', 'Jennifer Le-Rademacher', 'Dan Kelleher', 'Lu Zheng', 'Joshua Ohde', 'Brian Lynch', 'Ashwani Khurana', 'Sunghwan Sohn', 'Mahmoud M AlJuhani', 'Chris Carpenter', 'Manuel Arteta', 'Jason Greenwood', 'Martha Hartz', 'Randy Foss', 'Elif Polat', 'Imad Absah', 'Carla Davis', 'Meera Gupta', 'Lynnea Myers', 'Björn Nordlund', 'Cui Tao', 'Mark L Wieland', 'Christi Patten', 'Amie Jones', 'Prathibha Varkey', 'Brenna T Loufek', 'David E Vidal', 'Nari Gopala', 'Eric Klee', 'Vijay H Shah', 'John D Halamka', 'Matthew R Callstrom', 'Nicholas L Rider', 'Hongfang Liu', 'Constantin Aliferis', 'Vesna D Garovic', 'Young J Juhn']",42128801,Journal of the National Medical Association. 2026 May 13. doi: 10.1016/j.jnma.2026.04.001.,14-05-2026,,,Chung-Il Wi,Journal of the National Medical Association. 2026 May 13. doi: 10.1016/j.jnma.2026.04.001.
Using a Digital-Based Mindfulness Curriculum to Enhance Healthy Aging Outcomes in Community-Dwelling Older Adults in Taiwan: Mixed Methods Feasibility Study.,"Taiwan's status as a super-aged society underscores the need for efficient strategies to promote healthy aging. While the benefits of mindfulness-based interventions for sleep and mental health are evident, there is a shortage of cultural adaptations for Taiwan's older adults. Current courses mainly focus on mindfulness-based stress reduction, while neglecting mindfulness-based elder care, and mindful sustainable aging principles. However, the abstract nature of some mindfulness concepts, combined with limited digital support and localized resources, makes it challenging for older adults to engage effectively.",2026,2026,JMIR human factors,JMIR human factors,10.2196/84161,https://pubmed.ncbi.nlm.nih.gov/42127410/,"['Delphi method', 'digital learning', 'healthy aging', 'mindfulness', 'mixed methods', 'older adults']","['Humans', 'Mindfulness', 'Taiwan', 'Aged', 'Female', 'Feasibility Studies', 'Male', 'Healthy Aging', 'Independent Living', 'Curriculum', 'Aged, 80 and over', 'Middle Aged', 'Pilot Projects']","['Yu-Rung Wang', 'Pei-Lun Hsieh', 'Chia-Hsiu Chang', 'Chia-Chi Hsiao', 'Mei-Lien Hu']",42127410,JMIR human factors. 2026 May 13. 13:e84161. doi: 10.2196/84161.,13-05-2026,PMC13170997,,Yu-Rung Wang,JMIR human factors. 2026 May 13. 13:e84161. doi: 10.2196/84161.
Establishment and Comparison of High-Throughput Immunoassays for Quantifying Clostridioides difficile Infection Biomarkers.,"Clostridioides difficile infection (CDI) is the leading cause of healthcare-associated diarrhea, most often occurring after antibiotic exposure. In this study, we established three immunoassays: indirect enzyme-linked immunosorbent assay (ELISA), sandwich ELISA, and fluorescence-linked immunosorbent assay (FLISA), using antibodies specific to the major virulence factors, toxin A (TcdA) and toxin B (TcdB). Indirect ELISA demonstrated high specificity with an overall assay time within 21 h, achieving sensitive detection of both toxins. Although more time- and resource-intensive (22 h), sandwich ELISA is advantageous for applications where pre-coated plates or ready-to-use membranes can reduce assay time. FLISA, using optimized fluorescent dye-conjugated antibodies, offered the most rapid workflow and simplest preparation, with potential for multiplex detection, though its sensitivity was lower than that of ELISA. All three assays were implemented in a 96-well plate format, which supported parallel sample processing, reduced turnaround times, and offered scalability for high-throughput applications. Depending on assay requirements, such as analytical sensitivity, turnaround time, and cost-effectiveness, these methods provide complementary approaches for the detection of TcdA and TcdB.",2026,2026,Biotechnology journal,Biotechnology journal,10.1002/biot.70238,https://pubmed.ncbi.nlm.nih.gov/42125966/,"['Clostridioides difficile infection', 'ELISA', 'FLISA', 'antibody', 'immunoassay']","['Clostridioides difficile', 'Bacterial Toxins', 'Enzyme-Linked Immunosorbent Assay', 'Bacterial Proteins', 'Enterotoxins', 'Clostridium Infections', 'Biomarkers', 'Humans', 'High-Throughput Screening Assays', 'Sensitivity and Specificity', 'Immunoassay']","['Hanool Yun', 'Na-Hyeon Kwon', 'Minhee Kang', 'Tae Yeul Kim', 'Hee-Jin Jeong']",42125966,Biotechnology journal. 2026 May. 21(5):e70238. doi: 10.1002/biot.70238.,13-05-2026,,,Hanool Yun,Biotechnology journal. 2026 May. 21(5):e70238. doi: 10.1002/biot.70238.
"Multidisciplinary Stakeholder Perspectives on the Design Needs of a Smart Walker for Fall Prevention Among Older Adults: A Qualitative Study in West Java, Indonesia.","Falls among older adults remain a critical patient safety concern globally. Conventional walkers frequently fail to accommodate end-user needs, particularly in low-to-middle-income country (LMIC) settings. Understanding stakeholder design requirements is essential for developing contextually appropriate, technology-enhanced assistive devices.",2026,2026,Journal of multidisciplinary healthcare,Journal of multidisciplinary healthcare,10.2147/JMDH.S605216,https://pubmed.ncbi.nlm.nih.gov/42125049/,"['allied health', 'assistive technology', 'design thinking', 'fall prevention', 'older adults', 'qualitative research', 'stakeholder perspectives', 'walker']",[],"['Dhika Dharmansyah', 'Laili Rahayuwati', 'Iqbal Pramukti', 'Kuswandewi Mutyara']",42125049,Journal of multidisciplinary healthcare. 2026. 19:605216. doi: 10.2147/JMDH.S605216.,13-05-2026,PMC13158261,,Dhika Dharmansyah,Journal of multidisciplinary healthcare. 2026. 19:605216. doi: 10.2147/JMDH.S605216.
Electrospun Cellulose Acetate Nanofibers for Healthcare Products: Towards Sensing Pads for Endometriosis.,"The need for reliable preventive medicine tools is growing, especially for diseases with long diagnostic delays, such as endometriosis, which can take several years to diagnose. In this context, cellulose acetate nanofibrous membranes were prepared via electrospinning, to create the absorbent core of a smart wearable in the form of a sanitary pad, intended to support electronic diagnostic devices. A multi-layered structure was opted for, with each layer acting in a specific way according to its position within the pad, regarding mainly absorbency and porosity. The membranes were ultralight and highly absorbent, with single membranes showing an absorbency of 20-70 times their initial weight, and multi-layered membranes 15-30 times. Morphological evaluation of the pad was used as the basis for the optimization of the fabrication parameters, while liquid absorption capacity confirmed the pad's high absorbency. Additionally, chemical and toxicological assessments indicated in vitro biocompatibility of the pad. The potential of the electrospinning process in the fabrication of menstrual hygiene pads is shown by these results. Future studies should focus on the integration of smart devices within the pad, as well as their functionality and effectiveness.",2026,2026,Polymers,Polymers,10.3390/polym18091036,https://pubmed.ncbi.nlm.nih.gov/42122666/,"['cellulose acetate', 'electrospinning', 'endometriosis', 'nanofibrous membrane', 'preventive medicine', 'toxicological safety']",[],"['Theofilos Giannopoulos', 'Danai E Prokopiou', 'Elias P Koumoulos']",42122666,Polymers. 2026 Apr 24. 18(9). doi: 10.3390/polym18091036.,13-05-2026,PMC13165042,,Theofilos Giannopoulos,Polymers. 2026 Apr 24. 18(9). doi: 10.3390/polym18091036.
Advanced Sensors for Real-Time Monitoring Applications ‖.,"In the world of electronics, sensors are more than just components-they are the eyes, ears, and touchpoints of modern technology. From self-driving cars that rely on LiDAR and ultrasonic sensors to navigate complex environments, smart watches that detect your every move and heartbeat, to advanced brain chip implants that can sense your thoughts and translate them into physical moves with the assistance of exoskeletons, sensors bridge the gap between the physical world and digital systems. The rapid arrival of advanced Artificial Intelligence (AI) and Large Language Models (LLMs) has transformed almost every part of technology, especially data processing. However, the development of sensors remains a vitally important topic. Sensors form the foundation of innovation in electronics; novel sensors provide reliable data across a broad range of application areas and are a foundation for intelligent systems. Notably, knowing the capabilities and limitations of each sensor type is crucial for selecting the right sensor for a specific application, troubleshooting issues, and optimizing system performance. This book, entitled ""Advanced Sensors for Real-Time Monitoring Applications II"", demonstrates developments of real sensors for a range of applications, including descriptions of fundamental principles of operation, concepts, theory, and practical validation of the results, as well as a review of current state-of-the-art and future directions.",2026,2026,"Sensors (Basel, Switzerland)","Sensors (Basel, Switzerland)",10.3390/s26092703,https://pubmed.ncbi.nlm.nih.gov/42122424/,"['PPG', 'biodegradable implants', 'biopotential', 'healthcare', 'heart rate', 'intelligent transportation systems', 'motion capture', 'photoacoustic spectroscopy', 'remote monitoring', 'residual cancer burden']","['Humans', 'Artificial Intelligence', 'Monitoring, Physiologic', 'Biosensing Techniques']","['Olga Korostynska', 'Alex Mason']",42122424,"Sensors (Basel, Switzerland). 2026 Apr 27. 26(9). doi: 10.3390/s26092703.",13-05-2026,PMC13165885,,Olga Korostynska,"Sensors (Basel, Switzerland). 2026 Apr 27. 26(9). doi: 10.3390/s26092703."
Integrative Multidimensional Machine Learning Models for Stroke Prognosis: Age-Stratified and History Engineered Perspectives.,,2026,2026,"Diagnostics (Basel, Switzerland)","Diagnostics (Basel, Switzerland)",10.3390/diagnostics16091348,https://pubmed.ncbi.nlm.nih.gov/42122050/,"['machine learning', 'multidimensional analysis', 'prognosis', 'stroke']",[],"['Gawon Lee', 'Sunyoung Kwon', 'Seung-Ho Shin', 'Chulho Kim', 'Jae Yong Yu']",42122050,"Diagnostics (Basel, Switzerland). 2026 Apr 29. 16(9). doi: 10.3390/diagnostics16091348.",13-05-2026,PMC13163306,,Gawon Lee,"Diagnostics (Basel, Switzerland). 2026 Apr 29. 16(9). doi: 10.3390/diagnostics16091348."
Toward Intelligent Emergency Triage: A Feasibility Study of Real-Time Facial Expression-Based Chest Pain Intensity Assessment.,,2026,2026,"Diagnostics (Basel, Switzerland)","Diagnostics (Basel, Switzerland)",10.3390/diagnostics16091346,https://pubmed.ncbi.nlm.nih.gov/42122048/,"['YOLO', 'deep learning', 'expression recognition', 'face detection', 'image recognition']",[],"['Yu-Tse Tsan', 'Rita Wiryasaputra', 'Yi-Jun Hsieh', 'Qi-Xiang Zhang', 'Hsing-Hung Liu', 'Chao-Tung Yang']",42122048,"Diagnostics (Basel, Switzerland). 2026 Apr 29. 16(9). doi: 10.3390/diagnostics16091346.",13-05-2026,PMC13163485,,Yu-Tse Tsan,"Diagnostics (Basel, Switzerland). 2026 Apr 29. 16(9). doi: 10.3390/diagnostics16091346."
Metabolomic Biomarkers for Monitoring Tuberculosis Treatment Response: A Comprehensive Literature Review.,"Tuberculosis (TB) remains a major global cause of morbidity and mortality. Current tools for monitoring treatment response rely on sputum-based microscopy and culture, which are often insensitive, time-consuming, and impractical in extrapulmonary or pediatric TB and in individuals unable to produce sputum. Metabolomics has emerged as a promising approach for identifying host-derived biomarkers that reflect treatment-associated immunometabolic changes; however, the available evidence remains heterogeneous and has not been comprehensively synthesized. We conducted a comprehensive literature review of human studies evaluating metabolomic biomarkers in relation to TB treatment response or outcomes. PubMed, Scopus, and EMBASE were searched for human studies evaluating targeted or untargeted metabolomics (NMR, LC-MS, GC-MS, CE-MS) in relation to treatment response or outcomes. Two reviewers independently screened studies, extracted data, and assessed risk of bias using QUIPS and PROBAST. Findings were synthesized using a structured framework organized across treatment stages and outcomes. Of 218 records identified, 139 titles and abstracts were screened and 42 full texts assessed; 15 studies met the inclusion criteria. Recurrent treatment-associated signals involved amino acid metabolism, particularly the tryptophan-kynurenine pathway, as well as vitamin and cofactor metabolites (pyridoxate, nicotinamide, trigonelline). Plasma studies frequently reported lipid remodeling and bile acid perturbations, whereas urine studies highlighted polyamine metabolism (e.g., N",2026,2026,"Diagnostics (Basel, Switzerland)","Diagnostics (Basel, Switzerland)",10.3390/diagnostics16091278,https://pubmed.ncbi.nlm.nih.gov/42121982/,"['biomarkers', 'metabolomics', 'treatment outcome', 'treatment response', 'tuberculosis']",[],"['Hien Thi Thu Nguyen', 'Tuong Khanh Bui-Nguyen', 'Chi Que Nguyen', 'Hanh Thi My Dinh', 'Trang Khanh Tran', 'Nhung Thi Thuy Hoang', 'Huong Minh Nguyen', 'Vang Le-Quy', 'Alexei Korobitsyn', 'Linh Nhat Nguyen']",42121982,"Diagnostics (Basel, Switzerland). 2026 Apr 23. 16(9). doi: 10.3390/diagnostics16091278.",13-05-2026,PMC13162725,,Hien Thi Thu Nguyen,"Diagnostics (Basel, Switzerland). 2026 Apr 23. 16(9). doi: 10.3390/diagnostics16091278."
Living Alone as a Persistent Risk Factor for Smoking and High-Risk Drinking: A Three-Year Repeated Cross-Sectional Analysis Before and During the COVID-19 Pandemic in the Republic of Korea.,,2026,2026,"Healthcare (Basel, Switzerland)","Healthcare (Basel, Switzerland)",10.3390/healthcare14091251,https://pubmed.ncbi.nlm.nih.gov/42121692/,"['COVID-19', 'Republic of Korea', 'high-risk drinking', 'single-person household', 'smoking']",[],['Sarang Jang'],42121692,"Healthcare (Basel, Switzerland). 2026 May 06. 14(9). doi: 10.3390/healthcare14091251.",13-05-2026,PMC13163507,,Sarang Jang,"Healthcare (Basel, Switzerland). 2026 May 06. 14(9). doi: 10.3390/healthcare14091251."
Usage Intention Toward an Interactive Smart Mirror Exercise Program Among Community-Dwelling Older Adults: An Application of the Decomposed Theory of Planned Behavior.,,2026,2026,"Healthcare (Basel, Switzerland)","Healthcare (Basel, Switzerland)",10.3390/healthcare14091120,https://pubmed.ncbi.nlm.nih.gov/42121563/,"['advanced display technology', 'decomposed theory of planned behavior', 'exercise technology', 'health promotion', 'older adults', 'technology acceptance']",[],"['Yih-Ming Weng', 'Gia-Wei Chang', 'Meng-Siew Hii', 'Hsiu-Chun Chien', 'Jong-Long Guo']",42121563,"Healthcare (Basel, Switzerland). 2026 Apr 22. 14(9). doi: 10.3390/healthcare14091120.",13-05-2026,PMC13164063,,Yih-Ming Weng,"Healthcare (Basel, Switzerland). 2026 Apr 22. 14(9). doi: 10.3390/healthcare14091120."
Machine learning-driven adaptive parameter selection for homomorphic encryption in edge computing.,"The rapid proliferation of Internet of Things (IoT) devices and edge computing infrastructures has intensified concerns regarding data security and privacy, particularly when sensitive information is processed beyond centralized cloud environments. Homomorphic encryption (HE) offers a compelling solution by enabling computations directly on encrypted data; however, its substantial computational overhead continues to limit deployment in latency-sensitive edge applications. This paper presents a machine learning-driven framework designed to enhance the practicality of homomorphic encryption for intelligent edge environments. Our approach integrates gradient boosting optimization with the Cheon-Kim-Kim-Song (CKKS) encryption scheme to dynamically adjust cryptographic parameters in response to varying workload characteristics. We develop rigorous mathematical foundations, including formal optimization models, complexity analysis, and security proofs grounded in the Ring Learning With Errors (RLWE) assumption. We validate our framework through comprehensive experiments on the Heart Failure Prediction dataset from the UCI Machine Learning Repository, employing an expanded parameter space spanning 20 configurations across polynomial degrees from 4096 to 16,384, with security levels validated using the Albrecht-Player-Scott lattice-estimator methodology. The empirical results demonstrate substantial improvements over a conservative static baseline: latency reduction of 53.09%, throughput enhancement of 285.28%, and energy savings of 72.53%, all while maintaining computational accuracy above 0.999 and cryptographic security guarantees of at least 128 bits. Statistical analysis confirms the significance of these improvements with a p-value of [Formula: see text] and a large effect size (Cohen's [Formula: see text]). Five-fold cross-validation confirms model generalisability ([Formula: see text]). Furthermore, we provide interpretability analysis through SHAP (SHapley Additive exPlanations) values to elucidate the ML optimizer's decision-making process, addressing concerns about transparency in automated cryptographic systems. Crucially, unlike simple heuristic baselines that may sacrifice computational accuracy for speed, our ML optimizer enforces accuracy as a hard constraint, ensuring reliable results in safety-critical applications. This work offers both theoretical rigor and empirical validation, demonstrating that machine learning-enhanced homomorphic encryption can serve as an effective and secure solution for edge computing applications in healthcare, industrial IoT, and smart city domains.",2026,2026,Scientific reports,Scientific reports,10.1038/s41598-026-52587-4,https://pubmed.ncbi.nlm.nih.gov/42120489/,"['CKKS scheme', 'Edge security', 'Gradient boosting optimization', 'Homomorphic encryption', 'IoT security', 'Machine learning', 'Privacy-preserving computation']",[],"['Hamid El Bouabidi', 'Mohamed El Ghmary', 'Salah Eddine Hebabaze', 'Mohamed Amnai']",42120489,Scientific reports. 2026 May 12. doi: 10.1038/s41598-026-52587-4.,13-05-2026,,,Hamid El Bouabidi,Scientific reports. 2026 May 12. doi: 10.1038/s41598-026-52587-4.
Zinc-integrated strategies in active periodontal therapy: Mapping the evidence to the EFP stepwise framework - A scoping review (2020-2025).,"Periodontitis is a significant global health burden, requiring effective management strategies to prevent tooth loss. The European Federation of Periodontology (EFP) S3-level clinical practice guidelines (2020) advocate a comprehensive, stepwise therapeutic approach to periodontal therapy, emphasizing the need for effective adjunctive regenerative modalities to limit the disease progression. Zinc, a trace element with well-established anti-inflammatory, antimicrobial and regenerative properties, has drawn significant attention in this domain. However, its diverse applications across the modern therapeutic protocols remain unmapped.",2026,2026,Journal of trace elements in medicine and biology : organ of the Society for Minerals and Trace Elements (GMS),Journal of trace elements in medicine and biology : organ of the Society for Minerals and Trace Elements (GMS),10.1016/j.jtemb.2026.127879,https://pubmed.ncbi.nlm.nih.gov/42119479/,"['Bone regeneration', 'EFP framework', 'Oral care', 'Periodontitis', 'Scoping review', 'Tissue engineering', 'Zinc']",[],"['Farhana Sikder', 'Rathna Devi Vaithilingam', 'Mohammad Tariqur Rahman', 'Jazli Aziz']",42119479,Journal of trace elements in medicine and biology : organ of the Society for Minerals and Trace Elements (GMS). 2026 May 07. 95:127879. doi: 10.1016/j.jtemb.2026.127879.,13-05-2026,,,Farhana Sikder,Journal of trace elements in medicine and biology : organ of the Society for Minerals and Trace Elements (GMS). 2026 May 07. 95:127879. doi: 10.1016/j.jtemb.2026.127879.
A smart closed-loop microneedle system for self-regulated blood glucose management.,"In modern medicine, glycemic control is critical for the health of individuals with diabetes. Over decades of care, patients with diabetes have relied on glucose meters for monitoring and on insulin or adjunct hypoglycemic agents for glycemic control. Frequent blood sampling and injections increase infection risk, restrict patient mobility, and generate substantial single-use medical waste. We present a simple, user-friendly closed-loop blood-glucose management system. The system integrates a highly sensitive glucose sensor and a controllable drug-release module within a dual-mode microneedle array, coupled with a miniature electrochemical workstation, thereby enabling dynamic glucose monitoring, precise drug delivery, and stable glycemic control with minimal patient intervention. The system's design demonstrates potential for achieving closed-loop glucose management. Preliminary proof-of-concept studies in diabetic mouse models yielded positive trends in relevant data. This work establishes an engineering framework integrating dual-mode microneedle devices with portable bioelectronic devices, providing a technical foundation for future mid-to-long-term closed-loop glucose management.",2026,2026,Biosensors & bioelectronics,Biosensors & bioelectronics,10.1016/j.bios.2026.118561,https://pubmed.ncbi.nlm.nih.gov/42119159/,"['Blood glucose management', 'Closed-loop system', 'Microneedles', 'Wearable microneedle drug delivery system', 'Wearable microneedle sensor']",[],"['Xue Wang', 'Lin He', 'Zihan Li', 'Zongqian Hu']",42119159,Biosensors & bioelectronics. 2026 Feb 25. 308:118561. doi: 10.1016/j.bios.2026.118561.,12-05-2026,,,Xue Wang,Biosensors & bioelectronics. 2026 Feb 25. 308:118561. doi: 10.1016/j.bios.2026.118561.
Preferences and Willingness to Pay for Smart Bracelets Among Chinese Pregnant and Postpartum Women: Discrete Choice Experiment.,"Pregnant and postpartum women encounter various health challenges, including physiological stress and mental health issues, which necessitate ongoing health monitoring. Smart bracelets present a promising solution; however, there is limited research on the preferences and willingness to pay (WTP) for such devices among this demographic.",2026,2026,Journal of medical Internet research,Journal of medical Internet research,10.2196/55941,https://pubmed.ncbi.nlm.nih.gov/42119135/,"['discrete choice experiment', 'pregnant and postpartum women', 'smart bracelets', 'willingness to pay', 'women’s health']","['Humans', 'Female', 'Pregnancy', 'Adult', 'China', 'Cross-Sectional Studies', 'Postpartum Period', 'Patient Preference', 'Choice Behavior', 'Pregnant People', 'Wearable Electronic Devices', 'East Asian People']","['Jing Wang', 'Mingyue Cheng', 'Jialiang Feng', 'Wenzhuo Li', 'Xiaotao Zhou', 'Yufang Cao', 'Haiyan Feng', 'Fan Yang', 'Xiaoyun Wang', 'Yibo Wu']",42119135,Journal of medical Internet research. 2026 May 12. 28:e55941. doi: 10.2196/55941.,12-05-2026,PMC13167057,,Jing Wang,Journal of medical Internet research. 2026 May 12. 28:e55941. doi: 10.2196/55941.
Radioiodinated compound FJR01: a novel P2X7R-targeted SPECT tracer for visualizing glioma-associated microglia/macrophages in a rat glioblastoma model.,"The P2X7 receptor (P2X7R) is an imaging biomarker of glioblastoma-associated microglia/macrophages (GAMMs), yet no SPECT tracer is currently available for GAMM imaging. Guided by the high-affinity P2X7R scaffold JNJ-64413739 and molecular docking, we designed two radioiodination-ready analogues, FJR01 and FJR02. Compounds were screened",2026,2026,Journal of enzyme inhibition and medicinal chemistry,Journal of enzyme inhibition and medicinal chemistry,10.1080/14756366.2026.2659995,https://pubmed.ncbi.nlm.nih.gov/42113227/,"['P2X7 receptor (P2X7R)', 'glioblastoma', 'glioblastoma-associated microglia and macrophages (GAMMs)', 'single photon emission computed tomography (SPECT)', 'tumor microenvironment']","['Animals', 'Receptors, Purinergic P2X7', 'Tomography, Emission-Computed, Single-Photon', 'Glioblastoma', 'Rats', 'Humans', 'Iodine Radioisotopes', 'Microglia', 'Mice', 'Molecular Structure', 'Macrophages', 'Dose-Response Relationship, Drug', 'Structure-Activity Relationship', 'Radiopharmaceuticals', 'Tissue Distribution', 'Brain Neoplasms', 'Disease Models, Animal', 'Molecular Docking Simulation', 'Glioma']","['Xiyan Rui', 'Shengxuan Sun', 'Yuzhou Ding', 'Yanshan Li', 'Xinran Zhao', 'Fangfei Hu', 'Zijian Zhou', 'Nailian Zhang', 'Chuyi Zhang', 'Chao Cheng', 'Bin Ji']",42113227,Journal of enzyme inhibition and medicinal chemistry. 2026 Dec. 41(1):2659995. doi: 10.1080/14756366.2026.2659995.,11-05-2026,PMC13162550,,Xiyan Rui,Journal of enzyme inhibition and medicinal chemistry. 2026 Dec. 41(1):2659995. doi: 10.1080/14756366.2026.2659995.
Health System Factors in Head and Neck Cancer Diagnosis: A HEADSpAcE Consortium Qualitative Study in Glasgow and Montevideo.,"Head and neck cancer (HNC) is a devastating diagnosis, with advanced-stage disease leading to poorer outcomes. This qualitative study aimed to identify health system factors associated with stage of HNC diagnosis.",2026,2026,Head & neck,Head & neck,10.1002/hed.70262,https://pubmed.ncbi.nlm.nih.gov/42108400/,"['head and neck cancer', 'health systems', 'qualitative methods']",[],"['Grant Creaney', 'Iván Lyra González', 'Mauricio Cuello', 'Mariél de Aquino Goulart', 'Alex D McMahon', 'Claire Paterson', 'James McCaul', 'Maja Popovic', 'Lorenzo Richiardi', 'Silvia Lopez de Blanc', 'Maria Paula Curado', 'Marta Vilensky', 'HEADSpAcE Consortium', 'Shaymaa Alwaheidi', 'Paul Brennan', 'Shama Virani', 'Al Ross', 'David I Conway']",42108400,Head & neck. 2026 May 10. doi: 10.1002/hed.70262.,11-05-2026,,,Grant Creaney,Head & neck. 2026 May 10. doi: 10.1002/hed.70262.
Myricetin alleviates Vibrio vulnificus elastase-induced autophagy and apoptosis in human intestinal epithelial cells via inhibition of NF-κB-mediated signaling.,"Myricetin, a naturally occurring flavonoid abundant in fruits, vegetables, and medicinal plants, is widely recognized for its strong antioxidant, anti-inflammatory, and anti-cancer activities. However, its regulatory effect on cellular signaling pathways activated by Vibrio (V.) vulnificus cytotoxins has not been fully elucidated. In this study, we investigated the cellular mechanism by which myricetin modulates cytotoxic autophagy induced by the V. vulnificus elastase VvpE in human gastrointestinal epithelial HT-29 cells. Treatment with recombinant VvpE (rVvpE) significantly induced autophagy-dependent cell death in HT-29 cells. Notably, myricetin treatment attenuated this effect by suppressing intracellular reactive oxygen species (ROS) accumulation. The reduction of ROS by myricetin inhibited the subsequent activation of c-Src and protein kinase C (PKC), thereby blocking p38 MAPK phosphorylation in rVvpE-exposed cells. Moreover, myricetin abrogated the activation of nuclear factor-kappa B (NF-κB), leading to downregulation of LC3-II and cleaved caspase-3 expression-key markers of autophagic and apoptotic cell death. Collectively, these findings highlight myricetin as a promising antibiotic-free therapeutic candidate capable of modulating host cellular responses to V. vulnificus infection by targeting the ROS-c-Src-PKC-MAPK-NF-κB signaling axis.",2026,2026,Toxicon : official journal of the International Society on Toxinology,Toxicon : official journal of the International Society on Toxinology,10.1016/j.toxicon.2026.109147,https://pubmed.ncbi.nlm.nih.gov/42107546/,"['Autophagy', 'Cell death', 'Myricetin', 'V. vulnificus', 'VvpE']",[],"['Ju-Yeon Lee', 'Ji-Su Bai', 'Yong Li', 'Won-Kyo Jung', 'Jae-Young Je', 'Sei-Jung Lee']",42107546,Toxicon : official journal of the International Society on Toxinology. 2026 May 08. 279:109147. doi: 10.1016/j.toxicon.2026.109147.,11-05-2026,,,Ju-Yeon Lee,Toxicon : official journal of the International Society on Toxinology. 2026 May 08. 279:109147. doi: 10.1016/j.toxicon.2026.109147.
Design and evaluation of a bifunctional fusion polypeptide for targeted delivery of tigecycline against drug-resistant Klebsiella pneumoniae.,"The overuse of antibiotics and the continuous evolution of drug-resistant bacteria present substantial obstacles to the clinical treatment of Carbapenem-resistant Klebsiella pneumoniae (CRKP) infections. This study reports the rational design of a bifunctional fusion polypeptide, S-thanatin (Ts)-functionalized elastin-like carrier (Ts-ELP), which integrates the antimicrobial peptide (AMP) Ts with a human-derived elastin‑like polypeptides (ELPs). This designer polypeptide serves as a smart carrier, capable of efficiently encapsulating the broad-spectrum antibiotic tigecycline (Tig) via reversible temperature-responsive phase transition hydrophobic interaction, resulting in a self-assembled, targeted nano-antibiotic, Tig@Ts-ELP (Tig@TsE). Comprehensive in vitro and in vivo evaluations demonstrate that Tig@TsE exhibits multiple advantageous features, including rapid and simple preparation, specific lipopolysaccharide (LPS)-targeting capability, excellent in vivo targeted delivery efficiency, and dual-responsive drug release triggered by the acidic pH and elevated matrix metalloproteinase-9 (MMP-9) levels in the CRKP-infected microenvironment, coupled with favorable biocompatibility. Moreover, the Ts peptide and Tig exhibit marked synergistic antibacterial effects against CRKP. This innovative nano-antibiotic delivery system is designed to increase local drug concentration at the infection site, boost bactericidal activity, and reduce systemic toxicity, thereby presenting a promising therapeutic strategy for the treatment of drug-resistant bacterial pneumonia.",2026,2026,Journal of nanobiotechnology,Journal of nanobiotechnology,10.1186/s12951-026-04497-w,https://pubmed.ncbi.nlm.nih.gov/42106854/,"['Dual-responsive', 'Elastin-like carrier', 'Nano-antibiotic', 'Synergistic antibacterial', 'Targeted delivery']",[],"['Meiling Zhou', 'Yuming Yao', 'Shuo Ma', 'Yaya Chen', 'GuliNazhaer Abudushalamu', 'Dawen Chen', 'Xiao Li', 'Yan Tao', 'Yue Hou', 'Xun Gao', 'Fengfeng Zhao', 'Chen Zhang', 'Hua Shao', 'Guoqiu Wu']",42106854,Journal of nanobiotechnology. 2026 May 09. doi: 10.1186/s12951-026-04497-w.,10-05-2026,,,Meiling Zhou,Journal of nanobiotechnology. 2026 May 09. doi: 10.1186/s12951-026-04497-w.
Characteristics and regional distribution of radiographers in Saudi Arabia: a national cross-sectional study.,"Radiographers play vital roles in diagnostics and therapeutic healthcare. Despite ongoing health sector reforms in Saudi Arabia, comprehensive national data on the radiographer workforce remain limited. This study aimed to examine the characteristics and distribution of radiographers in Saudi Arabia by identifying their demographic patterns, educational qualifications, and employment distribution across healthcare sectors and regions.",2026,2026,BMC health services research,BMC health services research,10.1186/s12913-026-14670-4,https://pubmed.ncbi.nlm.nih.gov/42106755/,"['Radiography', 'Saudi Arabia', 'Saudi vision 2030', 'Workforce distribution', 'Workforce planning']",[],['Jaber Hussain Alsalah'],42106755,BMC health services research. 2026 May 09. doi: 10.1186/s12913-026-14670-4.,10-05-2026,,,Jaber Hussain Alsalah,BMC health services research. 2026 May 09. doi: 10.1186/s12913-026-14670-4.
Enhancing privacy preservation and integrity in IoT-enabled wireless sensor networks through novel advanced cryptographic techniques.,"This study presents a novel hybrid cryptographic model designed to enhance privacy preservation and data integrity in IoT-enabled Wireless Sensor Networks (WSNs). Traditional algorithms such as RSA, AES, and Blowfish are evaluated and combined into a Hybrid Model to address the resource-constrained nature of IoT devices. The proposed model was tested on a dataset of sensor data, with performance metrics including encryption/decryption time, security strength, memory usage, data throughput, and communication overhead. Numerical findings demonstrate the Hybrid Model's superior performance, with encryption time reduced by 18% compared to Advanced Encryption Standard (AES), The hybrid model employs RSA-2048 (112-bit security strength) for key exchange and AES-256/Blowfish for data encryption (256-bit confidentiality protection). The memory usage was optimized, requiring only 25.16 KB, making it suitable for low-power IoT devices. Additionally, the Hybrid Model achieved a data throughput of 24.89 KB/s and reduced communication overhead to 1.32 KB. These results highlight the efficiency and robustness of the Hybrid Model in securing IoT-enabled WSNs. This research contributes a scalable, resource-efficient solution for privacy and data integrity, offering a promising advancement for real-time IoT applications in sectors such as healthcare, industrial automation, and smart homes.",2026,2026,Scientific reports,Scientific reports,10.1038/s41598-026-48128-8,https://pubmed.ncbi.nlm.nih.gov/42106393/,"['Cryptography', 'Privacy preserving', 'Sensor nodes', 'WSN']",[],"['Halima Sadia', 'Taj Rahman', 'Asif Rahim', 'Inayat Khan', 'Najeeb Ullah', 'Shabbab Ali Algamdi']",42106393,Scientific reports. 2026 May 09. doi: 10.1038/s41598-026-48128-8.,10-05-2026,,,Halima Sadia,Scientific reports. 2026 May 09. doi: 10.1038/s41598-026-48128-8.
"Comparison of gluteus maximus, biceps femoris, and multifidus muscle activity of prone hip extension with and without reciprocal inhibition in healthy individuals.","BackgroundProne hip extension (PHE) is commonly used in rehabilitation to selectively activate the gluteus maximus (GM) and enhance lumbopelvic stability. However, excessive activity of the biceps femoris (BF) during PHE often interferes with efficient GM recruitment. The application of reciprocal inhibition (RI) might be suggested as a potential solution.ObjectiveThis study aimed to investigate the effects of applying RI with and without non-elastic band resistance during PHE with 90° knee flexion on the muscle activity and activity ratio of the GM, BF, and multifidus (MF).MethodsTwenty healthy male individuals performed PHE exercises under two conditions: with and without RI using a non-elastic band. Surface electromyography (sEMG) was used to assess the activity levels of GM, BF, and MF, and to calculate the GM/BF and MF/BF activity ratios. Paired t-tests were conducted for statistical analysis.ResultsCompared with the condition without RI, GM activity increased from 32 to 37.47%MVIC (p = 0.02), and the GM/BF ratio increased from 1.19 to 2.13 (p = 0.001), whereas BF activity decreased from 29.26 to 19.87%MVIC (p = 0.001). No significant difference was observed in MF activity between conditions (Rt_MF: p = 0.86, Lt_MF: p = 0.5).ConclusionApplying RI during PHE effectively enhances selective activation of the GM while reducing compensatory BF activity. These findings suggest that RI-based exercise can be recommended as an effective strategy for target muscle activity in clinical settings.",2026,2026,Journal of back and musculoskeletal rehabilitation,Journal of back and musculoskeletal rehabilitation,10.1177/10538127261449360,https://pubmed.ncbi.nlm.nih.gov/42105100/,"['Biceps femoris', 'gluteus maximus', 'prone hip extension', 'reciprocal inhibition']",[],"['Tae-Jin Jang', 'In-Cheol Jeon']",42105100,Journal of back and musculoskeletal rehabilitation. 2026 May 09. 10538127261449360. doi: 10.1177/10538127261449360.,10-05-2026,,,Tae-Jin Jang,Journal of back and musculoskeletal rehabilitation. 2026 May 09. 10538127261449360. doi: 10.1177/10538127261449360.
Exploring cross-city hospital visiting trips for medical service evaluation in urban agglomeration areas based on automobile navigation data.,"Understanding the supply-demand relationship of medical services is essential for regional planning. Existing city-scale studies typically exclude cross-city flows, whereas national-scale studies often overlook intra-city heterogeneity. In urban agglomerations, healthcare resources and transport infrastructure are usually planned by cities, although patients may cross city boundaries to seek care. The implications of cross-city trips for regional medical services remain insufficiently understood. Taking the Pearl River Delta as a case, this study investigates cross-city hospital visiting trips and their implications for medical service evaluation.",2026,2026,BMC health services research,BMC health services research,10.1186/s12913-026-14649-1,https://pubmed.ncbi.nlm.nih.gov/42104356/,"['Cross-city hospital visiting trips', 'Medical service evaluation', 'Pearl River Delta', 'Population–hospital network', 'Spatial accessibility', 'Urban agglomeration']",[],"['Xi Yu', 'Zhengdong Huang', 'Renzhong Guo', 'Jizhe Xia', 'Sa Ma']",42104356,BMC health services research. 2026 May 08. doi: 10.1186/s12913-026-14649-1.,09-05-2026,,,Xi Yu,BMC health services research. 2026 May 08. doi: 10.1186/s12913-026-14649-1.
"[Perspectives, Action Strategies, and Approaches for Climate-Resilient and Low-Greenhouse-Gas Healthcare].","Die Auswirkungen des Klimawandels auf die Gesundheit, die Gesundheitsversorgung und das Gesundheitssystem stellen eine zentrale Herausforderung unserer Zeit dar. Vor diesem Hintergrund entstand dieses Positionspapier, das Perspektiven, Handlungsstrategien und Lösungsansätze für eine klimaresiliente und treibhausgasarme Gesundheitsversorgung aufzeigt. Das Papier wurde in Kooperation mit Vertreter:innen aus Fachgesellschaften, Arbeitsgruppen, Vereinen und Institutionen mit Expertise zum Thema entwickelt und intensiv diskutiert. Das Positionspapier ist das Ergebnis eines breiten Konsensprozesses mit Beteiligten unterschiedlicher Disziplinen, erhebt jedoch keinen Anspruch auf Vollständigkeit und spiegelt den derzeit aktuellen Stand der Diskussionen wider. Das Positionspapier adressiert sechs zentrale Themenfelder: (1) Transformative Forschung, (2) Forschungsförderung und -vernetzung, (3) Datenzugang und -verknüpfung, (4) Bildungs- und Informationsmöglichkeiten, (5) Prävention, Mitigation und Adaptation sowie (6) Nachhaltigkeit bzw. Klimaneutralität im Gesundheits- und Forschungssektor. Das Positionspapier ruft zu einer engen Zusammenarbeit, Mut und Entscheidungswillen auf Seiten von Wissenschaft, Politik und Gesellschaft auf, um ein zukunfts- und widerstandsfähiges Gesundheitssystem zu schaffen, das den Herausforderungen des Klimawandels gewachsen ist und diesem entgegenwirkt. Es dient als Ausgangspunkt für weitere Diskussionen und die Erarbeitung konkreter Strategien, um Klimaresilienz und Nachhaltigkeit im Gesundheitswesen langfristig zu stärken. The impact of climate change on human health, healthcare, and health systems constitute one of the most pressing challenges of our time. In response, this position paper outlines perspectives, strategic approaches, and potential solutions aimed at fostering a climate-resilient and low-carbon healthcare sector. It was developed in collaboration with representatives from scientific societies, working groups, professional associations, and institutions with a dedicated expertise on the topic and was the subject of extensive interdisciplinary dialogue. This position paper reflects the outcome of a broad consensus-building process involving stakeholders from diverse academic and profes-sional backgrounds. While it does not claim to be exhaustive, it represents the current state of dis-cussions. The paper addresses six central topics: (1) Transformative research, (2) Research funding and research networking, (3) Data access and linkage, (4) Education and information opportunities, (5) Prevention, mitigation, and adaptation, as well as (6) Sustainability and climate neutrality in the health and research sector. The position paper advocates for intensified collaboration, courage and willingness to make decisions on the part of the scientific community, policymakers, and civil society to develop a future-proof and resilient healthcare system capable of withstanding the multifaceted challenges posed by climate change. This position paper is intended as a foundation for ongoing discourse and the development of concrete policy and practice-oriented strategies to enhance climate resilience and sustainability in health systems over the long term.",2026,2026,Gesundheitswesen (Bundesverband der Arzte des Offentlichen Gesundheitsdienstes (Germany)),Gesundheitswesen (Bundesverband der Arzte des Offentlichen Gesundheitsdienstes (Germany)),10.1055/a-2872-4388,https://pubmed.ncbi.nlm.nih.gov/42103301/,[],[],"['Fabian Baum', 'Katharina van Baal', 'Jobst Augustin', 'Heike van de Sand', 'Klara Lorenz-Dant', 'Christina Lindemann', 'Dorothea Baltruks', 'Christa Büker', 'Johannes Deutschbein', 'Karin Geffert', 'Holger Gothe', 'Alina Herrmann', 'Claudia Hornberg', 'Claudia Konnopka', 'Anna Kuehne', 'Esther Luhmann', 'Maria-Inti Metzendorf', 'Ingo Meyer', 'Andreas Meyer-Lindenberg', 'Jochen Schmitt', 'Miriam Steinmann', 'Petra Thürmann', 'Jennyfer Wolf', 'Patrick Ziech', 'Annika Ziegler', 'Martin Härter', 'Ivonne Panchyrz']",42103301,Gesundheitswesen (Bundesverband der Arzte des Offentlichen Gesundheitsdienstes (Germany)). 2026 May 08. doi: 10.1055/a-2872-4388.,09-05-2026,,,Fabian Baum,Gesundheitswesen (Bundesverband der Arzte des Offentlichen Gesundheitsdienstes (Germany)). 2026 May 08. doi: 10.1055/a-2872-4388.
Development of the Lifestyle Empowerment Approach for Diabetes Remission (LEADR) Program: A Lifestyle Medicine Shared Medical Appointment (SMA) Intervention for Diabetes Treatment.,"The use of shared medical appointments (SMAs) has been shown to be feasible for delivering lifestyle medicine (LM) treatment for chronic conditions, such as type 2 diabetes (T2D), with some patients achieving de-escalation of medications or even remission. This objective of this work was to develop program materials suitable for delivering intensive LM treatment for T2D with the goal of achieving remission. Over a 3-year period (2022-2025), the American College of Lifestyle Medicine (ACLM) engaged in iterative development of program materials, drawing on content in the Full Plate Living Program and using expertise from a variety of professionals including physicians, dietitians, and researchers. The resulting Lifestyle Empowerment Approach for Diabetes Remission (LEADR) Program includes a professionally designed Facilitator Script, Participant Workbook, and Planning Guide, as well as accompanying slides. The core program content consists of 12 ∼90-minute, weekly sessions billable using standard Evaluation and Management (E&M) codes. Content centers on health behavior education and SMART goal-setting for nutrition, physical activity, and other health behaviors. The LEADR program is available as a tool for providers and their healthcare teams to use in the treatment of patients with T2D and prediabetes; the structure and formatting of the content enable scalability across various settings.",2026,2026,American journal of lifestyle medicine,American journal of lifestyle medicine,10.1177/15598276261438370,https://pubmed.ncbi.nlm.nih.gov/42100370/,"['NDPP', 'diabetes', 'diabetes prevention program', 'group medical visits', 'lifestyle', 'lifestyle medicine', 'lifestyle-based group visits', 'remission', 'shared medical appointments', 'telehealth']",[],"['Kathryn J Pollard', 'Meghan L Ames', 'Kayli Anderson', 'John Gobble', 'Scott Moore', 'Padmaja Patel', 'Kaitlyn Pauly', 'Kara L Staffier', 'Prasanthi Tondapu', 'Micaela C Karlsen']",42100370,American journal of lifestyle medicine. 2026 May 04. 15598276261438370. doi: 10.1177/15598276261438370.,08-05-2026,PMC13144292,,Kathryn J Pollard,American journal of lifestyle medicine. 2026 May 04. 15598276261438370. doi: 10.1177/15598276261438370.
"Barriers and Facilitators in the Implementation of the Systematic Medical Appraisal, Referral, and Treatment (SMART) Mental Health Digital Intervention in Rural India: Mixed Methods Process Evaluation Study.","An estimated 150 million people have mental health care needs in India, but only 15% are able to access care. Depression and anxiety contribute to a large proportion of mental morbidity. The Systematic Medical Appraisal, Referral, and Treatment (SMART) Mental Health trial used a mobile-based clinical decision support system for primary care doctors and community health workers (CHWs) to identify and treat people at risk of depression, anxiety disorders, and self-harm. A community-based antistigma campaign was also delivered. The intervention led to improved remission rates for depression and anxiety and lower stigma scores.",2026,2026,JMIR mental health,JMIR mental health,10.2196/89164,https://pubmed.ncbi.nlm.nih.gov/42097610/,"['India', 'LMIC', 'anxiety', 'electronic decision support system', 'low- middle-income country', 'mHealth', 'mental health depression', 'process evaluation', 'stigma']","['Humans', 'India', 'Referral and Consultation', 'Female', 'Male', 'Community Health Workers', 'Telemedicine', 'Adult', 'Rural Population', 'Focus Groups', 'Mental Health Services', 'Decision Support Systems, Clinical', 'Health Services Accessibility']","['Ankita Mukherjee', 'Mercian Daniel', 'Sudha Kallakuri', 'Siddhardha Devarapalli', 'Sandhya Kanaka Yatirajula', 'Amanpreet Kaur', 'Praveen Devarsetty', 'Usha Raman', 'Beverley M Essue', 'Rajesh Sagar', 'Shashi Kant', 'Shekhar Saxena', 'Graham Thornicroft', 'Anushka Patel', 'Pallab K Maulik']",42097610,JMIR mental health. 2026 May 07. 13:e89164. doi: 10.2196/89164.,08-05-2026,,,Ankita Mukherjee,JMIR mental health. 2026 May 07. 13:e89164. doi: 10.2196/89164.
Quorum-sensing-responsive materials: Toward living smart interfaces in biomedical systems.,"Quorum-sensing-sensitive materials are emerging as innovative platforms with significant clinical potential, particularly in the areas of infection diagnosis, targeted antimicrobial therapy, and wound management. By leveraging bacterial communication molecules such as acylhomoserine lactones and autoinducer peptides, these smart materials can detect early pathogenic activity before overt clinical symptoms appear. By sensing quorum-signaling thresholds associated with virulence activation or biofilm formation, the materials can trigger controlled antimicrobial release, modulate local immune responses, or modify surface properties to prevent bacterial adhesion. Such ""living"" interfaces offer a dynamic alternative to traditional passive biomaterials, enabling real-time, infection-specific therapeutic effects with reduced systemic drug exposure. This review summarizes the clinical significance, mechanism-driven design principles, and translational challenges of quorum-sensing-sensitive materials, highlighting their potential to address antibiotic resistance, improve patient outcomes, and support precision infection control in modern healthcare.",2026,2026,Advances in colloid and interface science,Advances in colloid and interface science,10.1016/j.cis.2026.103918,https://pubmed.ncbi.nlm.nih.gov/42096943/,"['Bacteria-responsive materials', 'Biomedical applications', 'Living materials', 'Quorum sensing', 'Smart interfaces']",[],"['Santosh Pandit', 'Demet Erdönmez', 'Duygu Polat', 'Burcu Önal Acet', 'Mustafa Dolaz', 'Mehmet Odabaşı', 'Ivan Mijakovic', 'Ömür Acet']",42096943,Advances in colloid and interface science. 2026 May 01. 355:103918. doi: 10.1016/j.cis.2026.103918.,08-05-2026,,,Santosh Pandit,Advances in colloid and interface science. 2026 May 01. 355:103918. doi: 10.1016/j.cis.2026.103918.
Exploring the Effects of tACS Duration on Resting-State EEG: An Exploratory Within-Subject Study in Healthy Volunteers.,"Transcranial alternating current stimulation (tACS) is a noninvasive brain stimulation method that modulates neural activity by applying low-intensity alternating current to the scalp. Although tACS has shown promise in enhancing cognitive and motor functions and alleviating neuropsychiatric symptoms, variations in stimulation parameters led to inconsistent outcomes. While stimulation frequency and electrode montage have been extensively explored, systematic analyses focusing on stimulation duration remain limited. Resting-state EEG, recorded under relaxed conditions without specific tasks, minimizes variability due to individual performance and external factors, thus providing a stable measure of tACS-induced neuromodulation. Therefore, we aimed to investigate the differences in neuromodulatory effects between three tACS durations for effective neuromodulation using resting-state electroencephalography (EEG). Ten participants completed three randomized tACS sessions on different days, each with a duration of 10, 20, or 30 min. Resting-state EEG was recorded before and after stimulation under eyes-open (EO) and eyes-closed (EC) states. Power spectral density (PSD) and network indices were analyzed for neuromodulatory effects. The omnibus analysis revealed no significant main effect of stimulation duration on neuromodulatory outcomes. However, within-condition analyses revealed significant increases in PSD in the post-tACS EO recording after 10 min (r = 0.79) and 20 min (r = 0.66), whereas in the post-tACS EC recording significant increases were observed only at 10 min (r = 0.63). Network efficiency also increased significantly in the EO state after 10 (r = 0.79) and 20 min (r = 0.85) for clustering coefficient and after 10 (r = 0.73) and 20 min (r = 0.85) for path length, respectively. Moreover, the observed patterns differed between brain states, with more consistent effects observed in the EO state. These findings suggest that neuromodulatory responses may vary depending on both tACS duration and brain state, highlighting the importance of considering both factors in the design of tACS protocols and interpretation of neuromodulatory effects.",2026,2026,Journal of medical systems,Journal of medical systems,10.1007/s10916-026-02398-x,https://pubmed.ncbi.nlm.nih.gov/42095967/,"['Brain network', 'Neuromodulation', 'Power spectral density', 'Resting-state electroencephalography', 'Transcranial alternating current stimulation']","['Humans', 'Electroencephalography', 'Male', 'Female', 'Transcranial Direct Current Stimulation', 'Adult', 'Healthy Volunteers', 'Young Adult', 'Rest', 'Time Factors', 'Brain']","['Yun-Sung Lee', 'Ga-Young Choi', 'Chang-Hee Han', 'Han-Jeong Hwang']",42095967,Journal of medical systems. 2026 May 07. 50(1). doi: 10.1007/s10916-026-02398-x.,07-05-2026,6326965,,Yun-Sung Lee,Journal of medical systems. 2026 May 07. 50(1). doi: 10.1007/s10916-026-02398-x.
NT-proBNP-Based Heart Failure Risk Score for Asymptomatic Diabetic Population in Asia: The DM-HEART Study.,,2026,2026,JACC. Asia,JACC. Asia,10.1016/j.jacasi.2025.12.006,https://pubmed.ncbi.nlm.nih.gov/42095788/,"['diabetes mellitus', 'heart failure', 'prediction model', 'risk factors']",[],"['Jiun-Lu Lin', 'Yen-Wen Wu', 'Kuo-Meng Liao', 'Sung-Chen Liu', 'Chung-Ming Tu', 'Heng-Hsu Lin', 'Yi-Fu Lin', 'Chien-Yi Hsu', 'Hung-Yu Chang', 'Kai-Chien Yang', 'Ying-Ju Chen', 'Tze-Fan Chao', 'Yi-Heng Li', 'Chung-Lieh Hung', 'Chih-Yuan Wang']",42095788,JACC. Asia. 2026 Jan 31. doi: 10.1016/j.jacasi.2025.12.006.,07-05-2026,,,Jiun-Lu Lin,JACC. Asia. 2026 Jan 31. doi: 10.1016/j.jacasi.2025.12.006.
Amyloid-Inspired Synergistic Short Peptide Scaffold against Mitochondrial Dyshomeostasis in Traumatic Brain Injury.,Traumatic Brain Injury (TBI) initiates Ca,2026,2026,ACS biomaterials science & engineering,ACS biomaterials science & engineering,10.1021/acsbiomaterials.6c00265,https://pubmed.ncbi.nlm.nih.gov/42095283/,"['ROS', 'calcium toxicity', 'hydrogel', 'mitochondria', 'peptide', 'traumatic brain injury']",[],"['Debasmita Nandi', 'Rajsekhar Roy', 'Aniket Jana', 'Nehal Purohit', 'Nityananda Biswas', 'Subhadra Nandi', 'Mohammad Umar Arshi', 'Surajit Ghosh']",42095283,ACS biomaterials science & engineering. 2026 May 07. doi: 10.1021/acsbiomaterials.6c00265.,07-05-2026,,,Debasmita Nandi,ACS biomaterials science & engineering. 2026 May 07. doi: 10.1021/acsbiomaterials.6c00265.
Application of digital health interventions in the management of economic toxicity in cancer patients: a scoping review.,"This study systematically reviews the current application of digital health interventions in cancer patients, clarifies their implementation characteristics and intervention effects in managing economic toxicity, and provides a reference for intervention programs to reduce the economic toxicity of patients.",2026,2026,Frontiers in public health,Frontiers in public health,10.3389/fpubh.2026.1831148,https://pubmed.ncbi.nlm.nih.gov/42094903/,"['cancer care', 'digital health', 'economic toxicity', 'financial navigation', 'health equity', 'scoping review', 'supportive care', 'telehealth']","['Humans', 'Neoplasms', 'Telemedicine', 'Digital Health']","['Ziyi Chen', 'Bixuan Xu', 'Jinpeng Wen', 'Shijie Zhao', 'Yuling Zheng', 'Hejia Wan', 'Juntao Wang']",42094903,Frontiers in public health. 2026. 14:1831148. doi: 10.3389/fpubh.2026.1831148.,07-05-2026,PMC13139014,,Ziyi Chen,Frontiers in public health. 2026. 14:1831148. doi: 10.3389/fpubh.2026.1831148.
From broad strokes to fine details: qualitative research on the challenges of smart hospitals in Iran.,"Nascent smart hospitals are developing as an essential yet challenging response to the healthcare industry's digital revolution. However, there is limited understanding of the lived experiences of the stakeholders involved in this transition, especially in countries like Iran, characterized by distinct structural, cultural, and technological factors that complicate the process.",2026,2026,"Journal of health, population, and nutrition","Journal of health, population, and nutrition",10.1186/s41043-026-01334-6,https://pubmed.ncbi.nlm.nih.gov/42093064/,"['Barriers', 'Challenges', 'Iran', 'Qualitative Research', 'Smart healthcare', 'Smart hospital']",[],"['Neda Hoseini Abforosh', 'Hasan Abolghasem Gorji', 'Naser Derakhshani']",42093064,"Journal of health, population, and nutrition. 2026 May 06. doi: 10.1186/s41043-026-01334-6.",07-05-2026,,,Neda Hoseini Abforosh,"Journal of health, population, and nutrition. 2026 May 06. doi: 10.1186/s41043-026-01334-6."
"Understanding Responsible Antimicrobial Practices and Antimicrobial Resistance: A Cross-Sectional Study of Farmers in Rangpur, Bangladesh.","Antimicrobial resistance (AMR) is a critical global health threat, intensified in low- and middle-income countries by rampant antibiotic misuse in livestock and poultry. This study assessed the knowledge, attitudes, and practices (KAP) of 537 farmers in Rangpur, Bangladesh, to identify drivers and pathways of high-risk antimicrobial use (AMU). Data on demographics, farm characteristics, and AMR-related KAP scores were collected, with disease treatments mapped to WHO AWaRe classifications. Logistic regression identified predictors of responsible practices, while additional analyses and visualizations explored patterns of antimicrobial use and misuse pathways. Results showed that 42.9% of antibiotic use was high-risk, with nearly half of diseases treated using Critically Important Antimicrobials (CIAs) from the Watch or Reserve groups, intended primarily for human medicine. Colistin and ciprofloxacin, last-resort drugs for human health, were commonly used for routine poultry diseases, raising serious public health concerns. Three misuse pathways emerged: (i) antibiotics applied to viral diseases, (ii) reliance on Watch/Reserve antibiotics for bacterial infections, and (iii) antibiotic use for parasitic diseases. Paravets and veterinarians influenced 76.2% of prescribing decisions, underscoring their pivotal role. AMR training was associated with more responsible practices, yet high practice scores did not consistently align with knowledge or attitudes, revealing a gap between behavior and awareness. Immediate One Health stewardship interventions combining regulatory enforcement, improved diagnostics, and sweeping educational reform are essential to reduce AMR risks and safeguard public health in Bangladesh.",2026,2026,MicrobiologyOpen,MicrobiologyOpen,10.1002/mbo3.70308,https://pubmed.ncbi.nlm.nih.gov/42092259/,"['Bangladesh', 'KAP (knowledge, attitude, and practices)', 'antimicrobial resistance (AMR)', 'antimicrobial stewardship', 'livestock farming']","['Bangladesh', 'Farmers', 'Humans', 'Cross-Sectional Studies', 'Health Knowledge, Attitudes, Practice', 'Animals', 'Anti-Bacterial Agents', 'Female', 'Male', 'Adult', 'Middle Aged', 'Drug Resistance, Bacterial', 'Poultry Diseases', 'Poultry', 'Surveys and Questionnaires']","['Anju Man Ara', 'Farjana Boby', 'Mohsin Taluckder', 'Md Shahiduzzaman']",42092259,MicrobiologyOpen. 2026 Jun. 15(3):e70308. doi: 10.1002/mbo3.70308.,07-05-2026,PMC13149215,,Anju Man Ara,MicrobiologyOpen. 2026 Jun. 15(3):e70308. doi: 10.1002/mbo3.70308.
"Use of Continuous Glucose Monitoring and Insulin Pump Technologies in People With Type 2 Diabetes: Insights From a Survey of Health Care Professionals and Patients in Germany, Austria, and Switzerland.","Diabetes technologies, such as continuous glucose monitoring (CGM), insulin pumps, and automated insulin delivery (AID) systems, are increasingly used by people with type 2 diabetes (PWT2D), with growing clinical evidence supporting their therapeutic benefit. To describe the extent of adoption, perceived benefits, and future expectations, both health care professionals (HCPs) and PWT2D data from the dt-report 2025 were analyzed.",2026,2026,Journal of diabetes science and technology,Journal of diabetes science and technology,10.1177/19322968261444041,https://pubmed.ncbi.nlm.nih.gov/42091117/,"['dt-report', 'survey', 'technology', 'type 2 diabetes']",[],"['Mirjam Elisabeth Eiswirth', 'Michael Resl', 'Bernhard Kulzer', 'Timm Roos', 'Cordelia Truempy', 'Maria Luisa Balmer', 'Lilian Witthauer', 'Julia K Mader', 'Peter Diem', 'Lutz Heinemann', 'Dominic Ehrmann', 'Norbert Hermanns']",42091117,Journal of diabetes science and technology. 2026 May 06. 19322968261444041. doi: 10.1177/19322968261444041.,07-05-2026,PMC13149341,,Mirjam Elisabeth Eiswirth,Journal of diabetes science and technology. 2026 May 06. 19322968261444041. doi: 10.1177/19322968261444041.
Semantic CT features and differentiation model: new primary lung cancer versus metastasis after previous malignancy.,"New pulmonary lesions after prior cancer present a diagnostic challenge, potentially representing malignancy relapse or new primary lung cancer due to shared risk factors and/or impact of prior oncological therapies. This study evaluated radiologist-defined semantic features for differentiation of second primary lung cancer (SPLC) versus lung metastasis (LM).",2026,2026,European radiology,European radiology,10.1007/s00330-026-12557-w,https://pubmed.ncbi.nlm.nih.gov/42089967/,"['CT thorax', 'Lung lesions after cancer', 'Lung metastasis', 'Second primary lung cancer', 'Semantic radiology feature model']",[],"['Hardeep Singh Kalsi', 'Kristofer Linton-Reid', 'Changhyun Kim', 'Mitchell Chen', 'Victoria Crowe', 'Esubalew Alemu', 'Samir Mahboobani', 'David Gibeon', 'Alexander Procter', 'Mohsen Hajhosseiny', 'Cara Owens', 'Emily C Bartlett', 'Nuria Porta', 'Thesha Thavaraja', 'Simon Doran', 'Anand Devaraj', 'Bhupinder Sharma', 'Arjun Nair', 'Eric O Aboagye', 'Richard W Lee']",42089967,European radiology. 2026 May 06. doi: 10.1007/s00330-026-12557-w.,06-05-2026,10622143,,Hardeep Singh Kalsi,European radiology. 2026 May 06. doi: 10.1007/s00330-026-12557-w.
Promotion and preservation of mobility and autonomy in old age through smart rollators-a qualitative study.,"Diseases and health limitations associated with ageing often result in loss of mobility and reduced social participation. The ongoing demographic shift towards an increasingly ageing population, combined with a declining number of healthcare professionals, highlights the need to integrate digital assistive solutions to reduce workload and healthcare costs. Smart rollators (SRs) equipped with sensor-based assistance systems (SAS) are considered a promising innovation for enhancing safety, mobility, and independence in older adults.",2026,2026,Frontiers in digital health,Frontiers in digital health,10.3389/fdgth.2026.1783585,https://pubmed.ncbi.nlm.nih.gov/42089026/,"['assistive technologies', 'design-based research', 'nursing', 'participatory development', 'smart rollators']",[],"['Patrick Schwaiger', 'Julia Müller', 'Martin Obert', 'Stefan Twieg', 'Andreas Butkov', 'Ulrike Steinmann', 'Denny Paulicke', 'Patrick Jahn']",42089026,Frontiers in digital health. 2026. 8:1783585. doi: 10.3389/fdgth.2026.1783585.,06-05-2026,PMC13136103,,Patrick Schwaiger,Frontiers in digital health. 2026. 8:1783585. doi: 10.3389/fdgth.2026.1783585.
Prevalence and Factors Associated With Pill-Swallowing Difficulties Among Outpatient Pharmacy Attendees at a Malaysian Teaching Hospital: A Cross-Sectional Study.,"Pill-swallowing difficulty is a common yet under-recognised barrier to effective pharmacotherapy, with potential consequences for adherence, therapeutic efficacy, and patient safety. Malaysian evidence is scarce, particularly in outpatient populations where long-term oral medication use predominates.",2026,2026,International journal of language & communication disorders,International journal of language & communication disorders,10.1111/1460-6984.70258,https://pubmed.ncbi.nlm.nih.gov/42084217/,"['Malaysia', 'dysphagia', 'medication adherence', 'pills', 'pill‐swallowing difficulty']","['Humans', 'Cross-Sectional Studies', 'Adult', 'Malaysia', 'Male', 'Female', 'Middle Aged', 'Hospitals, Teaching', 'Prevalence', 'Young Adult', 'Adolescent', 'Deglutition Disorders', 'Medication Adherence', 'Outpatients', 'Surveys and Questionnaires', 'Aged']","['Nur Amira Said Udin', 'Nik Aisyah Najwa Nik Mustaffa Shapri', ""Mohammad Suhaidi Sha'ari"", ""Muhammad 'Izzuddin Zamery"", 'Abdul Azim Al-Abrar Ahmad Kailani', 'Ammar Kamar', 'Mohd Shahezwan Abd Wahab']",42084217,International journal of language & communication disorders. 2026. 61(3):e70258. doi: 10.1111/1460-6984.70258.,05-05-2026,,,Nur Amira Said Udin,International journal of language & communication disorders. 2026. 61(3):e70258. doi: 10.1111/1460-6984.70258.
Assessing water matrix influence and toxicity reduction of crystal violet and reactive black 5 dyes after cold plasma-driven degradation.,"Crystal Violet (CV) and Reactive Black 5 (RB5), representative of the triphenylmethane and azo dye classes, are extensively used in the textile industry and are recognized as major contributors to aquatic pollution. Their structural stability and resistance to biodegradation lead to environmental persistence and potential toxicity. In this paper, a non-equilibrium cold plasma-based pin-to-plate dielectric barrier discharge (P2PDBD) source was employed for the degradation of dye solutions. The effects of plasma discharge power, dye concentration, and the chemical composition of the water matrix were systematically studied. With increasing salt concentration from 0 to 25 mg L",2026,2026,Scientific reports,Scientific reports,10.1038/s41598-026-47084-7,https://pubmed.ncbi.nlm.nih.gov/42082539/,"['Cytotoxicity', 'Dielectric barrier discharge', 'Phytotoxicity', 'Plasma-activated water', 'Surface-enhanced Raman spectroscopy']",[],"['Shikha Pandey', 'Ritesh Mishra', 'Devendra Tiwari', 'Abhijit Mishra', 'Sushma Jangra', 'Indranil Banerjee', 'Ram Prakash']",42082539,Scientific reports. 2026 May 04. doi: 10.1038/s41598-026-47084-7.,05-05-2026,,,Shikha Pandey,Scientific reports. 2026 May 04. doi: 10.1038/s41598-026-47084-7.
"Aligning Health Policy With Climate Action: Evidence-Based Interventions To Decarbonize Care, Improve Climate Resilience.","The US health care system significantly contributes to climate change while increasingly facing its adverse consequences. Despite this dual challenge, policy efforts to incentivize carbon reduction and make care delivery climate-resilient remain fragmented. In this article, we identify policy interventions and other strategies that have the potential to accelerate the transition toward low-carbon, climate-smart health care systems. Drawing on academic literature and real-world implementation examples, we present a framework of strategies, highlighting the evidence in support of mechanisms such as green reimbursement models, integration of climate change into health professional education, and sustainable procurement standards. We further examine emerging policy levers, including circular economy practices and mandated carbon accounting. Last, we highlight opportunities for federal and state policy makers, payers, and health system leaders to guide future action. Ensuring that health policies actively support climate mitigation and adaptation is a moral and environmental imperative and a strategic opportunity to improve quality, reduce costs, and advance health equity.",2026,2026,Health affairs (Project Hope),Health affairs (Project Hope),10.1377/hlthaff.2025.01635,https://pubmed.ncbi.nlm.nih.gov/42081756/,[],"['Climate Change', 'Humans', 'Health Policy', 'Delivery of Health Care', 'United States', 'Evidence-Based Practice']","['Stefan Wheat', 'Kristie L Ebi', 'Jeremy J Hess', 'Lawrence Rosen', 'Elizabeth Cerceo', 'Hardeep Singh']",42081756,Health affairs (Project Hope). 2026 May. 45(5):498-506. doi: 10.1377/hlthaff.2025.01635.,04-05-2026,,,Stefan Wheat,Health affairs (Project Hope). 2026 May. 45(5):498-506. doi: 10.1377/hlthaff.2025.01635.
Beyond Templates and BERT: Headword-centric parsing for semantic question answering in non-english financial domains.,"Recent advances in semantic question-answering (QA) systems struggle with linguistic variability, particularly in non-English domains like German finance. This work presents INAGQA, a novel QA system that addresses this gap through headword-centric parsing, combining syntactic chunking with knowledge graph embeddings to resolve the question ambiguity. The main innovations are as follows: First, a hybrid disambiguation algorithm that achieves 0.91 F1 in German financial queries, validated on 2,100 expert-annotated questions. Second, domain-optimized shallow parsing with customizable grammar rules that reduces relation-linking errors by 35% for compound nouns (e.g., Eigenkapitalrendite). And finally, seamless knowledge integration to prioritize user-curated data and demonstrates 2.1s average response time in a case study with financial analysts. Our experiments show that INAGQA outperforms BERT-KGQA (F1: 0.83) and template-based systems (F1: 0.79) while handling temporal / quantitative variants (e.g., When vs. Where was X founded?) with 98% accuracy. The editable system's outputs of the system align with the Corporate Smart Insights frameworks, offering practical value for SMEs. To this end, the work contributes to Information SYstem (IS) research by proposing headword extraction as a replicable IS artifact for non-English QA and demonstrating language-sensitive design principles applicable to healthcare/legal domains.",2026,2026,PloS one,PloS one,10.1371/journal.pone.0347261,https://pubmed.ncbi.nlm.nih.gov/42081576/,[],"['Semantics', 'Algorithms', 'Humans', 'Language']","['Jamal Al Qundus', 'Bassam Al-Shargabi']",42081576,PloS one. 2026. 21(5):e0347261. doi: 10.1371/journal.pone.0347261.,04-05-2026,PMC13138744,,Jamal Al Qundus,PloS one. 2026. 21(5):e0347261. doi: 10.1371/journal.pone.0347261.
A Secure and Efficient Framework for ECG Signal Digitization and Encryption for Internet of Medical Things Applications.,"The Internet of Medical Things (IoMT) is transforming healthcare through smart devices, real-time monitoring, and cloud-based data exchange. Electrocardiogram (ECG) signals are crucial in diagnosing cardiovascular conditions; however, their sensitivity is still a major challenge for secure transmission and storage. This paper presents a novel content-based encryption framework tailored for ECG data. Unlike conventional approaches that process either raw signals or images separately, the proposed method first extracts accurately ECG waveforms from 2D images while handling noisy or overlapping traces through a dedicated preprocessing and segmentation pipeline. A two-layer chaotic scheme is then employed to encrypt the extracted 1D signals: the Arnold Cat map (ACM) for spatial scrambling and Double Random Phase Encoding for frequency-domain transformation. These cryptographic modules can also operate directly on native digital ECG signals and integrate seamlessly with paper-based ECG datasets, ensuring broad applicability across acquisition formats. Experimental results on a 12-lead ECG dataset demonstrate high digitization accuracy (Structural Similarity Index = 0.94), fast execution (0.0036 s), strong encryption (entropy = 7.3, correlation = 0.0006), and perfect signal recovery (PSNR = ∞). Overall, the framework provides a secure and efficient solution for IoMT-driven healthcare systems, outperforming existing ECG encryption methods across standard evaluation metrics.",2026,2026,Healthcare technology letters,Healthcare technology letters,10.1049/htl2.70082,https://pubmed.ncbi.nlm.nih.gov/42079876/,"['Arnold Cat map', 'Internet of Medical Things (IoMT)', 'chaos‐based cryptography', 'double random phase encoding', 'medical signal security']",[],"['Nader Mahmoud', 'Shymaa S Shaban']",42079876,Healthcare technology letters. 2026. 13:e70082. doi: 10.1049/htl2.70082.,04-05-2026,PMC13135227,,Nader Mahmoud,Healthcare technology letters. 2026. 13:e70082. doi: 10.1049/htl2.70082.
Quantitative evaluation of China's smart aging healthcare policy under the background of silver economy development: based on PMC model.,"Against the backdrop of deep integration between population aging and digital technologies, smart aging care has emerged as a pivotal approach to alleviating caregiving pressures, optimizing resource allocation for senior care, and driving high-quality development of the silver economy. As a top-level institutional design, the quality of smart aging care policies directly determines the effectiveness of older adult care services and the inclusiveness of digital technology applications in older adult care. Conducting a scientific and systematic quantitative evaluation of such policy documents is essential. This study aims to quantitatively evaluate the overall quality and regional heterogeneity of China's smart aging care policies, identify policy shortcomings, and propose optimization pathways for improvement.",2026,2026,Frontiers in public health,Frontiers in public health,10.3389/fpubh.2026.1791984,https://pubmed.ncbi.nlm.nih.gov/42077977/,"['PMC-Index model', 'policy evaluation', 'policy quantification', 'policy tools', 'silver economy', 'smart aging care']","['China', 'Humans', 'Health Policy', 'Economic Development', 'Digital Technology', 'Aged', 'Aging', 'Health Services for the Aged']","['Ying Guan', 'Yu Xiang', 'Yan Fu', 'Leyao Huang', 'Shiyu Su', 'Zaixiang Tan', 'Xinru Huang']",42077977,Frontiers in public health. 2026. 14:1791984. doi: 10.3389/fpubh.2026.1791984.,04-05-2026,PMC13128636,,Ying Guan,Frontiers in public health. 2026. 14:1791984. doi: 10.3389/fpubh.2026.1791984.
"Are smart older adult care devices ""cost-reducing and efficiency-enhancing"" or ""demand-activating""?-Empirical evidence from Chinese older adult households.","Against the backdrop of global aging and the growing burden of chronic diseases, Smart Health Devices (SHD) are regarded as important tools for health management. However, there is a theoretical controversy between ""technological substitution"" and ""technological expansion"" regarding their economic consequences: Does SHD reduce medical expenditures through prevention, or push up costs by detecting hidden diseases? Currently, there is a lack of systematic empirical evidence based on large-scale microdata.",2026,2026,Frontiers in public health,Frontiers in public health,10.3389/fpubh.2026.1798799,https://pubmed.ncbi.nlm.nih.gov/42077947/,"['aging', 'four-way decomposition', 'health and care expenditure', 'smart health devices', 'technological expansion']","['Humans', 'China', 'Aged', 'Health Expenditures', 'Male', 'Female', 'Longitudinal Studies', 'Middle Aged', 'Family Characteristics', 'Aged, 80 and over', 'East Asian People']","['Lin Guo', 'Linlin Zhang', 'Ming Zhang', 'Shanna Li', 'Ying Liu']",42077947,Frontiers in public health. 2026. 14:1798799. doi: 10.3389/fpubh.2026.1798799.,04-05-2026,PMC13130218,,Lin Guo,Frontiers in public health. 2026. 14:1798799. doi: 10.3389/fpubh.2026.1798799.
"Recent Progress of Structural Design, Fabrication Processes, and Applications of Flexible Acceleration Sensors.","Flexible acceleration sensors demonstrate revolutionary potential in healthcare, structural vibration monitoring, and consumer electronics owing to their unique conformal adhesion capability and mechanical adaptability. However, current academic research presents two distinct paradigms for realizing flexibility: one is the hybridly flexible sensor, which incorporates traditional micro-electro-mechanical System (MEMS) acceleration sensor chips with flexible packaging/substrates; the other is the intrinsically flexible sensor, whose sensing unit and substrate are entirely composed of flexible materials enabled by microstructural design. This review first analyzes the fundamental differences and design challenges between these two flexible architectures. It then systematically elucidates five core sensing mechanisms-capacitive, piezoresistive, triboelectric, piezoelectric, and electromagnetic-comparing their working principles, material systems, structural designs, and performance metrics. Among these, piezoelectric and triboelectric types exhibit distinctive advantages in self-powering capability, whereas resistive and capacitive approaches offer greater ease of integration. Furthermore, the applications of intrinsically flexible acceleration sensors in structural health monitoring, wearable devices, automotive safety, and other fields are discussed, with particular emphasis on their unique strengths in real-time vibration monitoring. Finally, the review summarizes existing challenges, such as the trade-off between sensitivity and flexibility, and provides theoretical insights to guide future innovations in intrinsically flexible acceleration sensor technology.",2026,2026,"Sensors (Basel, Switzerland)","Sensors (Basel, Switzerland)",10.3390/s26082499,https://pubmed.ncbi.nlm.nih.gov/42076607/,"['flexible acceleration sensor', 'intrinsically flexible', 'sensing mechanism', 'vibration monitoring']",[],"['Yuting Wang', 'Zhidi Chen', 'Peng Chen', 'Jie Mei', 'Jiayue Kuang', 'Chang Li', 'Zhijun Zhou', 'Xiaobo Long']",42076607,"Sensors (Basel, Switzerland). 2026 Apr 17. 26(8). doi: 10.3390/s26082499.",04-05-2026,PMC13119780,,Yuting Wang,"Sensors (Basel, Switzerland). 2026 Apr 17. 26(8). doi: 10.3390/s26082499."
Performance Evaluation of zk-SNARK Protocols for Privacy-Preserving Sensor Data Verification: A Systematic Benchmarking Study.,"The proliferation of sensor networks in critical infrastructure, healthcare monitoring, and smart city applications demands robust privacy-preserving mechanisms for data verification. Zero-knowledge succinct non-interactive arguments of knowledge (zk-SNARKs) offer a promising cryptographic primitive that enables data integrity verification without revealing sensitive sensor readings. However, the practical feasibility of deploying zk-SNARKs in resource-constrained sensor network environments remains insufficiently characterized. This paper presents a systematic benchmarking study of the Groth16 zk-SNARK protocol across eight representative circuit types spanning six orders of magnitude in computational complexity, from basic arithmetic operations (1 constraint) to ECDSA signature verification (1,510,185 constraints). Using an automated open-source benchmarking framework built on the Circom-snarkjs toolchain, we conducted 160 statistically controlled measurements (20 iterations per circuit) with cold/warm separation, collecting proof generation time, verification time, proof size, memory consumption, and witness generation overhead. Our results demonstrate that Groth16 proofs maintain a constant size of 804.7±1.7 bytes and near-constant verification time of 0.662±0.032 s regardless of circuit complexity, with coefficients of variation below 5% across all circuit types. Proof generation time exhibits sub-linear scaling (α=0.256, R2=0.608), with statistically significant differences between circuit categories confirmed by one-way ANOVA (F=355.0, p<10-79, η2=0.94). We identify three operational deployment tiers for sensor network architectures and estimate energy budgets for battery-powered devices. These findings provide actionable guidance for the design of privacy-preserving data verification systems in next-generation sensor networks.",2026,2026,"Sensors (Basel, Switzerland)","Sensors (Basel, Switzerland)",10.3390/s26082486,https://pubmed.ncbi.nlm.nih.gov/42076593/,"['Groth16', 'IoT security', 'blockchain', 'performance benchmarking', 'privacy-preserving verification', 'sensor networks', 'zero-knowledge proofs', 'zk-SNARK']",[],"['Oleksandr Kuznetsov', 'Yelyzaveta Kuznetsova', 'Gulzat Ziyatbekova', 'Yuliia Kovalenko', 'Rostyslav Palahusynets']",42076593,"Sensors (Basel, Switzerland). 2026 Apr 17. 26(8). doi: 10.3390/s26082486.",04-05-2026,PMC13119972,,Oleksandr Kuznetsov,"Sensors (Basel, Switzerland). 2026 Apr 17. 26(8). doi: 10.3390/s26082486."
Energy-Efficient Optimization in Wireless Sensor Networks Using a Hybrid Bat-Artificial Bee Colony Algorithm.,"This study presents a novel hybrid Bat-Artificial Bee Colony (BA-ABC) algorithm for energy-efficient optimization in Wireless Sensor Networks (WSNs), addressing the critical challenge of limited node energy and network lifetime degradation. The proposed framework integrates the rapid local convergence of the Bat Algorithm with the robust global exploration of the Artificial Bee Colony to achieve unified optimization of clustering and routing processes. An adaptive multi-objective fitness function is developed to balance energy consumption, network lifetime, and communication efficiency, enabling dynamic, efficient resource utilization across varying network conditions. Comprehensive simulations conducted in MATLAB R2024a demonstrate that the proposed BA-ABC algorithm significantly outperforms conventional and recent optimization approaches. The results show a reduction in total energy consumption of approximately 22-30%, an improvement in network lifetime of 18-25%, and a latency reduction of nearly 24% compared to baseline methods such as Ant Colony Optimization (ACO). Statistical validation, including confidence intervals and hypothesis testing, confirms the robustness, stability, and consistency of the proposed framework across multiple simulation runs. Unlike existing hybrid and machine-learning-based approaches, the BA-ABC algorithm achieves high optimization performance without introducing excessive computational overhead or complex training requirements, making it suitable for resource-constrained WSN environments. Furthermore, the proposed method demonstrates strong scalability and adaptability, positioning it as a practical solution for real-world applications, including smart cities, environmental monitoring, and healthcare systems. This work contributes to the advancement of intelligent WSN optimization by providing a scalable, adaptive, and computationally efficient hybrid framework aligned with emerging trends in next-generation IoT-enabled networks.",2026,2026,"Sensors (Basel, Switzerland)","Sensors (Basel, Switzerland)",10.3390/s26082401,https://pubmed.ncbi.nlm.nih.gov/42076510/,"['artificial bee colony', 'bat algorithm', 'energy optimization', 'hybrid BA-ABC algorithms', 'wireless sensor networks']",[],"['Hussein S Mohammed', 'Poria Pirozmand', 'Sheeraz Memon', 'Sajad Ghatrehsamani', 'Indra Seher']",42076510,"Sensors (Basel, Switzerland). 2026 Apr 14. 26(8). doi: 10.3390/s26082401.",04-05-2026,PMC13120062,,Hussein S Mohammed,"Sensors (Basel, Switzerland). 2026 Apr 14. 26(8). doi: 10.3390/s26082401."
Validation of the Family Caregiver Relationship Quality Scale in Long-Term Care Facilities in Taiwan.,,2026,2026,"Healthcare (Basel, Switzerland)","Healthcare (Basel, Switzerland)",10.3390/healthcare14081068,https://pubmed.ncbi.nlm.nih.gov/42072968/,"['Taiwan', 'family caregiver', 'long-term care', 'psychometrics', 'relationship quality', 'scale validation', 'shared decision-making']",[],"['Pai-Yueh Chen', 'Ying-Hua Chao', 'Yao-Ching Huang', 'Shi-Hao Huang', 'Ren-Jei Chung', 'Pi-Ching Yu', 'Bing-Long Wang', 'Hsiu-Ju Chang', 'Pi-Chen Chang', 'Shu-Min Huang', 'Chao-Hsi Huang']",42072968,"Healthcare (Basel, Switzerland). 2026 Apr 17. 14(8). doi: 10.3390/healthcare14081068.",04-05-2026,PMC13115643,,Pai-Yueh Chen,"Healthcare (Basel, Switzerland). 2026 Apr 17. 14(8). doi: 10.3390/healthcare14081068."
Association Between Nutritional Risk and Mental Health in Older Adults: Focusing on Depression and Cognitive Function.,,2026,2026,"Healthcare (Basel, Switzerland)","Healthcare (Basel, Switzerland)",10.3390/healthcare14081062,https://pubmed.ncbi.nlm.nih.gov/42072962/,"['DETERMINE checklist', 'cognitive function', 'depression', 'frailty', 'mental health', 'nutritional risk', 'older adults']",[],"['Seohyeon Cho', 'Keon Woo', 'Yoonsoo Choy']",42072962,"Healthcare (Basel, Switzerland). 2026 Apr 16. 14(8). doi: 10.3390/healthcare14081062.",04-05-2026,PMC13116351,,Seohyeon Cho,"Healthcare (Basel, Switzerland). 2026 Apr 16. 14(8). doi: 10.3390/healthcare14081062."
Telemedicine and 5G Technologies: A Systematic Global Review of Applications over the Past Decade.,"This systematic review analyzes how the introduction and progressive deployment of 5G networks have influenced the evolution of telemedicine between 2014 and 2024, focusing on their impact on performance, accessibility, and the feasibility of advanced clinical applications across the pre-COVID-19, COVID-19, and post-COVID-19 periods. The review was conducted in accordance with PRISMA guidelines and included publications retrieved from SCOPUS, PubMed, and Web of Science using a PICO-based search strategy. Studies were selected based on predefined inclusion and exclusion criteria, and extracted data included clinical parameters, network characteristics such as bandwidth and latency, geographic setting, and type of telemedicine service. A total of 45 studies met the inclusion criteria, with most published between 2020 and 2024. The most frequently reported applications were telediagnosis, particularly robotic ultrasound, followed by telesurgery and teleconsultation. The low latency enabled by 5G networks supported complex telesurgical procedures over distances exceeding 5000 km, while in ultra-remote areas, hybrid solutions combining 5G and fiber-optic networks were often adopted to ensure stable connections. The integration of robotic platforms and AI-based tools further enhanced the precision and reliability of remote procedures. Overall, 5G technology has significantly advanced telemedicine by enabling real-time, high-quality care over long distances, improving access to specialist services and supporting more equitable and efficient digital healthcare delivery, particularly in underserved regions.",2026,2026,"Bioengineering (Basel, Switzerland)","Bioengineering (Basel, Switzerland)",10.3390/bioengineering13040438,https://pubmed.ncbi.nlm.nih.gov/42072232/,"['5G mobile communication', 'diagnostic imaging', 'health services accessibility', 'robotic surgical procedures', 'teleconsultation', 'telemedicine', 'telemonitoring', 'telerehabilitation', 'wireless technology']",[],"['Alessandra Franco', 'Francesca Angelone', 'Danilo Calderone', 'Alfonso Maria Ponsiglione', 'Maria Romano', 'Carlo Ricciardi', 'Francesco Amato']",42072232,"Bioengineering (Basel, Switzerland). 2026 Apr 08. 13(4). doi: 10.3390/bioengineering13040438.",04-05-2026,PMC13113812,,Alessandra Franco,"Bioengineering (Basel, Switzerland). 2026 Apr 08. 13(4). doi: 10.3390/bioengineering13040438."
"Unequal gains from artificial intelligence: Smart elderly health care, mental health of the elderly, and inequality.","As artificial intelligence becomes increasingly integrated into elderly healthcare systems, smart elderly health care (SEHC) has been promoted as a promising policy enhancing mental health and well-being among the elderly in China. This study examines the impact of SEHC on mental health and inequality among the elderly, with a particular focus on its unequal selection effect and the expansion of individual adaptability. Drawing on longitudinal data from China Health and Retirement Longitudinal Study, we adopt staggered difference-in-difference method to estimate the effects of SEHC policy implementation on elderly mental health and inequality, conduct robustness checks, heterogeneity tests, and mechanism analyses. SEHC significantly improves the mental health of the elderly (β = -1.391, P < 0.01) while simultaneously intensifying mental health inequality (β = 0.278, P < 0.01). However, these gains are disproportionately concentrated among individuals with higher income, lower hospitalization cost, higher educational attainment, and urban residency. Mechanism analysis reveals that SEHC improves mental health primarily by enhancing social participation and reducing hospitalization cost, with these adaptive benefits concentrated among higher-income individuals. While SEHC demonstrates significant potential to enhancing mental well-being among the elderly, it also generates disparities in mental health outcomes across different socioeconomic groups. To address this inequality, policymakers should implement inclusive intervention strategies that guarantee equitable and sustainable access to artificial intelligence-driven mental health benefits in elderly healthcare.",2026,2026,Health & place,Health & place,10.1016/j.healthplace.2026.103676,https://pubmed.ncbi.nlm.nih.gov/42070465/,"['Artificial intelligence', 'Health inequality', 'Mental health', 'Smart elderly health care', 'The elderly']",[],"['Hongkun Zhao', 'Qingrui Liu', 'Zhuo Chen']",42070465,Health & place. 2026 May 02. 99:103676. doi: 10.1016/j.healthplace.2026.103676.,04-05-2026,,,Hongkun Zhao,Health & place. 2026 May 02. 99:103676. doi: 10.1016/j.healthplace.2026.103676.
"Evaluation of the QuickFinder COVID-19/Flu/RSV antigen test for rapid simultaneous detection of SARS-CoV-2, influenza A/B viruses, and respiratory syncytial virus.","Antigen rapid diagnostic tests (Ag-RDTs) offer faster turnaround times and greater accessibility than molecular assays, making them practical tools for the early diagnosis of respiratory infections. This study evaluated the performance of the QuickFinder COVID-19/Flu/RSV Antigen Test (QuickFinder; OSANG Healthcare, Korea), a novel lateral flow immunoassay-based Ag-RDT. A total of 389 archived nasopharyngeal swab specimens collected between January 2016 and January 2025 were analyzed. Each specimen was tested in parallel using the QuickFinder and a real-time reverse transcription polymerase chain reaction (rRT-PCR) assay. The sensitivity and specificity of the QuickFinder were calculated in comparison with rRT-PCR results, and cross-reactivity was assessed using 19 viral and seven bacterial strains associated with human respiratory infections. Among the 389 specimens, 50 were rRT-PCR-positive for SARS-CoV-2, 50 for influenza A, 30 for influenza B, and 30 for RSV, with 229 rRT-PCR-negative samples. The sensitivities of the QuickFinder were 90.0% for SARS-CoV-2, 94.0% for influenza A, 83.3% for influenza B, and 80.0% for RSV, with 100% specificity for all four viruses. In specimens with cycle threshold values ≤25, sensitivities were consistently high across all targets. No cross-reactivity was observed with the tested microorganisms. These findings indicate that the QuickFinder Ag-RDT provides reliable detection performance in specimens with high viral loads and may be useful as a rapid screening and initial differentiation tool for major respiratory viruses. However, given its reduced sensitivity in low viral load specimens, it should be considered a complementary test rather than a substitute for rRT-PCR.",2026,2026,Diagnostic microbiology and infectious disease,Diagnostic microbiology and infectious disease,10.1016/j.diagmicrobio.2026.117443,https://pubmed.ncbi.nlm.nih.gov/42070376/,"['Antigen rapid diagnostic test', 'Influenza A/B', 'QuickFinder', 'RSV', 'SARS-CoV-2']",[],"['Jung-Ah Kim', 'Minhee Kang', 'Hui-Jin Yu', 'Tae Yeul Kim', 'Hee Jae Huh']",42070376,Diagnostic microbiology and infectious disease. 2026 Apr 27. 116(1):117443. doi: 10.1016/j.diagmicrobio.2026.117443.,04-05-2026,,,Jung-Ah Kim,Diagnostic microbiology and infectious disease. 2026 Apr 27. 116(1):117443. doi: 10.1016/j.diagmicrobio.2026.117443.
An Examination of Perceptions and Usage of Dried Blood Spot Biosampling Technology for HIV Viral Load Collection Among Youth with HIV.,"Dried blood spot (DBS) biosampling holds promise for expanding routine viral load (VL) monitoring for youth with HIV (YWH), particularly those at highest risk for HIV medication non-adherence. This mixed methods study piloted home-based DBS collection with YWH, aged 15-24 years. We enrolled 34 YWH with suppressed VL from April 22, 2020, to December 15, 2021, a subset of a fully virtual, nationwide decentralized clinical trial (ATN 144 SMART). Participants were mailed a HemaSpot",2026,2026,AIDS and behavior,AIDS and behavior,10.1007/s10461-026-05154-x,https://pubmed.ncbi.nlm.nih.gov/42070204/,"['Dried blood spot (DBS)', 'Implementation outcomes', 'Viral load monitoring', 'Youth with HIV (YWH)']",[],"['Sitaji Gurung', 'Karen MacDonell', 'K Marie Sizemore', 'Christopher M Ferraris', 'Sylvie Naar']",42070204,AIDS and behavior. 2026 May 03. doi: 10.1007/s10461-026-05154-x.,03-05-2026,3945725,,Sitaji Gurung,AIDS and behavior. 2026 May 03. doi: 10.1007/s10461-026-05154-x.
Secured framework for IoT based healthcare application.,"The Internet of Things (IoT) allows continuous health monitoring through the interconnection of wearable and medical devices with computing and storage infrastructures. As cyber threats grow and the sensitivity of healthcare information increases, data integrity, privacy, and access control become critical concerns in digital healthcare environments. This paper proposes a secure IoT-based healthcare framework that integrates machine learning and blockchain techniques for data protection and intelligent health risk assessment.The proposed framework uses cryptographic hashing, Merkle tree construction, digital signatures, and a threshold-based blockchain validation mechanism to enhance the integrity and secure handling of healthcare data in a permissioned simulation environment. The blockchain validation mechanism is evaluated through simulated tampering, replay, and high-load scenarios to assess the integrity verification capability of the proposed framework.Various machine learning models are trained and evaluated on medical datasets to predict disease risk, and their performance is measured using accuracy, precision, recall, and F1-score metrics. The framework is implemented in Python and deployed in a scalable cloud-based environment. Experimental results demonstrate that the proposed framework improves healthcare data integrity verification and supports reliable predictive performance for secure digital healthcare applications.",2026,2026,Scientific reports,Scientific reports,10.1038/s41598-026-51036-6,https://pubmed.ncbi.nlm.nih.gov/42069783/,"['Blockchain', 'Data security', 'Diabetes prediction', 'Internet of Things (IoT)', 'Machine learning', 'Smart Healthcare']",[],"['Vidhya Nagavel', 'P T V Bhuvaneswari', 'Parameswaran Ramesh', 'K Tamaraiselvi']",42069783,Scientific reports. 2026 May 02. doi: 10.1038/s41598-026-51036-6.,03-05-2026,,,Vidhya Nagavel,Scientific reports. 2026 May 02. doi: 10.1038/s41598-026-51036-6.
Lysine-proline-valine peptide attenuates hepatic lipid accumulation through ROS-dependent regulation of the PPARγ pathway in HepG2 cells.,"Hepatocellular steatosis, an early stage within the non-alcoholic fatty liver disease (NAFLD) spectrum, is characterized by excessive lipid accumulation and oxidative stress in hepatocytes. This study examined the protective role of Lysine-Proline-Valine (KPV), an endogenous tripeptide derived from α-melanocyte-stimulating hormone, against oleic acid (OA)-induced oxidative damage and lipid accumulation in hepatic epithelial HepG2 cells. OA treatment markedly enhanced hepatic lipid deposition by upregulation of fatty acid synthase (FAS) expression. Treatment with KPV (100 µg/mL) significantly attenuated OA-induced lipid accumulation and suppressed FAS expression without inducing cytotoxicity. Mechanistic analysis revealed that KPV reduced reactive oxygen species generation, thereby preventing activation of extracellular signal-regulated kinase. KPV also downregulated AKT phosphorylation, leading to inhibition of mTORC1 phosphorylation under hepatic steatosis conditions. Furthermore, KPV regulated the phosphorylation of peroxisome proliferator-activated receptor gamma, a key transcription factor in",2026,2026,Cytotechnology,Cytotechnology,10.1007/s10616-026-00967-z,https://pubmed.ncbi.nlm.nih.gov/42064835/,"['HepG2 cells', 'KPV', 'Lipogenesis', 'NAFLD', 'Reactive oxygen species']",[],"['Ju-Yeon Lee', 'Jin Lee', 'Won-Kyo Jung', 'Jae-Young Je', 'Sei-Jung Lee']",42064835,Cytotechnology. 2026 Jun. 78(3):98. doi: 10.1007/s10616-026-00967-z.,01-05-2026,PMC13125694,,Ju-Yeon Lee,Cytotechnology. 2026 Jun. 78(3):98. doi: 10.1007/s10616-026-00967-z.
ICRS-FIFA-Aspetar consensus on the management of knee cartilage injuries in football players: part 2-appropriateness of specific surgical procedures to address articular cartilage lesions in different clinical scenarios using the RAND/UCLA appropriateness method.,"Knee articular cartilage lesions are frequent in football players, but evidence for the most suitable surgical treatments is lacking. The aim of this International Cartilage Regeneration & Joint Preservation Society, Fédération Internationale de Football Association and Aspetar (ICRS-FIFA-Aspetar) consensus was to develop expert-based, patient-specific practical recommendations on the appropriateness of surgical treatments for symptomatic knee articular cartilage lesions in competitive football players. The RAND/UCLA Appropriateness Method was used by 17 voting experts to provide recommendations on the suitability of six different surgical procedures (debridement, debridement+orthobiologics, bone marrow stimulation procedures, osteochondral autograft transplantation, allografts, and regenerative procedures) depending on four key clinical considerations: lesion location, defect size, bone involvement, and patient preference towards higher priority for a quick return to play or long-term results. These resulted in 96 scenarios (16 clinical scenarios for six surgical procedures). Altogether, in 94% of clinical scenarios, at least one surgical procedure was considered appropriate. Patient preference had the highest influence on the results. Debridement plus orthobiologics was most often considered appropriate in patients preferring a quick return to play, while regenerative techniques were more often considered appropriate with patients prioritising long-term results. Osteochondral autograft transplantation and allografts were considered appropriate only in selected scenarios, whereas bone marrow stimulation procedures were considered inappropriate or uncertain. The recommendations established by this ICRS-FIFA-Aspetar consensus on the appropriateness of different surgical procedures to treat symptomatic articular cartilage lesions in competitive football players should be used as broad guidelines, but the preferred treatment should be player-specific.",2026,2026,British journal of sports medicine,British journal of sports medicine,10.1136/bjsports-2025-110676,https://pubmed.ncbi.nlm.nih.gov/42062041/,"['Cartilage', 'Football', 'Knee', 'Soccer', 'Surgical Procedures, Operative']",[],"['Emmanuel Papakostas', 'Elizaveta Kon', 'Luca Andriolo', 'Andreas Serner', 'Andrew Massey', 'Peter Verdonk', 'Peter Angele', 'Claudia Arias', 'Camila Cohen Kaleka', 'Ramon Cugat', ""Pieter D'Hooghe"", 'Francesco Della Villa', 'Cristiano Eirale', 'Christoph Erggelet', 'João Espregueira-Mendes', 'Christian Fink', 'Celeste Geertsema', 'Liesel Geertsema', 'Cassandra A Lee', 'Bert Mandelbaum', 'Norimasa Nakamura', 'David A Parker', 'Kristof Sas', 'Bertrand Sonnery-Cottet', 'Willem van der Merwe', 'Andy Williams', 'Stefano Zaffagnini', 'Bashir Ahmed Zikria', 'Giuseppe Filardo']",42062041,British journal of sports medicine. 2026 Apr 30. doi: 10.1136/bjsports-2025-110676.,01-05-2026,,,Emmanuel Papakostas,British journal of sports medicine. 2026 Apr 30. doi: 10.1136/bjsports-2025-110676.
"Care access and provision for persons surviving opioid overdose and toxic brain injury, with recommendations to address the unfolding polycrisis.","Escalating rates of opioid overdoses have led to a global public health crisis. With the widespread use of life-saving measures, such as Naloxone, more individuals are surviving overdoses. However, a secondary problem has emerged: many survivors are experiencing anoxic/hypoxic brain injuries (AHBI)-also known as toxic brain injuries-as a consequence of non-fatal overdose. This study aimed to explore the intersection of non-fatal opioid overdose and AHBI, identify barriers and facilitators to care, and inform the future development of an integrated care model for individuals with a history of opioid overdose and AHBI.",2026,2026,Journal of substance use and addiction treatment,Journal of substance use and addiction treatment,10.1016/j.josat.2026.209989,https://pubmed.ncbi.nlm.nih.gov/42061724/,"['Anoxic/hypoxic brain injury', 'Integrated care', 'Opioid overdose']",[],"['Colette M Smart', 'Amanda Reaume', 'Nazanin Babaei', 'Lauren K Qualls', 'Morgan J Schaeffer', 'Cole J Kennedy', 'Jodie R Gawryluk']",42061724,Journal of substance use and addiction treatment. 2026 Apr 28. 189:209989. doi: 10.1016/j.josat.2026.209989.,01-05-2026,,,Colette M Smart,Journal of substance use and addiction treatment. 2026 Apr 28. 189:209989. doi: 10.1016/j.josat.2026.209989.
Protocol for the sequential multiple assignment randomized trial to reduce food insecurity and improve adherence in patients with hypertension (SMART-FI).,"Food insecurity is a barrier to patients adhering to prescribed hypertension treatments and is strongly associated with worse blood pressure. Health systems are implementing interventions to assist patients with food insecurity, but rather than providing a single intervention, a stepped-care approach to providing interventions could be a more effective strategy. Our objective is to determine the effectiveness of a stepped-care food insecurity intervention on blood pressure and adherence among patients with uncontrolled hypertension.",2026,2026,Contemporary clinical trials,Contemporary clinical trials,10.1016/j.cct.2026.108331,https://pubmed.ncbi.nlm.nih.gov/42061553/,"['Adherence', 'Blood pressure', 'Food insecurity', 'Food is medicine', 'Hypertension', 'Medically tailored meals']",[],"['Deepak Palakshappa', 'Rebecca J Stone', 'Jesus Betancourt Torres', 'Seth A Berkowitz', 'Scott D Rhodes', 'Eric S Kirkendall', 'Emily V Dressler', 'Luisa M Paredes Acosta', 'Jeff D Williamson', 'Jamy Ard', 'Brenda Ramirez', 'Richa Bundy', 'Nicole Caudill', 'Heather Martin', 'Lakesha D Hodge', 'Antoinette Damon', 'Luciana Caicedo-Dussan', 'Joseph Rigdon']",42061553,Contemporary clinical trials. 2026 Apr 28. 166:108331. doi: 10.1016/j.cct.2026.108331.,01-05-2026,,,Deepak Palakshappa,Contemporary clinical trials. 2026 Apr 28. 166:108331. doi: 10.1016/j.cct.2026.108331.
Improving Long-Term Adherence to Endocrine Therapy Among Breast Cancer Survivors: Development of a Multiscale Modeling and Intervention System.,"Breast cancer is a significant public health burden. Despite its critical role in preventing the recurrence of breast cancer, rates of long-term adherence to endocrine therapy (ET) remain low among certain breast cancer survivors. Using embedded sensors in smartphones and wearables, ecological momentary assessment data and health behavior theory may facilitate a richer understanding of the real-world context of medication-taking behaviors, which can aid in the development of personalized interventions.",2026,2026,JMIR cancer,JMIR cancer,10.2196/68255,https://pubmed.ncbi.nlm.nih.gov/42060540/,"['breast cancer survivors', 'breast neoplasms', 'digital health', 'ecological momentary assessment', 'endocrine therapy', 'mHealth', 'maintenance chemotherapy', 'medication adherence', 'mobile app', 'social cognitive theory']","['Breast Neoplasms', 'Cancer Survivors', 'Medication Adherence', 'Neoplasm Recurrence, Local', 'Antineoplastic Agents, Hormonal', 'Machine Learning', 'Precision Medicine', 'User-Centered Design', 'Qualitative Research', 'Interviews as Topic', 'Social Cognition', 'Psychological Theory', 'Ecological Momentary Assessment', 'Mobile Applications', 'Humans', 'Female', 'Young Adult', 'Adult', 'Middle Aged', 'Aged']","['Manuel Gonzales Iv', 'Cristian Garcia-Alcaraz', 'Navreet Kaur', 'Anna N Baglione', 'Sarah Livermon', 'Laura E Barnes', 'Kristen J Wells']",42060540,JMIR cancer. 2026 Apr 30. 12:e68255. doi: 10.2196/68255.,30-04-2026,PMC13131827,,Manuel Gonzales Iv,JMIR cancer. 2026 Apr 30. 12:e68255. doi: 10.2196/68255.
Application of Photostimulation Therapy in Cognitive Function of Alzheimer's Disease Patients: A Scoping Review.,"Alzheimer's disease patients often experience cognitive decline during disease progression, impacting their quality of life. Photostimulation therapy, as a non-invasive neuromodulation method, has been increasingly used in the adjunctive management of Alzheimer's patients in recent years. Despite the increasing number of related studies, a systematic review and comprehensive evaluation are still lacking.",2026,2026,Clinical interventions in aging,Clinical interventions in aging,10.2147/CIA.S600468,https://pubmed.ncbi.nlm.nih.gov/42058736/,"['alzheimer’s disease', 'cognitive function', 'mechanism of action', 'photostimulation therapy', 'scoping review']","['Humans', 'Alzheimer Disease', 'Cognition', 'Phototherapy', 'Quality of Life', 'Cognitive Dysfunction']","['Bixuan Xu', 'Hejia Wan', 'Ping Liu', 'Zilin Zhao', 'Yulu Xie', 'Jiaru Meng', 'Yuanmei Qin']",42058736,Clinical interventions in aging. 2026. 21:600468. doi: 10.2147/CIA.S600468.,30-04-2026,PMC13123567,,Bixuan Xu,Clinical interventions in aging. 2026. 21:600468. doi: 10.2147/CIA.S600468.
A hybrid optimized framework with energy shape prior segmentation for brain tumor detection in MRI images.,"Brain tumors have been a major factor in the development of mental disorders like anxiety and depression. The primary target of this research is to develop a smart, economically feasible system that can detect and classify brain tumors by analyzing MRI images, reducing manual labor, and shortening diagnostic time.",2026,2026,Digital health,Digital health,10.1177/20552076261418837,https://pubmed.ncbi.nlm.nih.gov/42058733/,"['Brain tumor detection', 'artificial intelligence in healthcare', 'classification', 'computer-aided diagnosis', 'deep learning', 'image segmentation', 'magnetic resonance imaging', 'optimization algorithms']",[],"['Ashit Kumar Dutta', 'Yaseen Bokhari', 'Zaffar Ahmed Shaikh', 'Amr Yousef', 'Shtwai Alsubai', 'Mohammed Gh Alzahrani', 'Mohd Anjum', 'Sana Shahab']",42058733,Digital health. 2026. 12:20552076261418837. doi: 10.1177/20552076261418837.,30-04-2026,PMC13121517,,Ashit Kumar Dutta,Digital health. 2026. 12:20552076261418837. doi: 10.1177/20552076261418837.
Improving access to essential medicines via decision-aware machine learning.,"A critical challenge in healthcare systems in low- and middle-income countries is the efficient and equitable allocation of scarce resources, particularly essential medicines",2026,2026,Nature,Nature,10.1038/s41586-026-10433-7,https://pubmed.ncbi.nlm.nih.gov/42056524/,[],[],"['Angel Tsai-Hsuan Chung', 'Jatu Abdulai', 'Patrick Bayoh', 'Lawrence Sandi', 'Francis Smart', 'Hamsa Bastani', 'Osbert Bastani']",42056524,Nature. 2026 Apr 29. doi: 10.1038/s41586-026-10433-7.,30-04-2026,9792464,,Angel Tsai-Hsuan Chung,Nature. 2026 Apr 29. doi: 10.1038/s41586-026-10433-7.
[Current applications and prospects of artificial intelligence in perioperative comprehensive management for gastrointestinal surgery].,"The shift from the traditional empirical approach to a more data-driven method in the diagnosis and treatment of GI cancers is significant due to advancements in overall precision medicine and digital healthcare. Artificial intelligence(AI),the driving force behind the technological revolution,is increasingly being used in screening,diagnosis,treatment,and rehabilitation in gastrointestinal surgery with its potential to use image recognition,develop a deep learning model and analyse multimodal data. This study systematically reviews how AI is currently being applied across the whole perioperative pathway in GI surgery. During pre-operation procedures,the use of AI assisted endoscopic systems and super-resolution radiomics improved early cancer detection rates and clinical stage predictions. During intraoperative procedures,augmented reality navigation,intelligent robotic systems,and the 'ultra-minimally invasive' concept have advanced surgical innovations towards improved precision and reduced invasiveness. After surgery,you can use computational pathology and multi-omics fusion models to assess prognosis and make adjuvant therapy decisions. The physical and psychological rehabilitation experience of patients undergoing perioperative management is optimized with the aid of smart cognitive behavioural therapy and intensive care warning systems. The challenges limiting the clinical translation of artificial intelligence,such as data silos,algorithmic opacity,and ethical regulations,are discussed in detail at the end. After this,possible future applications of federated learning and large language models are envisioned.",2026,2026,Zhonghua wai ke za zhi [Chinese journal of surgery],Zhonghua wai ke za zhi [Chinese journal of surgery],10.3760/cma.j.cn112139-20260129-00045,https://pubmed.ncbi.nlm.nih.gov/42056051/,[],[],"['P Y Wang', 'B Liu', 'X Liu', 'M H Shan', 'Z X Shen', 'S L Li', 'M Z Wu', 'Z C Zhao', 'Y J Yan', 'W H Fu']",42056051,Zhonghua wai ke za zhi [Chinese journal of surgery]. 2026 Apr 30. 64(6):606-611. doi: 10.3760/cma.j.cn112139-20260129-00045.,30-04-2026,,,P Y Wang,Zhonghua wai ke za zhi [Chinese journal of surgery]. 2026 Apr 30. 64(6):606-611. doi: 10.3760/cma.j.cn112139-20260129-00045.
Smart Devices and Better Health: Positive Associations Between Smart Devices and Health Among Older Adults.,"IntroductionSmart devices hold significant value for enhancing the health of older adults by promoting healthcare utilization and supporting chronic disease prevention.MethodsThis study investigates the relationship between smart device usage and health status among older adults, along with the underlying mechanisms, using panel data from the 2018 and 2020 waves of the China Longitudinal Aging Social Survey (CLASS). The baseline analysis employs a Two-Way Fixed Effects model to estimate the relationship between smart device usage and multiple health indicators. To ensure robustness, we further conduct instrumental variable estimation and exclude specific interfering samples. Additionally, heterogeneity across demographic subgroups is examined using interaction-term-based split-sample regression.ResultsUse of smart wristbands is associated with better self-rated health (SRH), lower depression scores, and higher social adaptation. Smart assistants and audiobooks are also associated with better social adaptation. Overall, smart devices enhance health by increasing healthcare utilization, encouraging social participation, strengthening social support, and facilitating early diagnosis of chronic diseases. These effects vary notably across gender, marital status, residence, age, and education level. Moreover, smart device use is linked to a pronounced reduction in medical expenditures.ConclusionThe findings reveal a positive association between smart device use and health outcomes among older adults, indicating the important role of smart devices in supporting health management and alleviating medical burdens among older adults. This study provides empirical evidence for promoting digital health interventions and suggests that policy efforts should consider demographic differences to enhance the equitable adoption of smart technologies.",2026,2026,"Inquiry : a journal of medical care organization, provision and financing","Inquiry : a journal of medical care organization, provision and financing",10.1177/00469580261447172,https://pubmed.ncbi.nlm.nih.gov/42054626/,"['TWFE', 'health status', 'healthy aging', 'instrumental variable', 'smart devices']","['Humans', 'Aged', 'Male', 'Female', 'Health Status', 'China', 'Longitudinal Studies', 'Middle Aged', 'Aged, 80 and over', 'Social Support', 'Patient Acceptance of Health Care', 'Smartphone', 'Chronic Disease']","['Yuanyang Wu', 'Shuyu Dong', 'Huimin Zhou', 'Xiaodong Li', 'Conghui Ma']",42054626,"Inquiry : a journal of medical care organization, provision and financing. 2026. 63:1. doi: 10.1177/00469580261447172.",29-04-2026,PMC13150106,,Yuanyang Wu,"Inquiry : a journal of medical care organization, provision and financing. 2026. 63:1. doi: 10.1177/00469580261447172."
Legal liability of physicians and new governance in the AI era.,,2026,2026,Japanese journal of radiology,Japanese journal of radiology,10.1007/s11604-026-01997-5,https://pubmed.ncbi.nlm.nih.gov/42053745/,"['Agile governance', 'Artificial intelligence', 'Healthcare', 'Legal liability', 'Medicine', 'Physician liability']",[],"['Daiju Ueda', 'Takafumi Ochiai', 'Taichi Kakinuma', 'Hirokazu Yamaguchi', 'Akihiro Fukuda', 'Kenichi Saito', 'Hirotaka Takita', 'Yasuhito Mitsuyama', 'Shannon Walston', 'Yukio Miki']",42053745,Japanese journal of radiology. 2026 Apr 29. doi: 10.1007/s11604-026-01997-5.,29-04-2026,11442995,,Daiju Ueda,Japanese journal of radiology. 2026 Apr 29. doi: 10.1007/s11604-026-01997-5.
[Smart use of AI in healthcare: the growing role of AI literacy].,"Artificial intelligence (AI) offers opportunities for more efficient care, improved communication, and support in diagnostics and clinical decision-making. The transition to safe application in practice, however, requires AI literacy: the ability to understand the functioning, limitations, and risks of systems and to use them critically. The European Regulation on artificial intelligence (AI Act) obliges providers, deployers, and users to ensure an appropriate level of AI literacy. This article outlines the core aspects of AI literacy, with specific attention to predictive models and generative AI, including their pitfalls such as bias, confounding, hallucinations, and automation bias. The distribution of responsibilities is also addressed: providers are expected to ensure transparency and validation, deployers to establish governance and training, and healthcare professionals to apply contextual interpretation. Education and assessment of both basic knowledge and application are essential, from initial training to specialist practice. Only through early and structural investment in AI literacy can human oversight be safeguarded and patient safety maintained.",2026,2026,Nederlands tijdschrift voor geneeskunde,Nederlands tijdschrift voor geneeskunde,,https://pubmed.ncbi.nlm.nih.gov/42053574/,[],"['Humans', 'Artificial Intelligence', 'Delivery of Health Care', 'Health Literacy']","['Sara Ben Hmido', 'Freek Daams', 'Denise E Hilling', 'Diederik A M P J Gommers', 'Michel E van Genderen', 'M C Corrette Ploem']",42053574,Nederlands tijdschrift voor geneeskunde. 2026 Apr 30. 170.,29-04-2026,,,Sara Ben Hmido,Nederlands tijdschrift voor geneeskunde. 2026 Apr 30. 170.
The economic burden of medical errors and policy solutions for patient safety: evidence from a mixed-methods study in Tehran.,This study aims to estimate the direct economic burden of major medical errors and identify feasible policy Solutions for improving patient safety in an Iranian tertiary hospital context.,2026,2026,International journal of health care quality assurance,International journal of health care quality assurance,10.1108/IJHCQA-11-2025-0181,https://pubmed.ncbi.nlm.nih.gov/42053503/,"['Economic burden', 'Hospital management', 'Medical errors', 'Patient safety', 'Policy solutions']",[],"['Mostafa Shafiei', 'Taha Nasiri', 'Mohammad Amiri-Ara', 'Rouhollah Zaboli']",42053503,International journal of health care quality assurance. 2026 May 01. 1-18. doi: 10.1108/IJHCQA-11-2025-0181.,29-04-2026,,,Mostafa Shafiei,International journal of health care quality assurance. 2026 May 01. 1-18. doi: 10.1108/IJHCQA-11-2025-0181.
Bayesian adaptive randomization in the I-SPY2 sequential multiple assignment randomized trial.,"I-SPY2 is a long-running phase 2 platform trial that evaluates neoadjuvant treatments for locally advanced breast cancer to identify those with high efficacy that are likely to be successful in phase 3 trials, assigning patients to novel agents using response-adaptive randomization (RAR). Recently, I-SPY2 was reconfigured as a sequential multiple assignment randomized trial (SMART), with up to three stages of therapy. At the first stage, a patient is assigned to a tumor-subtype-specific therapy. If the patient fails to show a satisfactory response, the patient is assigned to a second subtype-specific therapy, and receives a third, rescue therapy if response is still not achieved. The I-SPY2 SMART thus supports identification of highly efficacious entire treatment regimes. The transition of I-SPY2 to a SMART required development of a RAR scheme that updates randomization probabilities at each stage, aligned with the goal of maximizing the number of patients who achieve a pathological complete response (pCR). We present our Bayesian RAR approach, which updates randomization probabilities based on the posterior probability that treatments are part of the optimal regime. Empirical studies demonstrate that it results in more patients having treatment experience consistent with highly efficacious regimes, improves overall within-trial pCR rates, and identifies optimal regimes post trial at rates similar to or exceeding those under simple, uniform, nonadaptive randomization.",2026,2026,Biometrics,Biometrics,10.1093/biomtc/ujag063,https://pubmed.ncbi.nlm.nih.gov/42053379/,"['Bayesian response-adaptive randomization', 'breast cancer', 'precision oncology', 'sequential multiple assignment randomized trial']","['Bayes Theorem', 'Humans', 'Breast Neoplasms', 'Randomized Controlled Trials as Topic', 'Female', 'Neoadjuvant Therapy', 'Clinical Trials, Phase II as Topic', 'Computer Simulation', 'Random Allocation', 'Models, Statistical']","['Peter Norwood', 'Christina Yau', 'Denise Wolf', 'Philip Beineke', 'Andrew Chapple', 'Anastasios Tsiatis', 'Marie Davidian']",42053379,Biometrics. 2026 Apr 09. 82(2). doi: 10.1093/biomtc/ujag063.,29-04-2026,PMC13126647,NIHMS2171016,Peter Norwood,Biometrics. 2026 Apr 09. 82(2). doi: 10.1093/biomtc/ujag063.
BLEND blockchain and federated learning enabled data sharing network.,"Combining blockchain and federated learning has emerged as a promising solution for secure, privacy-preserving data sharing and collaborative training of machine learning models in decentralised settings. However, their methods suffer from scalability issues, computational overhead, and challenges in preserving privacy in dynamic environments such as IoT, healthcare, and smart cities. Although blockchain-based solutions ensure data confidence and provenance, they come at the cost of the high computational overhead involved in transaction validation and consensus. In a similar spirit to federated learning, where local models are trained on sensitive data, and only aggregation is performed without centralising the data, traditional approaches fail to provide efficient aggregation and do not allow for secure transmission. This paper proposes BLEND, a Blockchain- and federated-learning-enabled network for Data sharing, as a new framework to tackle this issue. It will integrate a new consensus protocol, adaptive encryption schemes, and smart contract-based aggregation to deliver outstanding security, scalability, and operational efficiency. The proposed framework automatically adjusts its encryption strength in real time based on threat intelligence, enabling secure data while enhancing model performance. We show through experiments that BLEND outperforms existing blockchain-based federated learning methods in terms of latency, computation cost, and model accuracy by several orders of magnitude. Exploiting this commonality, the frame can reduce the existing framework's computational overhead by as much as 20%, while maintaining around 90-95% of the original model's accuracy and achieving lower latency than traditional methods. The framework enables privacy-friendly practical scenarios that enable large-scale, distributed data sharing and model training. BLEND offers industries such as healthcare and IoT a performant, robust, and scalable instruction-level collaborative solution that does not compromise performance or privacy.",2026,2026,Scientific reports,Scientific reports,10.1038/s41598-026-49544-6,https://pubmed.ncbi.nlm.nih.gov/42049932/,"['Blockchain', 'Data sharing', 'Federated learning', 'Privacy preservation', 'Secure aggregation']",[],"['G Sudhakar', 'M Indrasena Reddy', 'K R Pradeep', 'G Bindu Madhavi', 'Y Sowmya Reddy', 'Manjusha Bollimuntha']",42049932,Scientific reports. 2026 Apr 28. doi: 10.1038/s41598-026-49544-6.,29-04-2026,,,G Sudhakar,Scientific reports. 2026 Apr 28. doi: 10.1038/s41598-026-49544-6.
