Title,Abstract,Year_Published,Publication Year,Source,Journal/Book,DOI,Download_URL,Keywords,MeSH_Terms,Authors,PMID,Citation,Create Date,PMCID,NIHMS ID,First Author,Reference
"Osteoarthritis and rheumatoid arthritis: A comparative review of pathophysiology, diagnosis and evolving management.","Osteoarthritis (OA) and rheumatoid arthritis (RA) are among the leading causes of chronic joint pain and disability, resulting in significant healthcare and economic burdens. OA is a degenerative disorder characterized by cartilage degradation, whereas RA is an autoimmune condition that leads to synovial inflammation. Despite their differences, both conditions share similar symptoms such as joint pain, stiffness, and functional decline, which can complicate early diagnosis and delay targeted treatment. Degradation of the extracellular matrix, chondrocyte senescence, and responses to biomechanical stress are considered key molecular events in OA. By contrast, RA is driven by abnormal immune activation, autoantibody production, and ongoing synovial inflammation. This review provides a comparative analysis of OA and RA, focusing on pathophysiology, diagnostic modalities, clinical assessment frameworks, and evolving management strategies. Diagnostic strategies that combine patient evaluation, advanced imaging techniques, and emerging molecular biomarkers to improve early detection are also discussed. Critical evaluations are provided of management strategies that encompass pharmacologic treatments, such as using nonsteroidal anti-inflammatory drugs, corticosteroids, disease-modifying antirheumatic drugs, biologics, and Janus kinase (JAK) inhibitors, as well as non-pharmacologic interventions, including physical therapy, lifestyle modifications, and surgical options. In addition, the limited disease-modifying options for OA and safety concerns with long-term immunosuppressive therapy in RA are noted, highlighting the need for biomarker guided personalized therapies.",2026,2026,Journal of Taibah University Medical Sciences,Journal of Taibah University Medical Sciences,10.1016/j.jtumed.2026.04.010,https://pubmed.ncbi.nlm.nih.gov/42206288/,"['Autoimmune condition', 'Degenerative disorder', 'Inflammation', 'Pain', 'Treatment']",[],"['Shriyeta Biswas', 'Juganta K Kalita', 'Bedaparna Nath', 'N Anirudh Singh', 'Md Sarowar Hossain', 'Saikat Sen']",42206288,Journal of Taibah University Medical Sciences. 2026 Jun. 21(3):511-531. doi: 10.1016/j.jtumed.2026.04.010.,28-05-2026,PMC13207567,,Shriyeta Biswas,Journal of Taibah University Medical Sciences. 2026 Jun. 21(3):511-531. doi: 10.1016/j.jtumed.2026.04.010.
Blockchain Technology to Enhance Clinical Data Management in Healthcare: A Systematic Literature Review.,"This systematic review examines how blockchain is applied in clinical data management (CDM) and what prevents its adoption in healthcare. A structured search in Scopus and Web of Science retrieved 554 records; after applying inclusion/exclusion criteria and quality assessment, 32 studies published between 2018 and 2024 were included. The analysis was guided by five research questions: (1) how blockchain supports clinical data workflows; (2) its role in data security and privacy; (3) key technical challenges and commonly used technologies; (4) integration with other healthcare technologies, and (5) how does blockchain technology integrate with and enhance other emerging healthcare technologies? Findings show that blockchain can support consent management, secure data sharing, traceability, and tamper-resistant audit trails using smart contracts and decentralized access control. It is also positioned as a trust layer for electronic health records, the Internet of Medical Things, artificial intelligence, and telemedicine by ensuring integrity and controlled access to sensitive clinical data. However, several barriers limit real-world deployment. Reported challenges include limited scalability and throughput, difficulty integrating with legacy electronic health record systems, heterogeneous regulatory requirements, and the complexity of encoding privacy, consent, and compliance into smart contracts. Ethereum and Hyperledger Fabric are the most frequently implemented platforms, often combined with off-chain storage and interoperability standards such as Fast Healthcare Interoperability Resources (FHIR)/Substitutable Medical Applications and Reusable Technologies on FHIR. Overall, blockchain shows strong potential to improve security, transparency, and cross-institution exchange in CDM, but its viability depends on addressing scalability, interoperability, and governance constraints. However, the evidence base remains heterogeneous, and only a minority of studies report quantitative benchmarks or real-world deployments, which limits cross-study comparability and generalizability.",2026,2026,Blockchain in healthcare today,Blockchain in healthcare today,10.30953/bhty.v9.471,https://pubmed.ncbi.nlm.nih.gov/42205848/,"['HL7 FHIR interoperability', 'audit trail', 'blockchain', 'clinical data management', 'consent management', 'healthcare', 'smart contracts']",[],"['Khaoula Chafik', 'Mohamed Hanine', 'Abdellah Ouaguid', 'Sulieman Alshuhri']",42205848,Blockchain in healthcare today. 2026. 9(1). doi: 10.30953/bhty.v9.471.,28-05-2026,PMC13186143,,Khaoula Chafik,Blockchain in healthcare today. 2026. 9(1). doi: 10.30953/bhty.v9.471.
A federated learning-enabled energy-aware anomaly detection algorithm for secure big data analytics in IoT-based smart healthcare systems.,"The rapid expansion of Internet of Things (IoT) devices in smart healthcare systems has led to the generation of large volumes of diverse medical data. This creates challenges in ensuring secure, scalable, and energy-efficient anomaly detection. Traditional centralized deep learning methods rely on continuously sending sensitive patient data to cloud servers, which increases communication overhead, consumes more energy, and raises privacy concerns. To overcome these limitations, this paper presents a Federated Learning-enabled Energy-Aware Anomaly Detection framework (FL-EAD) designed for IoT-based smart healthcare environments. The proposed approach allows distributed IoT devices to collaboratively train models while keeping patient data stored locally, sharing only model updates instead of raw data. An energy-aware client selection strategy is incorporated to determine device participation in each federated learning round based on factors such as residual energy and communication cost. This helps reduce unnecessary energy consumption. Furthermore, a hybrid deep learning model combining an autoencoder with an attention-based Long Short-Term Memory (LSTM) network is used to effectively capture both spatial and temporal patterns in healthcare data streams. The proposed framework is evaluated using a publicly available healthcare IoT dataset. Experimental results show that FL-EAD improves anomaly detection performance and overall system efficiency compared to traditional centralized methods and standard federated learning approaches. Notable improvements are observed in accuracy, F1-score, energy usage, communication overhead, and detection latency. Overall, the results suggest that the proposed framework offers a practical and privacy-preserving solution for scalable anomaly detection in next-generation IoT-enabled smart healthcare systems.",2026,2026,Scientific reports,Scientific reports,10.1038/s41598-026-53494-4,https://pubmed.ncbi.nlm.nih.gov/42204202/,"['Anomaly detection', 'Edge computing', 'Energy-aware client selection', 'Federated learning', 'IoT-based smart healthcare', 'Privacy-preserving data analytics']",[],['Halah Abdulaziz Al-Alshaikh'],42204202,Scientific reports. 2026 May 27. doi: 10.1038/s41598-026-53494-4.,28-05-2026,,,Halah Abdulaziz Al-Alshaikh,Scientific reports. 2026 May 27. doi: 10.1038/s41598-026-53494-4.
The Role of Pediatric Hospital Systems in Addressing the Climate Crisis.,"Health systems occupy a uniquely influential position in the global effort to address the climate crisis. As both major contributors to greenhouse gas emissions and critical institutions for protecting public health, hospitals and health care organizations have an ethical and operational imperative to lead climate action. In doing so, health systems also realize a range of ancillary benefits that reinforce their core missions: improved cost-effectiveness, measurable return on investment, enhanced staff recruitment and retention, deeper community engagement, and strengthened public trust. This article outlines how health systems can mitigate their environmental footprint while enhancing patient care, operational efficiency, and community resiliency.",2026,2026,Pediatric clinics of North America,Pediatric clinics of North America,10.1016/j.pcl.2026.01.005,https://pubmed.ncbi.nlm.nih.gov/42203365/,"['Climate change', 'Climate health', 'Climate-smart healthcare', 'Planetary health', 'Sustainability', 'Sustainable health education']","['Humans', 'Climate Change', 'Hospitals, Pediatric', 'Child']","['Hilary Ong', 'Elizabeth Cerceo']",42203365,Pediatric clinics of North America. 2026 Jun. 73(3):623-635. doi: 10.1016/j.pcl.2026.01.005.,28-05-2026,,,Hilary Ong,Pediatric clinics of North America. 2026 Jun. 73(3):623-635. doi: 10.1016/j.pcl.2026.01.005.
Voice-assisted artificial intelligence in cardiovascular disease management: a systematic review and meta-analysis protocol.,"Cardiovascular disease (CVD) remains a leading cause of global morbidity and mortality, with self-management playing a pivotal role in improving outcomes. Voice-assisted artificial intelligence (AI) technologies such as virtual assistants and voice-controlled applications have emerged as innovative tools for healthcare delivery. While the technologies show promise in areas like primary prevention and chronic disease management, their effectiveness in supporting self-management for patients with CVD remains underexplored. This study aims to evaluate the impact of voice-assisted AI technologies on CVD self-management, specifically focusing on cardiovascular-related mortality, health-related quality of life (HRQoL) and adherence to lifestyle modifications.",2026,2026,BMJ open,BMJ open,10.1136/bmjopen-2025-102059,https://pubmed.ncbi.nlm.nih.gov/42203300/,"['Artificial Intelligence', 'Cardiovascular Disease', 'Mortality', 'Self-Management', 'Wearable Electronic Devices']","['Humans', 'Cardiovascular Diseases', 'Systematic Reviews as Topic', 'Meta-Analysis as Topic', 'Artificial Intelligence', 'Quality of Life', 'Self-Management', 'Digital Health', 'Research Design']","['Ayuba Issaka', 'Ralph Maddison', 'Greer Lamaro Haintz', 'Sheikh Mohammed Shariful Islam']",42203300,BMJ open. 2026 May 27. 16(5):e102059. doi: 10.1136/bmjopen-2025-102059.,28-05-2026,,,Ayuba Issaka,BMJ open. 2026 May 27. 16(5):e102059. doi: 10.1136/bmjopen-2025-102059.
DES-mediated self-assembled polypeptides: Synergistic neuromuscular signaling inhibition for anti-aging.,"Skin aging involves complex mechanisms such as overactivation of neuromuscular signals and oxidative stress. Herein, we developed a synergistic transdermal delivery system combining self-assembled tripeptide nanoparticles (DAC-SAPs) and a ternary deep eutectic solvent (DES, betaine-glycerol-propylene glycol, BGP) for anti-aging. DAC-SAP integrates dipeptide diaminobutyryl benzamide diacetate (DDB), argireline (ARG), and μ-conotoxin (CTX) into a single nanostructure through hydrophobic interactions, hydrogen bonds, and electrostatically driven molecular self-assembly. This spatial co-localization ensures synchronous delivery and spatiotemporal synergy, effectively inhibiting neuromuscular signaling. BGP DES optimizes polarity regulation, destroys stratum corneum lipids, and significantly promotes transdermal penetration. Molecular dynamics (MD) simulations reveal a dual permeation-promoting mechanism, with an appropriate nanostructure size reducing transmembrane resistance, whereas DES promotes lipid mobility and weakens tight junctions in the stratum corneum (SC). In vitro, in vivo, and exploratory clinical assessments demonstrate that DAC-SAP/BGP significantly inhibits sodium and calcium channel activity, reduces acetylcholine (ACh) secretion, and improves skin elasticity and wrinkle parameters. This multicomponent system achieves a synergistic anti-aging effect by blocking and enhancing the transmission of neuromuscular signals, thus providing a new strategy for anti-aging skin care.",2026,2026,Biomaterials advances,Biomaterials advances,10.1016/j.bioadv.2026.214954,https://pubmed.ncbi.nlm.nih.gov/42202650/,"['Deep eutectic solvents', 'Neuromuscular signaling inhibition', 'Self-assembled polypeptides', 'Transdermal delivery']",[],"['De Bai', 'Zhenyuan Wang', 'Tianqi Liu', 'Mi Wang', 'Jiaheng Zhang']",42202650,Biomaterials advances. 2026 May 20. 187:214954. doi: 10.1016/j.bioadv.2026.214954.,28-05-2026,,,De Bai,Biomaterials advances. 2026 May 20. 187:214954. doi: 10.1016/j.bioadv.2026.214954.
"β-Thalassemia Minor and Pregnancy Outcomes: Pathophysiology, Clinical Implications, and Management.","β-thalassemia minor, often referred to as the β-thalassemia trait, is among the most prevalent hemoglobinopathies globally, impacting around 80-90 million carriers, with a prevalence of up to 15% among Mediterranean, Middle Eastern, and Asian populations. Although traditionally regarded as clinically benign, pregnancy imposes hematologic and metabolic stressors that may unmask latent vulnerabilities. This review combines the latest data and findings about the pathophysiology of β-thalassemia minor during pregnancy, its short-term outcomes on the mother and fetus, and its long-term impact on the child, as well as management techniques. A narrative review of PubMed-indexed studies (2000-2025) was conducted, including cohort and case-control studies, systematic reviews, meta-analyses, and international guidelines. Outcomes were organized by theme, and quantitative findings (prevalence, relative risks, odds ratios) were combined when available. Anemia is a common health issue for mothers. Literature mentions that the pooled incidence is between 30% and 40% during the third trimester, with ~5%of carriers needing a blood transfusion (mainly in iron-deficient or baseline Hb 6-8 g/dL cases). Meta-analyses have shown elevated risks of pre-eclampsia (odds ratio (OR) ~ 1.4, 95% confidence interval (CI) 1.1-1.8) and postpartum hemorrhage (PPH); however, estimates differ by region. The odds of preterm delivery (OR ~ 1.4), small-for-gestational-age (SGA) (OR ~ 1.5), and low birth weight (LBW) are slightly increased for carriers, and neonatal intensive care unit (NICU) admission rates are also higher for carriers. However, the risk of stillbirth is not always increased. The usual approach is iron supplementation guided by ferritin levels to prevent overload, personalized transfusion thresholds, and regular folate support. There is not much evidence for long-term consequences for children of carrier mothers since no research has followed more than 200 children born to carrier mothers into adulthood. However, maternal anemia is linked to slower growth, neurodevelopmental issues, and a higher risk of cardiometabolic problems in larger groups of pregnant women. However, maternal anemia is associated with slower growth, neurodevelopment, and higher cardiometabolic risk in larger groups of pregnant women. β-thalassemia minor during pregnancy usually has a mild, though significant, impact. While most pregnancies proceed without complications, this condition is associated with a significantly higher prevalence of anemia and other adverse postnatal outcomes. Consequently, the implementation of risk-stratified monitoring, smart supplementation, and standardized management protocols is essential. Prospective registries, mechanistic placental research, and long-term offspring cohorts are necessary to better understand long-term trends.",2026,2026,"Medical sciences (Basel, Switzerland)","Medical sciences (Basel, Switzerland)",10.3390/medsci14020225,https://pubmed.ncbi.nlm.nih.gov/42201017/,"['fetal growth restriction', 'iron supplementation', 'maternal anemia', 'postpartum hemorrhage', 'pregnancy outcomes', 'transfusion management', 'β-thalassemia minor']","['Humans', 'Female', 'Pregnancy', 'beta-Thalassemia', 'Pregnancy Outcome', 'Pregnancy Complications, Hematologic']","['Angeliki Gerede', 'Sofoklis Stavros', 'Efthymios Oikonomou', 'Anastasios Potiris', 'Maria Danavasi', 'Vasiliki Kourti', 'Ismini Anagnostaki', 'Ekaterini Domali', 'Nikoletta Koutlaki', 'Makarios Eleftheriadis']",42201017,"Medical sciences (Basel, Switzerland). 2026 Apr 30. 14(2). doi: 10.3390/medsci14020225.",27-05-2026,PMC13214711,,Angeliki Gerede,"Medical sciences (Basel, Switzerland). 2026 Apr 30. 14(2). doi: 10.3390/medsci14020225."
"Poly(3,4-ethylenedioxythiophene) Nanotube-Decorated Screen-Printed Electrodes with a Ferrocene-Derived Built-in Probe Enables Alpha-Fetoprotein Detection.","An easy-to-engineer nanobiosensor electrode platform was developed using commercial screen-printed electrode (SPE) as the sensor substrate, enabling cost-effective detection of alpha-fetoprotein (AFP), a clinically important biomarker of liver cancer. The electrode surface was modified with poly(EDOT-COOH-",2026,2026,Langmuir : the ACS journal of surfaces and colloids,Langmuir : the ACS journal of surfaces and colloids,10.1021/acs.langmuir.6c00717,https://pubmed.ncbi.nlm.nih.gov/42200437/,[],[],"['I-Chen Wang', 'Jayakrishnan Aerathupalathu Janardhanan', 'Jia-Wei She', 'Hsiao-Hua Yu']",42200437,Langmuir : the ACS journal of surfaces and colloids. 2026 May 27. doi: 10.1021/acs.langmuir.6c00717.,27-05-2026,,,I-Chen Wang,Langmuir : the ACS journal of surfaces and colloids. 2026 May 27. doi: 10.1021/acs.langmuir.6c00717.
Smart Hydrogel Architectures for Sensors: Narrative Review.,"In sensing technologies, a hydrogel sensor with a specific response to stimuli allows for real-time monitoring of mechanical, thermal, and biochemical signals in wearable and implantable devices. This review discusses the latest advances in hydrogel-based sensors published between 2023 and spring 2026 and the design strategies prevalent in these articles, including the use of polymers, nanomaterial reinforcement, incorporation of ionic solvents, and physical or chemical crosslinking. The influence of supramolecular hydrogels on the quality of sensor parameters, including the impact on mechanical resistance, ionic conductivity, adaptation, and self-healing, is examined. In biomedical engineering, hydrogels, thanks to their biomimetic and programmable properties, enable control of wound repair and soft tissue interfaces. The review concludes by outlining the challenges, opportunities, and advances in the chemistry and mechanics of hydrogels, which may ultimately facilitate the development of multifunctional monitoring systems in healthcare. The abundance of information requires systematic, frequent reviews to accelerate the application of innovative solutions in practice. Carbon nanostructures are a key component that ensures the sensor's electrical conductivity. 3D printing technology has enabled the creation of individually customizable health monitoring devices. The work also highlights the use of nanodots in sensor production.",2026,2026,"Sensors (Basel, Switzerland)","Sensors (Basel, Switzerland)",10.3390/s26103213,https://pubmed.ncbi.nlm.nih.gov/42198022/,"['3D printed hydrogel', 'carbon nanomaterials', 'conductive hydrogel', 'force sensor', 'hydrogel architecture', 'multifunctional sensor', 'polymer']","['Hydrogels', 'Biosensing Techniques', 'Humans', 'Polymers', 'Wearable Electronic Devices', 'Printing, Three-Dimensional', 'Nanostructures', 'Electric Conductivity', 'Carbon Nanomaterials']","['Jūratė Jolanta Petronienė', 'Tadas Rasimavičius', 'Darius Viržonis', 'Andrius Dzedzickis', 'Vytautas Bučinskas']",42198022,"Sensors (Basel, Switzerland). 2026 May 19. 26(10). doi: 10.3390/s26103213.",27-05-2026,PMC13210494,,Jūratė Jolanta Petronienė,"Sensors (Basel, Switzerland). 2026 May 19. 26(10). doi: 10.3390/s26103213."
"A Review of Embedded Artificial Intelligence Research (2023-2026): Technological Advancements, Representative Advances, and Future Prospects.","Since the publication of the ""Review of Embedded Artificial Intelligence Research"" in 2023, driven by innovations in hardware architectures, advances in lightweight algorithms, and the maturation of edge-cloud collaboration technologies, embedded artificial intelligence (embedded AI) has progressed from ""technically feasible"" to ""large-scale deployment"". As a continuation of that review, this article systematically surveys the core advances in embedded AI from 2023 to 2026. At the hardware level, it examines engineering progress in non-von Neumann architectures such as compute-in-memory and neuromorphic chips, as well as heterogeneous integration technologies. At the algorithmic level, it covers dynamic adaptive lightweighting, specialized edge-side optimization of large models (including on-device large language model fine-tuning and edge diffusion models), and lightweight multimodal approaches. In terms of deployment paradigms, it discusses edge-side full training, federated edge learning, edge-cloud collaborative intelligence, and emerging paradigms. At the application level, it illustrates the ""perception-decision-execution"" pipeline in industrial IoT, wearable healthcare, autonomous driving, embodied intelligence, and smart agriculture. The article also analyzes core challenges including ultra-low-power design for extreme scenarios, cross-platform standardization, edge-side data security and privacy, and model robustness in complex environments. Based on these findings, four research directions are proposed to guide future work.",2026,2026,Micromachines,Micromachines,10.3390/mi17050586,https://pubmed.ncbi.nlm.nih.gov/42195503/,"['cross-platform standardization', 'edge-cloud collaboration', 'embedded artificial intelligence', 'embodied intelligence', 'federated edge learning', 'full on-device training', 'in-memory computing', 'model lightweighting', 'neuromorphic computing']",[],['Zhaoyun Zhang'],42195503,Micromachines. 2026 May 09. 17(5). doi: 10.3390/mi17050586.,27-05-2026,PMC13210275,,Zhaoyun Zhang,Micromachines. 2026 May 09. 17(5). doi: 10.3390/mi17050586.
The Combined Use of Ozone and Negative Pressure Wound Therapy in the Management of Diabetes-Related Foot Disease: A Retrospective Exploratory Cohort Study.,,2026,2026,"Medicina (Kaunas, Lithuania)","Medicina (Kaunas, Lithuania)",10.3390/medicina62050827,https://pubmed.ncbi.nlm.nih.gov/42195080/,"['diabetes mellitus', 'diabetic foot syndrome', 'negative pressure therapy', 'ozone treatment']","['Humans', 'Negative-Pressure Wound Therapy', 'Retrospective Studies', 'Diabetic Foot', 'Ozone', 'Male', 'Female', 'Middle Aged', 'Aged', 'Cohort Studies', 'Wound Healing', 'Treatment Outcome', 'Combined Modality Therapy', 'Debridement']","['Izabella Kuźmiuk-Glembin', 'Agnieszka Białomyzy', 'Michał Sadowski', 'Bogdan Biedunkiewicz', 'Leszek Tylicki', 'Tomasz Niewęgłowski']",42195080,"Medicina (Kaunas, Lithuania). 2026 Apr 27. 62(5). doi: 10.3390/medicina62050827.",27-05-2026,PMC13208845,,Izabella Kuźmiuk-Glembin,"Medicina (Kaunas, Lithuania). 2026 Apr 27. 62(5). doi: 10.3390/medicina62050827."
Machine Learning-Based Severity Stratification for Smart Preventive Decision Support: Evidence from Measles Surveillance in a Resource-Constrained Region.,,2026,2026,Journal of clinical medicine,Journal of clinical medicine,10.3390/jcm15103757,https://pubmed.ncbi.nlm.nih.gov/42194719/,"['South-West Romania', 'disease severity', 'healthcare access', 'machine learning', 'measles', 'public health', 'random forest', 'socioeconomic determinants', 'surveillance', 'vaccination coverage']",[],"['Andrei-Florentin Baiașu', 'Venera-Cristina Dinescu', 'Cătălina-Elena Bică', 'Alexandra-Daniela Rotaru-Zăvăleanu', 'Ana-Maria Boldea', 'Ramona-Constantina Vasile', 'Mircea-Sebastian Șerbănescu', 'Ruxandra-Mădălina Florescu']",42194719,Journal of clinical medicine. 2026 May 14. 15(10). doi: 10.3390/jcm15103757.,27-05-2026,PMC13207851,,Andrei-Florentin Baiașu,Journal of clinical medicine. 2026 May 14. 15(10). doi: 10.3390/jcm15103757.
The Structural Imbalance and Trajectory of Chinese National Policies on Medical-Preventive Integration: A Three-Dimensional Analysis of Policy Instruments (2015-2025).,"The global health landscape is currently confronted with dual challenges from both infectious diseases and chronic conditions. Medical-preventive integration has emerged as a pivotal strategy to address these issues, aiming to create a comprehensive, closed-loop framework that spans disease prevention, treatment, rehabilitation, and healthcare, ultimately improving population health outcomes. In the Chinese context, existing policies remain fragmented, scattered across various healthcare-related regulations, and lack systematic and comprehensive analysis. This policy fragmentation may impede the creation of synergistic effects essential for the effective implementation of integrated healthcare strategies.",2026,2026,"Healthcare (Basel, Switzerland)","Healthcare (Basel, Switzerland)",10.3390/healthcare14101372,https://pubmed.ncbi.nlm.nih.gov/42194464/,"['LDA topic modeling', 'medical-preventive integration', 'policy instrument', 'structural imbalance']",[],"['Wenjie Xu', 'Chi Zhang', 'Yuqi Yang', 'Xinyi Du', 'Yongze Zhang', 'Fang Wu']",42194464,"Healthcare (Basel, Switzerland). 2026 May 17. 14(10). doi: 10.3390/healthcare14101372.",27-05-2026,PMC13205401,,Wenjie Xu,"Healthcare (Basel, Switzerland). 2026 May 17. 14(10). doi: 10.3390/healthcare14101372."
Exploring the Needs and Expectations of Inpatients Towards Assistive Technologies During Neuromotor Rehabilitation.,,2026,2026,"Healthcare (Basel, Switzerland)","Healthcare (Basel, Switzerland)",10.3390/healthcare14101355,https://pubmed.ncbi.nlm.nih.gov/42194447/,"['assistive technology', 'bioengineering', 'neuromotor disorder', 'rehabilitation', 'stakeholder engagement']",[],"['Giovanni Iaselli', 'Federico Colelli Riano', 'Pasquale Moretta', 'Simona Spaccavento', 'Laura Marcuccio', 'Ernesto Losavio', 'Gaetano Pagano', 'Francesco Amato', ""Giovanni D'Addio""]",42194447,"Healthcare (Basel, Switzerland). 2026 May 15. 14(10). doi: 10.3390/healthcare14101355.",27-05-2026,PMC13205515,,Giovanni Iaselli,"Healthcare (Basel, Switzerland). 2026 May 15. 14(10). doi: 10.3390/healthcare14101355."
Impact of Smart Hearing Aid Technology on Self-Esteem in Patients with Sensorineural Hearing Loss: A Cross-Sectional Multivariate Study.,,2026,2026,"Healthcare (Basel, Switzerland)","Healthcare (Basel, Switzerland)",10.3390/healthcare14101336,https://pubmed.ncbi.nlm.nih.gov/42194428/,"['Rosenberg Self-Esteem Scale', 'assistive devices', 'hearing aids', 'hearing handicap', 'neuro-sensory rehabilitation', 'psychosocial well-being', 'self-esteem', 'sensorineural hearing loss', 'smart technologies', 'tinnitus']",[],"['Liviu Lucian Padurean', 'Mirela Frandes', 'Horatiu Eugen Stefanescu', 'Calin Muntean', 'Ioana Delia Horhat']",42194428,"Healthcare (Basel, Switzerland). 2026 May 13. 14(10). doi: 10.3390/healthcare14101336.",27-05-2026,PMC13205758,,Liviu Lucian Padurean,"Healthcare (Basel, Switzerland). 2026 May 13. 14(10). doi: 10.3390/healthcare14101336."
Integrating Smart Home Technology with Social Services: A Qualitative Study of Chinese Older Adults' Experiences with the Care-on-Call Services.,"Although the application of smart home technology in the Chinese eldercare market is widespread, its effectiveness from the users' perspective remains underexplored. This qualitative study examines the perceptions and experiences of older adult users in adopting and applying the Care-on-Call services (Ping An Tong; PAT), a prominent example of smart home technology for eldercare in Mainland China.",2026,2026,"Healthcare (Basel, Switzerland)","Healthcare (Basel, Switzerland)",10.3390/healthcare14101311,https://pubmed.ncbi.nlm.nih.gov/42194403/,"['Chinese eldercare', 'older adult users', 'qualitative study', 'smart home technology', 'social service']",[],"['Jianling Liang', 'Jie Zhuang', 'Jia Zhuang', 'Hok Bun Ku']",42194403,"Healthcare (Basel, Switzerland). 2026 May 12. 14(10). doi: 10.3390/healthcare14101311.",27-05-2026,PMC13206230,,Jianling Liang,"Healthcare (Basel, Switzerland). 2026 May 12. 14(10). doi: 10.3390/healthcare14101311."
Electrical Property Enhancement of a Breast-Fat-Equivalent Phantom for Microwave Mammography.,"(1) Background: Breast cancer is the most prevalent cancer among women. Conventional screening method have drawbacks, including pain and radiation exposure. Microwave mammography has emerged as a promising diagnostic modality, and its development involves assessing equipment performance; however, ethical concerns limit its use on actual animals or humans. Therefore, an electromagnetic phantom mimicking the relative permittivity and conductivity of the human body has become crucial. (2) Methods: In this study, the electrical properties of a phantom were adjusted by modifying the material composition and additives based on a previous study. We used a network analyzer and dielectric probe to measure the electrical properties using the coaxial probe method. (3) Results: One issue with the existing phantom was the large average error rate in conductivity. Therefore, we increased the conductivity by adding sodium chloride (NaCl). Additionally, we investigated the effects of the amounts of cooking oil, TX-151, and detergent on the electrical properties to ensure a stronger correlation with target values. (4) Conclusions: The average error rates for the relative permittivity and conductivity were 8.26% and 16.9%, respectively, demonstrating an improvement in the agreement with the target values compared to the previous formulations.",2026,2026,"Bioengineering (Basel, Switzerland)","Bioengineering (Basel, Switzerland)",10.3390/bioengineering13050526,https://pubmed.ncbi.nlm.nih.gov/42194283/,"['breast-fat-equivalent phantom', 'coaxial probe method', 'conductivity', 'microwave mammography', 'phantom', 'relative permittivity']",[],"['Kotomi Inada', 'Yuka Nozaki', 'Takahiko Yamamoto']",42194283,"Bioengineering (Basel, Switzerland). 2026 Apr 30. 13(5). doi: 10.3390/bioengineering13050526.",27-05-2026,PMC13203835,,Kotomi Inada,"Bioengineering (Basel, Switzerland). 2026 Apr 30. 13(5). doi: 10.3390/bioengineering13050526."
"A translational IoT healthcare framework integrating secure sensing, energy-aware intelligence, and adaptive emergency response.","The Internet of Things (IoT) is transforming the healthcare industry by enabling real-time patient monitoring, predictive analytics and smart decision making across interconnected medical environments. It's still hard to do things like timely response in an emergency, energy efficient scheduling, secure data collection, and accurate anomaly detection, particularly in large hospital networks. This paper proposes an intelligent IoT-driven healthcare framework that incorporates three novel algorithms to fill these gaps: (i) S3AD (Smart Sensor Data Acquisition and Anomaly Detection) for accurate and privacy-preserving physiological sensing; (ii) HEPS (Healthcare Event Prediction and Patient Scheduling) for proactive event forecasting and priority-based, energy-aware task scheduling; and (iii) CARES (Context-Aware Response and Emergency Strategy) for adaptive, real-time emergency management. Python-based simulations were used to develop a modular, layered architecture that combined cloud, edge, and device-level processing with 2,000 simulated IoT devices that transmitted SpO2, heart rate, and temperature data. The experimental results outperform six state-of-the-art algorithms in terms of scalability and efficiency, with a minimum response time of 3.1 s, a maximum anomaly detection accuracy of 97.5%, and an optimal energy usage of 300,000 mWh. Additional machine-learning models and Long Short-Term Memory (LSTM) networks improve diagnostic reliability and throughput. For next-generation healthcare IoT systems, the suggested framework creates a safe, long-lasting, and compatible base. Future research will examine explainable AI-driven decision assistance, blockchain-based data integrity, and robust industrial IoT integration for extensive smart medical infrastructures.",2026,2026,Scientific reports,Scientific reports,10.1038/s41598-026-52679-1,https://pubmed.ncbi.nlm.nih.gov/42191770/,"['Adaptive emergency management', 'Context-aware anomaly detection', 'Energy-efficient scheduling', 'IoT-enabled healthcare', 'Secure data acquisition', 'Smart healthcare systems']",[],"['Tarandeep Kaur Bhatia', 'Vinod Kumar Shukla', 'Keshav Kaushik', 'Renu Kumawat']",42191770,Scientific reports. 2026 May 26. doi: 10.1038/s41598-026-52679-1.,27-05-2026,,,Tarandeep Kaur Bhatia,Scientific reports. 2026 May 26. doi: 10.1038/s41598-026-52679-1.
Blockchain-Enabled Self-Sovereign Identity Applications in Health Care: Scoping Review.,"Self-sovereign identity (SSI) provides a decentralized approach to digital identity management, enabling individuals to control their personal data without reliance on centralized authorities. Blockchain technology offers a tamper-resistant and distributed infrastructure that can support secure and verifiable identity systems. In health care, where identity fragmentation, privacy risks, and interoperability challenges persist, blockchain-enabled SSI (BC-SSI) has been proposed as a potential solution. However, existing research remains heterogeneous, with varying levels of technical maturity and limited evidence of real-world deployment.",2026,2026,Journal of medical Internet research,Journal of medical Internet research,10.2196/89574,https://pubmed.ncbi.nlm.nih.gov/42190234/,"['blockchain', 'decentralization', 'health care', 'identity management', 'privacy', 'security', 'self-sovereign identity']","['Blockchain', 'Delivery of Health Care', 'Humans', 'Computer Security', 'Confidentiality', 'Digital Health', 'Electronic Health Records']","['Abha Pokharel', 'Surya Kathayat']",42190234,Journal of medical Internet research. 2026 May 26. 28:e89574. doi: 10.2196/89574.,26-05-2026,,,Abha Pokharel,Journal of medical Internet research. 2026 May 26. 28:e89574. doi: 10.2196/89574.
Biological Detoxification of Mycotoxins by Lactic Acid Bacteria: Safeguarding Food from Fungal Contaminants.,"Mycotoxins are one of the biggest threats to global food safety, public health, and economic stability. More than 400 mycotoxins have been found to be secondary metabolites of toxigenic fungi, mostly from the genera",2026,2026,Toxins,Toxins,10.3390/toxins18050236,https://pubmed.ncbi.nlm.nih.gov/42188638/,"['biological detoxification', 'biotransformation', 'cell wall adsorption', 'food safety', 'lactic acid bacteria', 'mycotoxins']","['Mycotoxins', 'Food Contamination', 'Animals', 'Humans', 'Fungi', 'Lactobacillales', 'Food Microbiology', 'Food Safety', 'Inactivation, Metabolic']","['Nazia Tabassum', 'Minji Kim', 'Tae-Hee Kim', 'Du-Min Jo', 'Won-Kyo Jung', 'Young-Mog Kim', 'Fazlurrahman Khan']",42188638,Toxins. 2026 May 20. 18(5). doi: 10.3390/toxins18050236.,26-05-2026,PMC13211690,,Nazia Tabassum,Toxins. 2026 May 20. 18(5). doi: 10.3390/toxins18050236.
Biomaterials' Role in Improving Patient Care from Drug Testing and Delivery to Theragnostics and Regenerative Medicine.,"Over the past 200 years (1820-2020), global life expectancy has nearly tripled, increasing from 26 to 72.91 years, due to factors such as poverty reduction and public health initiatives. Today, society faces different challenges than it did centuries ago. In patient care and healthcare system priorities, the goal is to develop smart, feasible, long-lasting, cost-effective, readily available, adverse-reaction-free, adaptable, and personalized solutions that minimize patient discomfort, reduce caregiver effort, and decrease hospitalization duration and costs. In this context, biomaterials serve as versatile tools capable of performing a wide range of diagnostic, therapeutic, and theragnostic functions. Thanks to their biocompatibility, biodegradability, surface chemistry, and responsiveness, biomaterials are currently addressing issues such as patient compliance (through controlled drug-delivery systems and smart wound dressings), long transplant waiting lists, transplant rejection, non-adaptable prosthetics (artificial organs), oncology treatment efficacy (nano-formulations for theragnostics and multiple tumor targeting), and inconsistent in vitro drug-testing models (organs-on-a-chip). In this review, we focus on biomaterials' smartness, then explore databases for efficient product design, and finally highlight their applications in the biomedical field, especially in drug delivery, tissue engineering, and regenerative medicine.",2026,2026,Journal of functional biomaterials,Journal of functional biomaterials,10.3390/jfb17050214,https://pubmed.ncbi.nlm.nih.gov/42188382/,"['bioprinting', 'drug release', 'drug-delivery system', 'intelligent biomaterials', 'nanomedicine', 'polymer database', 'regenerative medicine', 'smart biomaterials', 'theragnostics', 'tissue engineering']",[],"['Sabina Cristiana Badulescu', 'Emma Adriana Ozon', 'Adina Magdalena Musuc', 'Manuela Diana Ene', 'Rica Boscencu']",42188382,Journal of functional biomaterials. 2026 May 01. 17(5). doi: 10.3390/jfb17050214.,26-05-2026,PMC13207391,,Sabina Cristiana Badulescu,Journal of functional biomaterials. 2026 May 01. 17(5). doi: 10.3390/jfb17050214.
Antidiabetic Effects of,Brown seaweeds are recognized for their rich content of phlorotannins with promising antidiabetic properties through multi-targeted modulation of glucose metabolism. This study investigated the antidiabetic potential of the ethyl acetate fraction of,2026,2026,Marine drugs,Marine drugs,10.3390/md24050174,https://pubmed.ncbi.nlm.nih.gov/42188309/,"['AMPK', 'DPP-IV', 'Ecklonia cava', 'dieckol', 'glucose transporters', 'phlorotannins', 'type 2 diabetes']","['Benzofurans', 'Phaeophyceae', 'Humans', 'Hypoglycemic Agents', 'Glucose', 'Caco-2 Cells', 'Dipeptidyl-Peptidase IV Inhibitors', 'Dipeptidyl Peptidase 4', 'Animals', 'alpha-Amylases', 'Biological Transport', 'Seaweed']","['Indyaswan T Suryaningtyas', 'Nabila Shafura', 'Ratih Pangestuti', 'Won-Kyo Jung', 'Jae-Young Je']",42188309,Marine drugs. 2026 May 12. 24(5). doi: 10.3390/md24050174.,26-05-2026,PMC13209096,,Indyaswan T Suryaningtyas,Marine drugs. 2026 May 12. 24(5). doi: 10.3390/md24050174.
"Unobtrusive Sensing at Home Towards Healthcare 5.0: Technologies, Applications, and Future Directions.","The growing prevalence of chronic diseases, population aging, and the shift toward preventive and personalized care under Healthcare 5.0 have increased the need for continuous health monitoring beyond clinical settings. While wearable devices enable remote monitoring, their long-term use is often limited by user compliance, comfort issues, battery dependence, and disruption of daily routines. To address these limitations, unobtrusive home-based health monitoring systems have emerged, integrating sensing technologies into domestic environments and everyday objects. This review provides a system-level analysis of unobtrusive health monitoring technologies for smart homes. It examines seven major sensing approaches, including camera-, laser-, radar-, infrared-, mechanical-, bioelectrical-, and optical-based sensors, and their integration into four home environments: living areas, bathrooms, bedrooms, and home offices. For each sensing modality, the operating principles, monitored physiological parameters, representative applications, and key advantages and limitations are discussed. Overall, existing solutions reveal trade-offs among measurement accuracy, robustness in real home conditions, energy autonomy, privacy preservation, and user acceptance. Heart rate and respiratory rate are the most commonly monitored parameters, while multimodal and clinically validated systems remain limited. Although unobtrusive sensing technologies show strong potential for proactive and personalized healthcare, challenges related to accuracy, interoperability, privacy, and cost continue to hinder large-scale adoption.",2026,2026,Biosensors,Biosensors,10.3390/bios16050250,https://pubmed.ncbi.nlm.nih.gov/42187446/,"['Healthcare 5.0', 'health parameters', 'home health monitoring', 'unobtrusive sensors', 'vital signs']","['Humans', 'Wearable Electronic Devices', 'Digital Health', 'Monitoring, Physiologic', 'Biosensing Techniques']","['Regina Oliveira', 'Joana Simões', 'Pedro Correia', 'António Teixeira', 'Florinda Costa', 'Cátia Leitão', 'Ana Luísa Silva']",42187446,Biosensors. 2026 Apr 29. 16(5). doi: 10.3390/bios16050250.,26-05-2026,PMC13204518,,Regina Oliveira,Biosensors. 2026 Apr 29. 16(5). doi: 10.3390/bios16050250.
Analysis of microbial structure and function in fermented grains during the fermentation process of Congjiang WeiJiu based on high-throughput sequencing.,"WeiJiu was a traditional specialty liquor from the Zhuang ethnic villages in Congjiang County, Qiandongnan Miao and Dong Autonomous Prefecture, Guizhou Province. It was brewed using glutinous Xianghe rice, mountain spring water, and ancestral",2026,2026,PeerJ,PeerJ,10.7717/peerj.21180,https://pubmed.ncbi.nlm.nih.gov/42186476/,"['Diversity', 'Fermentation processes', 'Functional annotations', 'High-throughput sequencing', 'Microbial community structure', 'WeiJiu']","['Fermentation', 'High-Throughput Nucleotide Sequencing', 'China', 'Microbiota', 'Alcoholic Beverages', 'Edible Grain']","['Lei Shao', 'Shucai Li', 'Long Yang', 'Shenbing Wei', 'Gang Shen', 'Lihong Shi', 'Jiahong Zhu', 'Bohan Ding', 'Yu Liu', 'Yuxin Shi', 'Yong Liu']",42186476,PeerJ. 2026. 14:e21180. doi: 10.7717/peerj.21180.,26-05-2026,PMC13198848,,Lei Shao,PeerJ. 2026. 14:e21180. doi: 10.7717/peerj.21180.
Spatial synergy in the digital era: a geo-analytics framework for detecting regional health patterns in urban smart city development.,"With enhanced digitization of large-scale health and socio-economic data, it has generated new opportunities and challenges in the processes and planning of smart cities in the cities and public health. It is increasingly becoming necessary to have combined analytical frameworks that are able to work out these data into actionable information in dealing with health disparities. The paper hypothesizes a geospatial analytical model, the Spatial Health Information Tool (SHIT), which can be used to study health inequity at the county level in the United States METHODS: The framework was constructed with the help of the CDC PLACES 2024 data that comprised 3,142 counties and 40 health measures. To determine the spatial autocorrelation and geographic hot spots of unfavorable health outcomes, spatial statistical tools, such as Global Moran I, Local Moran I and Getis-Ord statistics were used. DBSCAN was used to perform density-based clustering to identify spatial groups of counties that were similar in their risk profiles. Besides, a random forest regression was also used to assess predictive relations between identified risk factors and health outcomes, which allowed considering the relative significance of determinants that led to health disparities. In an attempt to further encode spatial relationships among neighboring regions, a Graph Neural Network (GNN) was used to encode spatial relationship across counties. Moreover, a composite Health Vulnerability Index was computed by summing up the choice of health indicators into a normalized score in order to determine counties with high cumulative health risk. To enhance the explanatory power of the analytical findings, the Explainable Artificial Intelligence (XAI) methods were included to determine the most significant determinants of health inequalities. This element enables the framework to connect the spatial health patterns with their socioeconomic or behavioral risk factors. The framework has been equipped with interactive visualization modules, such as choropleth maps, scatterplots, spatial queries, and three-dimensional prevalence surface maps as support of the exploratory spatial analysis.",2026,2026,BMC public health,BMC public health,10.1186/s12889-026-27688-4,https://pubmed.ncbi.nlm.nih.gov/42185997/,"['DBSCAN', 'Data in Healthcare', 'GIS-based Decision Support', 'Geo-spatial Analytics', 'Random Forest Regressor', 'Spatial Autocorrelation']",[],"['Ritu Chauhan', 'Mehak Jena', 'Eiad Yafi', 'Megat F Zuhairi']",42185997,BMC public health. 2026 May 25. doi: 10.1186/s12889-026-27688-4.,26-05-2026,,,Ritu Chauhan,BMC public health. 2026 May 25. doi: 10.1186/s12889-026-27688-4.
"A Multi-Phase Protocol for Developing and Validating an Explainable AI Framework for Continuous Monitoring, Risk Stratification, and Clinical Decision Support in Primary Biliary Cholangitis.","Primary biliary cholangitis (PBC) management remains limited by reliance on static biochemical markers, fragmented assessment of symptom burden, and inadequate noninvasive risk stratification for clinically significant portal hypertension (CSPH). Existing tools fail to integrate longitudinal laboratory trends, elastography, and patient-reported outcomes, and translation of risk assessment into guideline-concordant clinical action remains inconsistent.",2026,2026,JMIR research protocols,JMIR research protocols,10.2196/89279,https://pubmed.ncbi.nlm.nih.gov/42184424/,[],[],"['Basile Njei', 'Ulrick Sidney Kanmounye']",42184424,JMIR research protocols. 2026 Apr 27. doi: 10.2196/89279.,25-05-2026,,,Basile Njei,JMIR research protocols. 2026 Apr 27. doi: 10.2196/89279.
Rek-Surv: A lightweight deep survival model for plant infectious disease onset prediction.,"Infectious disease outbreaks in crop systems pose a significant threat to global food security, particularly when early detection and intervention opportunities are missed. Predicting not just whether but when an infection will emerge is critical for effective disease management and control. In this context, survival analysis-a statistical framework for modeling time-to-event data-offers a natural and powerful solution. Widely adopted in epidemiology and clinical research, survival analysis can be adapted to plant disease surveillance for predicting the timing of infection onset at the host or population level. However, deep survival models based on multilayer perceptrons (MLPs) often struggle with high-dimensional agricultural data, leading to issues such as overfitting, poor parameter efficiency, and limited interpretability. To address these challenges, we introduce a Kolmogorov-Arnold Network (KAN) architecture into the survival analysis context, leveraging its compact nonlinear function-approximation capabilities to improve predictive performance and efficiency. We present Rek-Surv, a lightweight deep survival model built on an Efficient-KAN backbone and augmented with residual connections and enhanced regularization. Rek-Surv is evaluated on five clinical benchmark datasets as well as a citrus Huanglongbing (HLB) plant disease dataset, demonstrating its generalizability across human and plant infectious disease contexts. On the HLB task, Rek-Surv achieves a high concordance index (C-index) of 0.962 with only 114 trainable parameters and millisecond-level inference speed. It outperforms existing survival models by providing more accurate outbreak onset predictions with a fraction of the model complexity. This efficiency makes Rek-Surv well-suited for real-time outbreak detection and early intervention, illustrating how advanced survival models can enable proactive infectious disease management in both agriculture and healthcare.",2026,2026,Infectious Disease Modelling,Infectious Disease Modelling,10.1016/j.idm.2026.03.001,https://pubmed.ncbi.nlm.nih.gov/42182949/,"['Agricultural disease prediction', 'Citrus Huanglongbing', 'Deep survival analysis', 'Kolmogorov-Arnold networks', 'Precision agriculture', 'Residual mechanism']",[],"['Jinggui Xiao', 'Shan Hu', 'Xiaoling Deng', 'Yubin Lan', 'Meirong Xu', 'Fen Dai', 'Yuhe Li', 'Junchao You', 'Guangnan Zhang', 'Yongshun Liu']",42182949,Infectious Disease Modelling. 2026 Dec. 11(4):1270-1279. doi: 10.1016/j.idm.2026.03.001.,25-05-2026,PMC13196313,,Jinggui Xiao,Infectious Disease Modelling. 2026 Dec. 11(4):1270-1279. doi: 10.1016/j.idm.2026.03.001.
Feasibility and acceptability of a smart healthcare cloud platform based on a standardized discourse form in the postoperative follow-up of patients with non-small cell lung cancer.,"Smart healthcare systems and cloud platforms have been widely used in the field of medicine and healthcare, but it is rarely being applied in the field of postoperative follow-up. This study aimed to assess the feasibility and acceptability of a smart healthcare cloud platform based on a standardized discourse form in the postoperative follow-up of patients with non-small cell lung cancer (NSCLC).",2026,2026,Journal of thoracic disease,Journal of thoracic disease,10.21037/jtd-2026-1-0241,https://pubmed.ncbi.nlm.nih.gov/42182632/,"['Smart healthcare', 'cloud platform', 'follow-up study', 'non-small cell lung cancer (NSCLC)', 'quality of life']",[],"['Zhe Wu', 'Guohua Wang', 'Zhiyuan Yao', 'Qiancheng Lu', 'Rongjian Xu', 'Tong Qiu', 'Wenxing Du', 'Xiao Sun', 'Enzheng Yu', 'Fengyi Han', 'Wenjie Jiao']",42182632,Journal of thoracic disease. 2026 Apr 30. 18(4):404. doi: 10.21037/jtd-2026-1-0241.,25-05-2026,PMC13189995,,Zhe Wu,Journal of thoracic disease. 2026 Apr 30. 18(4):404. doi: 10.21037/jtd-2026-1-0241.
Building the next frontier: Artificial intelligence in 3D-printed medicines.,"Artificial intelligence (AI) and 3D printing are transforming pharmaceutical manufacturing by enabling the production of personalized medications. AI supports real-time decision-making in diagnostics and robotics, although its application in pharmaceutical research remains at an early stage. 3D printing, particularly additive manufacturing, provides precise control over drug formulation, allowing the design of patient-specific dosage forms with tailored release profiles. Machine learning and deep neural networks are used to predict formulation parameters, optimize processing conditions, and support the design of innovative drug delivery geometries. Technological platforms such as cloud computing and blockchain enhance data security, transparency, and scalability. Printable materials-including thermoplastic polymers, hydrogels, and bioinks-demonstrate utility in AI-assisted manufacturing systems. The integration of AI, smart materials, and 3D printing advances intelligent drug production technologies aligned with Industry 4.0 principles. Key considerations include regulatory compliance, data reliability, ethical implications, and pathways for clinical translation. Clinical medicine is rapidly advancing through the adoption of 3D printing and AI, enabling personalized prosthetics, accurate surgical planning, and bioprinted tissues. AI-driven segmentation and optimization enhance the accuracy and efficiency of 3D-printed anatomical models for pre-operative preparations and medical training. Cardiology, oncology, and orthopedics are increasingly adopting these technologies to improve patient outcomes and clinical workflows. Future directions include broader adoption across specialties, bioprinting for regenerative health care, and AI-optimized systems for targeted drug delivery. This review addresses the current challenges and limitations of AI and 3D-printed medicines, pharmaceutical manufacturing, case studies, ethical considerations, and future perspectives.",2026,2026,Biomaterials translational,Biomaterials translational,10.12336/bmt.25.00043,https://pubmed.ncbi.nlm.nih.gov/42179771/,"['3D printing', 'Artificial intelligence', 'Bioprinting', 'Industry 4.0', 'Machine learning', 'Neural networks']",[],"['Rittin Abraham Kurien', 'Gokul Kannan', 'Kasitpong Thanawut', 'Supakij Suttiruengwong', 'Pornsak Sriamornsak']",42179771,Biomaterials translational. 2026. 7(1):55-78. doi: 10.12336/bmt.25.00043.,25-05-2026,PMC13190116,,Rittin Abraham Kurien,Biomaterials translational. 2026. 7(1):55-78. doi: 10.12336/bmt.25.00043.
"Melatonin seed priming: A climate-smart, green strategy to enhance abiotic stress tolerance in plants.","Enhancing crop tolerance to multiple abiotic stresses is critical for achieving sustainable agriculture. Targeted seed-stage interventions using natural signaling compounds (e.g., melatonin) provide a unique opportunity to establish early stress tolerance that can persist through the critical seed-to-seedling transition. Melatonin seed priming (MSP) is rapidly emerging as a green and climate-smart strategy for enhancing plant stress tolerance. MSP triggers defensive molecular, biochemical, and physiological reprogramming during germination, thereby improving plant performance under subsequent stress conditions. This review synthesizes recent mechanistic insights into how MSP confers stress tolerance across diverse species by modulating redox signaling, hormonal homeostasis, and stress-related gene networks. We elucidate the synergistic potential of MSP when combined with nanoformulations, other priming agents, or beneficial microbes. We also discuss its crosstalk with key signaling pathways to better understand the tolerance mechanisms. Furthermore, we propose a forward-looking strategy that integrates omics, genome editing, speed breeding, and molecular phenotyping methods to improve MSP applications for the development of stress-smart crops. Despite its potential, MSP still faces multiple challenges, including species-specific responses, dosage variability, limited post-priming seed storage stability, and a lack of field-scale validation. Addressing these bottlenecks through high-throughput screening, epigenetic memory assessment, and optimized delivery systems will be essential to fully harness the practical potential of MSP as a sustainable and green approach for future agriculture.",2026,2026,Journal of integrative plant biology,Journal of integrative plant biology,10.1111/jipb.70291,https://pubmed.ncbi.nlm.nih.gov/42178738/,"['biostimulant', 'hormonal crosstalk', 'hydropriming', 'molecular breeding', 'nanoformulations', 'stress memory', 'stress‐smart seeds']",[],"['Ali Raza', 'Yiran Li', 'Chunli Guo', 'Erna Karalija', 'Evgenios Agathokleous', 'Meng Jiang', 'Jie Zhou', 'Vasileios Fotopoulos', 'Zhangli Hu']",42178738,Journal of integrative plant biology. 2026 May 24. doi: 10.1111/jipb.70291.,25-05-2026,,,Ali Raza,Journal of integrative plant biology. 2026 May 24. doi: 10.1111/jipb.70291.
Effects of transcutaneous electrical nerve stimulation in postoperative total knee arthroplasty pain and intravenous analgesic requirement.,"Total Knee Arthroplasty (TKA) is a widely used procedure to relieve disability associated with advanced knee osteoarthritis. The management of postoperative TKA is crucial for the success of surgery and patient satisfaction. This study aims to determine the effects of integrating transcutaneous electrical nerve stimulation into standard postoperative TKA care on acute resting pain scores and intravenous analgesic requirements during the first three postoperative days. This randomised controlled trial was conducted from July to December 2022 at two hospitals in Lahore, Punjab, Pakistan. A total of 60 participants with TKA, aged 41 to 85 years, were recruited through purposive sampling. The control group received standard intravenous analgesics and postoperative rehabilitation, and the experimental group received transcutaneous electrical nerve stimulation (TENS) additionally. TENS was applied at a frequency of 85 Hz, pulse width of 120 µs, and at low intensity as tolerated. Pain was measured through the numeric pain rating scale, and analgesic requirements were monitored through the prescription chart. The results showed significant between-group differences in pain reduction (p < 0.001), whereas no statistically significant difference was observed in drug dose (p = 0.06) and frequency (p = 0.032/ corrected p = 0.0167). TENS was a useful integrated modality to conservative pharmacological management of pain after total knee arthroplasty.Trial registration: This trial was prospectively registered at ClinicalTrials.gov (Trial ID NCT05470244) on 13th July, 2022. https//clinicaltrials.gov/study/NCT05470244.",2026,2026,Scientific reports,Scientific reports,10.1038/s41598-026-54205-9,https://pubmed.ncbi.nlm.nih.gov/42177223/,"['Intravenous analgesics', 'Postoperative pain', 'Total knee arthroplasty', 'Transcutaneous electrical nerve stimulation']",[],"['Ayesha Jamil', 'Ahsan Javed', 'Muhammad Adeel', 'Muhammad Akram Naseem']",42177223,Scientific reports. 2026 May 23. doi: 10.1038/s41598-026-54205-9.,24-05-2026,,,Ayesha Jamil,Scientific reports. 2026 May 23. doi: 10.1038/s41598-026-54205-9.
Investigating pre-operative joint-level biomechanics in partial versus total knee arthroplasty.,"While knee osteoarthritis (OA) is incurable, end-stage OA can be managed surgically with partial knee arthroplasty (PKA) or total knee arthroplasty (TKA). Most studies that compare PKA and TKA cohorts rely on patient-reported outcome measures (PROMs) and lack objective joint-level biomechanics. The purpose of this study was to examine preoperative joint-level kinematics during multiple functional tasks including preferred-pace walking, fast-paced walking, and sit-to-stand alongside self-reported outcomes in patients that received partial versus total knee arthroplasty.",2026,2026,"Clinical biomechanics (Bristol, Avon)","Clinical biomechanics (Bristol, Avon)",10.1016/j.clinbiomech.2026.106877,https://pubmed.ncbi.nlm.nih.gov/42176495/,"['Biomechanics', 'Knee', 'Osteoarthritis', 'Partial knee arthroplasty', 'Total knee arthroplasty']",[],"['Madeline Rao Shishis', 'Fatima Gafoor', 'Matthew C Ruder', 'Vincenzo E Di Bacco', 'Kim Madden', 'Anthony Adili', 'Dylan Kobsar']",42176495,"Clinical biomechanics (Bristol, Avon). 2026 May 22. 137:106877. doi: 10.1016/j.clinbiomech.2026.106877.",24-05-2026,,,Madeline Rao Shishis,"Clinical biomechanics (Bristol, Avon). 2026 May 22. 137:106877. doi: 10.1016/j.clinbiomech.2026.106877."
Usability and Satisfaction with the WiseApp and CleverCap: A Culturally Adapted mHealth Intervention for Spanish-Speaking People Living with HIV in the Dominican Republic and New York City.,"Spanish-speaking people living with HIV face barriers to ART adherence and access to culturally appropriate digital tools. WiseApp, integrated with the CleverCap smart pill bottle, was culturally adapted for use in the Dominican Republic and New York City and evaluated within a binational randomized trial. Among 89 intervention participants, most reported high usability, satisfaction, and support for self-management. Findings support feasibility of culturally tailored mHealth interventions across diverse Spanish-speaking settings.",2026,2026,Studies in health technology and informatics,Studies in health technology and informatics,10.3233/SHTI260584,https://pubmed.ncbi.nlm.nih.gov/42175254/,"['Latino/Hispanic populations', 'antiretroviral therapy adherence', 'mHealth', 'people living with HIV', 'usability evaluation', 'user-centered design']","['Humans', 'Dominican Republic', 'New York City', 'HIV Infections', 'Telemedicine', 'Patient Satisfaction', 'Male', 'Female', 'Mobile Applications', 'Adult', 'Hispanic or Latino', 'Middle Aged', 'Self Care', 'White']","['Rebecca Schnall', 'Claudia L Michaels', 'Eunice Sánchez', 'Anthony Alexander', 'Jean Jimenez', 'Mina Halpern', 'Maeve Brin', 'Sergio Ozoria Ramírez', 'Samantha Stonbraker', 'Pamela Báez Caraballo']",42175254,Studies in health technology and informatics. 2026 May 21. 336:1945-1946. doi: 10.3233/SHTI260584.,23-05-2026,,,Rebecca Schnall,Studies in health technology and informatics. 2026 May 21. 336:1945-1946. doi: 10.3233/SHTI260584.
Design of an Interoperability Architecture for STAGE Person-Centred Applications for Clinicians and Ageing Citizens.,"This paper presents the HL7 FHIR-based interoperability architecture developed within the STAGE Project to enable the seamless integration of personalised decision support, health monitoring, and health coaching applications for the prevention and management of ageing with multi-morbidity. The architecture leverages international standards, including CDS Hooks, SMART on FHIR, and the International Patient Summary (IPS), to support vendor-agnostic data exchange and scalable deployment across healthcare settings.",2026,2026,Studies in health technology and informatics,Studies in health technology and informatics,10.3233/SHTI260504,https://pubmed.ncbi.nlm.nih.gov/42175175/,"['Healthy Ageing', 'Interoperability', 'Multi-morbidiy', 'Person-centered care']","['Humans', 'Health Information Interoperability', 'Patient-Centered Care', 'Decision Support Systems, Clinical', 'Health Level Seven', 'Systems Integration', 'Electronic Health Records', 'Aged', 'Aging']","['Gokce Banu Laleci Erturkmen', 'Bunyamin Sarigul', 'Mustafa Yuksel', 'Maria Bulgheroni', 'Michele Atzeni', 'Laura Headley', 'Marina Camacho', 'Carlos Martin-Isla', 'Birgit Linkohr', 'Erika Jarva', 'Sylvain Sebert']",42175175,Studies in health technology and informatics. 2026 May 21. 336:1644-1648. doi: 10.3233/SHTI260504.,23-05-2026,,,Gokce Banu Laleci Erturkmen,Studies in health technology and informatics. 2026 May 21. 336:1644-1648. doi: 10.3233/SHTI260504.
A Web3-Based Patient-Centric Health Data Management System.,"This paper presents a Web3-based healthcare system integrated with the Republic of Korea's MyHealthWay platform for secure and user-controlled management of personal health data. The system combines decentralized identifiers, smart contracts, distributed storage, and the HL7 FHIR standard to support decentralized authentication, access control, and interoperability. A conceptual demonstrator, HealthCube, validates feasibility by enabling privacy-preserving health data processing through computation on encrypted data without exposing original information.",2026,2026,Studies in health technology and informatics,Studies in health technology and informatics,10.3233/SHTI260483,https://pubmed.ncbi.nlm.nih.gov/42175155/,"['Blockchain', 'Data Management', 'Data Privacy', 'MyHealthWay', 'Web3']","['Computer Security', 'Republic of Korea', 'Humans', 'Electronic Health Records', 'Confidentiality', 'Patient-Centered Care', 'Health Records, Personal', 'Internet']","['Dongjae Shin', 'Minseon Park', 'Hyung-Jin Yoon']",42175155,Studies in health technology and informatics. 2026 May 21. 336:1585-1586. doi: 10.3233/SHTI260483.,23-05-2026,,,Dongjae Shin,Studies in health technology and informatics. 2026 May 21. 336:1585-1586. doi: 10.3233/SHTI260483.
On-demand formation of ultrathin liquid metal hydrogel tattoos for conformal and low-impedance bioelectronics.,"Ultrathin conductive hydrogels provide conformal and stable contact for flexible bioelectronics, which is critical for achieving the low impedance necessary for high-quality electrophysiological signal acquisition. However, their low modulus has made these hydrogel devices difficult to fabricate and handle. To overcome this, we present an on-demand formation strategy for creating ready-to-use, ultrathin (down to 1 micrometer) hydrogel-based bioelectronics that combine tissue-like softness with ready-to-use functionality. By using cross-linked electrospun polyvinyl alcohol (PVA) fiber mats, we produce liquid metal-patterned hydrogel tattoos (LMHTs). These devices transform from easy-to-handle dry films into adhesive, conformal hydrogel interfaces upon hydration. The resulting LMHTs are ultralight (0.9 milligrams per square centimeter), exhibit ultralow skin contact impedance (1.2 kilohms at 1 kilohertz), and show outstanding biocompatibility. We demonstrate their utility in diverse on-skin and implantable applications, including electrocardiogram recording, multichannel electromyogram mapping, neuromuscular electrical stimulation, and in vivo cardiac monitoring on a beating rat heart. This work offers a scalable and practical approach for generating high-performance, ultrathin hydrogel bioelectronics.",2026,2026,Science advances,Science advances,10.1126/sciadv.aee2233,https://pubmed.ncbi.nlm.nih.gov/42172340/,[],"['Hydrogels', 'Animals', 'Polyvinyl Alcohol', 'Electric Impedance', 'Rats', 'Tattooing', 'Humans', 'Metals']","['Yichun Ding', 'Fan Chen', 'Yizhou Jiang', 'Yufei Zhang', 'Xian Song', 'Jiaheng Liang', 'Zixuan Zhu', 'Muzhe Chen', 'Hong Hu', 'Chi Zhang', 'Leni Zhong', 'Yanhuan Huang', 'Qingtang Zeng', 'Xiaoling Hu', 'Qiyao Huang', 'Xingyu Jiang', 'Zijian Zheng']",42172340,Science advances. 2026 May 22. 12(21):eaee2233. doi: 10.1126/sciadv.aee2233.,22-05-2026,PMC13196773,,Yichun Ding,Science advances. 2026 May 22. 12(21):eaee2233. doi: 10.1126/sciadv.aee2233.
Harnessing the gut microbiota to enhance immune checkpoint inhibitor efficacy: from mechanistic insights to clinical translation.,"Immune checkpoint inhibitors (ICIs) targeting PD-1/PD-L1 and CTLA-4 pathways have revolutionized cancer therapy, yet their efficacy is frequently limited by primary or secondary resistance. Emerging evidence underscores the gut microbiota as a decisive regulator of ICI therapeutic outcomes. This review systematically delineates the multi-dimensional mechanisms through which the microbiota modulates anti-tumor immunity, specifically focusing on the molecular remodeling of immune signaling by microbial metabolites such as short-chain fatty acids (SCFAs) and bile acids, cross-reactive immunity driven by antigenic molecular mimicry, and the spatial restructuring of the tumor microenvironment mediated by the gut-tumor axis. Clinically, fecal microbiota transplantation (FMT) has demonstrated the potential to reverse ICI resistance, while the development of live biotherapeutic products (LBPs) and precise prebiotic combinations offers a standardized path for niche-specific intervention. Despite these advances, critical challenges persist, including the biological mismatch in cross-species animal models, the context-dependency arising from individualized microbial signatures, and the cognitive gap in the temporal dynamics of microbe-drug interactions. Deciphering the non-linear correlation between microbial succession and host immune response will be essential for integrating microbiota-driven strategies into personalized oncology frameworks.",2026,2026,Molecular biology reports,Molecular biology reports,10.1007/s11033-026-11988-4,https://pubmed.ncbi.nlm.nih.gov/42171928/,"['Fecal microbiota transplantation', 'Gut microbiota', 'Immune checkpoint inhibitors', 'Live biotherapeutic products']","['Humans', 'Gastrointestinal Microbiome', 'Immune Checkpoint Inhibitors', 'Animals', 'Neoplasms', 'Tumor Microenvironment', 'Fecal Microbiota Transplantation', 'Immunotherapy', 'Translational Research, Biomedical']","['Qinsheng Bi', 'Liangyi Zhang', 'Hejia Wan', 'Jiaxin Zhang']",42171928,Molecular biology reports. 2026 May 22. 53(1). doi: 10.1007/s11033-026-11988-4.,22-05-2026,8220726,,Qinsheng Bi,Molecular biology reports. 2026 May 22. 53(1). doi: 10.1007/s11033-026-11988-4.
Advances in Technology-Assisted Visual Rehabilitation Therapies: Scoping Review.,"Visual impairment (VI) is a growing condition associated with aging, neurological diseases, and chronic eye conditions. In 2023, more than 2.2 billion people experienced VI, and at least 1 billion could have been prevented or remain untreated. Visual rehabilitation (VR) is essential for optimizing residual vision and promoting functional independence; however, only a minority have access to these services. In recent years, the development of technologies such as artificial intelligence (AI), mobile applications, and virtual reality (VRt) has transformed VR, offering accessible and personalized alternatives. This scoping review aimed to map and categorize the available evidence on technology-assisted visual rehabilitation therapies, identifying the types of technologies used, their applications, and reported clinical and functional outcomes. A scoping review was conducted following the Joanna Briggs Institute (JBI) methodology and PRISMA-ScR guidelines to map the literature published between 2015 and 2025 on technology-assisted VR therapies in adults with VI worldwide. Twenty-five studies, mainly from developed countries, were included. Interventions included videoconferencing, computerized systems, portable devices, VRt, artificial vision (AV), and smart sensors. Overall, digital technologies were shown to improve visual function, autonomy, and quality of life, with high patient satisfaction and adherence. Telerehabilitation (TR), understood as the remote delivery of visual rehabilitation services through videoconferencing and digital monitoring platforms, has emerged as a viable and cost-effective strategy. In contrast, immersive virtual reality technologies (VRt), head-mounted display systems, and multisensory integration devices have demonstrated potential to stimulate neuroplasticity and enhance functional visual outcomes.Telerehabilitation platforms, immersive virtual reality systems, portable electronic vision enhancement devices, artificial vision technologies, and sensor-based monitoring tools are emerging as promising interventions. These technologies have demonstrated improvements in visual acuity, reading performance, visual field sensitivity, patient adherence, and functional autonomy, although most studies remain small-scale and geographically concentrated in high-income settings.",2026,2026,Journal of medical systems,Journal of medical systems,10.1007/s10916-026-02410-4,https://pubmed.ncbi.nlm.nih.gov/42171867/,"['Artificial Intelligence', 'Technology', 'Telerehabilitation', 'Visual Impairment', 'Visual Rehabilitation']","['Humans', 'Vision Disorders', 'Telerehabilitation', 'Virtual Reality', 'Artificial Intelligence', 'Telemedicine', 'Quality of Life']","['Mariana Saiz Briceño', 'Maria Paula Trujillo López', 'Laura Valentina Botia Suárez', 'Juan Camilo Tobo Hernández', 'Erwin Hernando Hernández Rincón']",42171867,Journal of medical systems. 2026 May 22. 50(1). doi: 10.1007/s10916-026-02410-4.,22-05-2026,PMC13197244,,Mariana Saiz Briceño,Journal of medical systems. 2026 May 22. 50(1). doi: 10.1007/s10916-026-02410-4.
Effect of carbon black nanoparticles on the albumin secondary structure.,"Nano-particulate air pollutants-particularly fine particle matter (PM2.5)-may cause several health issues, such as the accumulation of misfolded proteins in developing brains. However, the physicochemical molecular mechanism underlying nanoparticle (NP) toxicity remains poorly understood. This study investigates the effects of carbon black (CB) NPs (CB-NPs), with different surface properties and particle sizes, on the secondary structure of bovine serum albumin (BSA) using Fourier transform infrared and circular dichroism (CD) spectroscopic techniques, complemented by molecular dynamics (MD) simulations. The BSA sample incubated with CB-NPs exhibited no significant change when analyzed with excess BSA unbound to the NPs; however, CD spectroscopy revealed that Printex 90-a CB-NP with a smaller primary particle size and a more defective graphene structure-induced a notable change in the secondary structure of the adsorbed BSA. This change was characterized by a decrease in α-helix content and an increase in β-sheets. MD simulations further supported these findings, signifying that BSA monomers were adsorbed onto the CB-NP surface, leading to restricted protein mobility. This study provides crucial molecular-level insight into the role of carbonaceous NPs in triggering protein unfolding, a crucial step in NP toxicity.",2026,2026,Environmental science. Processes & impacts,Environmental science. Processes & impacts,10.1039/d5em00868a,https://pubmed.ncbi.nlm.nih.gov/42171124/,[],[],"['Yuta Takahashi', 'Samal Kaumbekova', 'Naoya Sakaguchi', 'Atsuto Onoda', 'Toshiyuki Watanabe', 'Masakazu Umezawa']",42171124,Environmental science. Processes & impacts. 2026 May 19. doi: 10.1039/d5em00868a.,22-05-2026,,,Yuta Takahashi,Environmental science. Processes & impacts. 2026 May 19. doi: 10.1039/d5em00868a.
Toward a National Health Digital and Data Architecture: Laying the Foundation for Digital Transformation: Commission on Investment Imperatives for a Healthy Nation.,,2026,2026,NAM perspectives,NAM perspectives,10.31478/202603b,https://pubmed.ncbi.nlm.nih.gov/42169969/,[],[],"['Amy Abernethy', 'Nasim Afsar', 'Brian Anderson', 'Wanda Barfield', 'Monica Bharel', 'Jeffrey Brown', 'Peter Embí', 'Adam Eschenlauer', 'William Gordon', 'Susan Gregurick', 'Brent James', 'Anupam Jena', 'Peter Lee', 'Thomas Maddox', 'Kenneth Mandl', 'Ravi Parikh', 'Larra Petersen-Lukenda', 'Troy Sarich', 'Abdul Shaikh', 'Peter Speyer', 'Kenneth Yale']",42169969,NAM perspectives. 2026. 2026. doi: 10.31478/202603b.,22-05-2026,PMC13189397,,Amy Abernethy,NAM perspectives. 2026. 2026. doi: 10.31478/202603b.
A study on physicians' perceptions of privacy in the context of the e-Nabiz (e-Pulse) in the Turkish healthcare system.,"This study examines physicians' perceptions of privacy and data protection in Turkey's national personal health record system, e-Nabız. While e-Nabız enhances continuity of care through centralized access to prescriptions, laboratory results, imaging, and clinical records, its centralized governance model raises concerns regarding unauthorized access, accountability, and alignment with professional privacy norms. To empirically investigate these concerns, we conducted a survey with 309 healthcare professionals. The results reveal a pronounced usage-trust paradox: although system usage is high (87%), only 56% of respondents consider existing data-protection mechanisms adequate, and a substantial proportion express concerns about potential misuse or leakage of health data. Importantly, physicians' concerns are not primarily directed at the absence of role-based access control (RBAC), but at the lack of verifiable enforcement, transparent oversight, and tamper-evident auditability of access decisions. This indicates a perceived misalignment between expected information flows grounded in the physician-patient confidentiality context and the opaque governance of access practices within the system. Based on these findings, the study derives a governance-oriented design implication: a supplementary layer in which RBAC decisions and access events are recorded through blockchain-supported immutable logs and smart contracts to enhance accountability and auditability. The proposed approach does not store medical data on the blockchain; rather, it aims to make authorization and access histories verifiable and resistant to manipulation. The study contributes a physician-centered empirical assessment of privacy governance in a nationwide digital health system and highlights the importance of transparent, enforceable access governance for sustaining professional trust.",2026,2026,Scientific reports,Scientific reports,10.1038/s41598-026-53539-8,https://pubmed.ncbi.nlm.nih.gov/42168305/,"['Auditability', 'Blockchain', 'Health data privacy', 'Role-based access control', 'Smart contracts', 'e-Nabız']",[],"['Cihan Unal', 'Hakan Yildirim']",42168305,Scientific reports. 2026 May 21. doi: 10.1038/s41598-026-53539-8.,22-05-2026,,,Cihan Unal,Scientific reports. 2026 May 21. doi: 10.1038/s41598-026-53539-8.
Lessons from Smart Cart 2.0: Considerations for integrating purchasing data into healthy eating interventions with AI approaches.,"The increasing prevalence of chronic diseases related to suboptimal diet quality in the US and worldwide contributes to burgeoning healthcare costs and excess death and disability. Changing dietary intake is essential but difficult because dietary behaviors stem from interconnected biological, psychological, environmental, and social factors that are rarely comprehensively addressed in interventions. Emerging digital technologies present a paradox in food environments: some facilitate healthier eating while other practices, like targeted marketing and price manipulation, exploit behavioral vulnerabilities and promote poor dietary habits. Smart Cart 2.0 - a personalized digital healthy eating intervention using artificial intelligence (AI) and machine learning (ML) to detect patterns and influence dietary choices - offers critical lessons for health technology design. This perspective contends that improving digital dietary behavior interventions hinges on responsible implementation: fully leveraging technology's promise while establishing safeguards against premature adoption. With appropriate guardrails, digital technologies provide tremendous opportunity to improve the delivery, personalization, and scalability of healthy eating interventions.",2026,2026,The Journal of nutrition,The Journal of nutrition,10.1016/j.tjnut.2026.101604,https://pubmed.ncbi.nlm.nih.gov/42167530/,"['artificial intelligence', 'digitalized food environments', 'food purchasing', 'machine learning', 'personalized dietary interventions']",[],"['Maya K Vadiveloo', 'Alison Tovar', 'Anne N Thorndike']",42167530,The Journal of nutrition. 2026 May 20. 101604. doi: 10.1016/j.tjnut.2026.101604.,22-05-2026,,,Maya K Vadiveloo,The Journal of nutrition. 2026 May 20. 101604. doi: 10.1016/j.tjnut.2026.101604.
"Updated trends in the global prevalence and burden of mental disorders, 1990-2023: a systematic analysis for the Global Burden of Disease Study 2023.","The 2023 iteration of the Global Burden of Diseases, Injuries, and Risk Factors Study (GBD) estimated prevalence, incidence, and health burden for 375 diseases and injuries, including 12 mental disorders. We assess past, current, and emerging trends in the prevalence and burden of mental disorders across sexes and age groups, for 21 regions, 204 countries and territories, and by Socio-demographic Index (SDI) quintile, from 1990 to 2023.",2026,2026,"Lancet (London, England)","Lancet (London, England)",10.1016/S0140-6736(26)00519-2,https://pubmed.ncbi.nlm.nih.gov/42167272/,[],"['Female', 'Humans', 'Male', 'Disability-Adjusted Life Years', 'Global Burden of Disease', 'Global Health', 'Incidence', 'Mental Disorders', 'Prevalence', 'Quality-Adjusted Life Years', 'Risk Factors', 'Age Factors', 'Sex Factors', 'Sociodemographic Factors']",['GBD 2023 Mental Disorder Collaborators'],42167272,"Lancet (London, England). 2026 May 23. 407(10543):2040-2064. doi: 10.1016/S0140-6736(26)00519-2.",22-05-2026,,,GBD 2023 Mental Disorder Collaborators,"Lancet (London, England). 2026 May 23. 407(10543):2040-2064. doi: 10.1016/S0140-6736(26)00519-2."
Two-Year Outcomes Following Treatment of Painful Lumbar Degenerative Disc Disease with a Percutaneous Polymer-Based Hydrogel Intradiscal Augmentation Implant.,"Prospective, single arm, multicenter, feasibility study.",2026,2026,Spine,Spine,10.1097/BRS.0000000000005735,https://pubmed.ncbi.nlm.nih.gov/42166623/,"['Chronic low back pain', 'annulus fibrosus', 'degenerative disc disease', 'disc augmentation', 'hydrogel', 'implant', 'intervertebral disc', 'lumbar', 'lumbar disc level L1-S1', 'minimally invasive procedure.', 'nucleus pulposus', 'percutaneous treatment']",[],"['Olivier Clerk-Lamalice', 'Alfonso Spath', 'Kimberly Carcary', 'Kasra Amirdelfan', 'Pierce D Nunley', 'Douglas P Beall']",42166623,Spine. 2026 May 06. doi: 10.1097/BRS.0000000000005735.,21-05-2026,,,Olivier Clerk-Lamalice,Spine. 2026 May 06. doi: 10.1097/BRS.0000000000005735.
Q-Learning with clustered-SMART (cSMART) data: examining moderators in the construction of clustered adaptive interventions.,"A clustered adaptive intervention (cAI) is a prespecified sequence of decision rules that guides practitioners on how best-and based on which measures-to tailor cluster-level intervention to improve outcomes at the level of individuals within the clusters. A clustered sequential multiple assignment randomized trial (cSMART) is a type of trial that is used to inform the empirical development of a cAI. A common analytic goal in a cSMART focuses on assessing causal effect moderation by candidate tailoring variables. We introduce a clustered Q-learning framework with the M-out-of-N cluster bootstrap using data from a cSMART to evaluate whether a set of candidate tailoring variables may be useful in defining an optimal cAI. This approach could construct confidence intervals (CIs) with near-nominal coverage to assess parameters indexing the causal effect moderation function. Specifically, it allows reliable inferences concerning the utility of candidate tailoring variables in constructing a cAI that maximizes a mean end-of-study outcome even when ""non-regularity,"" a well-known challenge, exists. Simulations demonstrate the numerical performance of the proposed method across varying non-regularity conditions and investigate the impact of varying numbers of clusters and intra-cluster correlation coefficients on CI coverage. Methods are applied on the ADEPT dataset to inform the construction of a clinic-level cAI for improving evidence-based practice in treating mood disorders.",2026,2026,Biometrics,Biometrics,10.1093/biomtc/ujag078,https://pubmed.ncbi.nlm.nih.gov/42166189/,"['causal inference', 'evidence-based practices', 'implementation science', 'mood disorders', 'statistical learning']","['Humans', 'Cluster Analysis', 'Randomized Controlled Trials as Topic', 'Computer Simulation', 'Biometry', 'Models, Statistical']","['Yao Song', 'Kelly Speth', 'Amy Kilbourne', 'Andrew Quanbeck', 'Daniel Almirall', 'Lu Wang']",42166189,Biometrics. 2026 Apr 09. 82(2). doi: 10.1093/biomtc/ujag078.,21-05-2026,PMC13192251,,Yao Song,Biometrics. 2026 Apr 09. 82(2). doi: 10.1093/biomtc/ujag078.
Australian key stakeholder views regarding implementation of atrial fibrillation screening: a qualitative evaluation.,To understand the issues impacting atrial fibrillation (AF) screening and what needs to be considered for a successful national screening programme in Australia.,2026,2026,BMJ open,BMJ open,10.1136/bmjopen-2025-109404,https://pubmed.ncbi.nlm.nih.gov/42161540/,"['Implementation Science', 'Mass Screening', 'Pacing & electrophysiology', 'Primary Care', 'QUALITATIVE RESEARCH']","['Humans', 'Atrial Fibrillation', 'Australia', 'Qualitative Research', 'Mass Screening', 'Stakeholder Participation', 'Interviews as Topic', 'Male', 'Female']","['Kirsty Mckenzie', 'Ben Freedman', 'Anushka Jacob', 'Rakesh Narendra Modi', 'Nicole Lowres']",42161540,BMJ open. 2026 May 20. 16(5):e109404. doi: 10.1136/bmjopen-2025-109404.,21-05-2026,PMC13202094,,Kirsty Mckenzie,BMJ open. 2026 May 20. 16(5):e109404. doi: 10.1136/bmjopen-2025-109404.
"Correction to ""Hybrid CNN-GCN framework for brain tumor MRI classification: A graph-based approach to smart healthcare diagnostics"".",,2026,2026,Journal of applied clinical medical physics,Journal of applied clinical medical physics,10.1002/acm2.70596,https://pubmed.ncbi.nlm.nih.gov/42159089/,[],[],[],42159089,Journal of applied clinical medical physics. 2026 May. 27(5):e70596. doi: 10.1002/acm2.70596.,20-05-2026,,,,Journal of applied clinical medical physics. 2026 May. 27(5):e70596. doi: 10.1002/acm2.70596.
"Digital health needs for long-term continuity care in older adult patients: a cross-sectional study under the ""internet +"" model.","The ""Internet+"" initiative offers new possibilities for addressing the complex health needs of aging populations. This cross-sectional study aims to investigate the demands for long-term continuous care among older adult patients with neurological disorders and to identify the key factors influencing these needs within the context of a digital health framework.",2026,2026,Frontiers in public health,Frontiers in public health,10.3389/fpubh.2026.1763772,https://pubmed.ncbi.nlm.nih.gov/42158185/,"['Internet +', 'continuous nursing', 'cross-sectional study', 'digital health', 'needs assessment', 'older adult patients']","['Humans', 'Cross-Sectional Studies', 'Male', 'Female', 'Aged', 'Long-Term Care', 'Continuity of Patient Care', 'Aged, 80 and over', 'Surveys and Questionnaires', 'Middle Aged', 'Nervous System Diseases', 'Health Services Needs and Demand', 'Telemedicine', 'Digital Health']","['ChunLing Sun', 'MinJie Ji', 'Fang Zhao', 'Xin Hu', 'BingQing Wang']",42158185,Frontiers in public health. 2026. 14:1763772. doi: 10.3389/fpubh.2026.1763772.,20-05-2026,PMC13180841,,ChunLing Sun,Frontiers in public health. 2026. 14:1763772. doi: 10.3389/fpubh.2026.1763772.
Development of a high-performance in-memory database architecture for intelligent video surveillance in critical patient care.,"This research aims to engineer a specialized, high-speed database architecture tailored for intelligent video surveillance in critical healthcare environments. The primary objective is to overcome the input/output operations per second (IOPS) bottlenecks and latency issues inherent in traditional SQL and general-purpose NoSQL systems, which impede real-time clinical decision-making.",2026,2026,Frontiers in digital health,Frontiers in digital health,10.3389/fdgth.2026.1807507,https://pubmed.ncbi.nlm.nih.gov/42158173/,"['big data visualization', 'healthcare informatics', 'in-memory database', 'intelligent video surveillance', 'real-time analytics']",[],"['Ramesh Kumar Veerapaneni', 'Radhakrishnan Delhibabu', 'Alexey Subbotin', 'Nataly Zhukova']",42158173,Frontiers in digital health. 2026. 8:1807507. doi: 10.3389/fdgth.2026.1807507.,20-05-2026,PMC13180876,,Ramesh Kumar Veerapaneni,Frontiers in digital health. 2026. 8:1807507. doi: 10.3389/fdgth.2026.1807507.
Smart city development and medical service performance: evidence from a province-level panel study in China.,"This study examines whether smart city development is associated with improvements in medical service performance across Chinese provinces, addressing the limited large-scale quantitative evidence on digital governance and healthcare systems in developing-country contexts.",2026,2026,International journal of public health,International journal of public health,10.3389/ijph.2026.1609627,https://pubmed.ncbi.nlm.nih.gov/42158041/,"['China', 'digital governance', 'healthcare systems', 'medical service performance', 'smart city development']","['China', 'Humans', 'Quality of Health Care', 'Delivery of Health Care', 'Cities']","['Xu Shao', 'Xi Liu', 'Jie Che', 'Bing Yang']",42158041,International journal of public health. 2026. 71:1609627. doi: 10.3389/ijph.2026.1609627.,20-05-2026,PMC13180713,,Xu Shao,International journal of public health. 2026. 71:1609627. doi: 10.3389/ijph.2026.1609627.
Digital health literacy scale in older adults: A study on the validity and reliability of the Turkish version.,"Smart healthcare services and digital therapeutics are rapidly spreading, making digital health literacy skills critically important to benefit from these services. This is especially essential for older adults, who often need consistent health management. However, in Turkey, no suitable scale currently exists to measure digital health literacy among older adults. Therefore, This research aims to translate the Digital Health Literacy Scale to Turkish and assess its validity and reliability for elderly individuals.",2026,2026,"Geriatric nursing (New York, N.Y.)","Geriatric nursing (New York, N.Y.)",10.1016/j.gerinurse.2026.104101,https://pubmed.ncbi.nlm.nih.gov/42155325/,"['Confirmatory factor analysis', 'Digital health care', 'Digital health literacy', 'Mobile phone', 'Older adults']",[],"['Gülcan Bahcecioglu Turan', 'Mizgin Demir', 'Zülfünaz Özer']",42155325,"Geriatric nursing (New York, N.Y.). 2026 May 18. 71:104101. doi: 10.1016/j.gerinurse.2026.104101.",20-05-2026,,,Gülcan Bahcecioglu Turan,"Geriatric nursing (New York, N.Y.). 2026 May 18. 71:104101. doi: 10.1016/j.gerinurse.2026.104101."
Leveraging computerized adaptive testing for cost-effective evaluation of large language models in medical benchmarking.,"Large language models (LLMs) are increasingly applied in healthcare, yet their evaluation relies predominantly on static benchmarks that are costly, contamination-prone, and lack calibrated measurement properties for fine-grained performance tracking. We developed and validated a computerized adaptive testing (CAT) framework grounded in item response theory to enable scalable, psychometrically rigorous assessment of standardized medical knowledge in LLMs. A two-phase study comprising Monte Carlo simulations and empirical evaluation of 38 LLMs was conducted between July and September 2025. The CAT protocol achieved a near-perfect correlation with full-bank results (r = 0.988) using only 1.3% of items. Evaluation time decreased from 6.85 hours to 8.4 min per model, and token usage dropped from 1.77 million to 0.03 million. Model rankings were fully preserved (Spearman's ρ = 1.0). At current API pricing, per-model evaluation costs fell from approximately $1,475 to under $5. This adaptive methodology serves as an essential pre- screening and continuous monitoring tool under a standardized testing protocol. Crucially, it is not a substitute for real-world clinical validation or safety-oriented prospective studies; rather, it enables developers and healthcare institutions to implement rigorous, high-frequency, evidence-based evaluation of foundational knowledge prior to more resource-intensive downstream testing.",2026,2026,NPJ digital medicine,NPJ digital medicine,10.1038/s41746-026-02671-w,https://pubmed.ncbi.nlm.nih.gov/42151446/,[],[],"['Tianpeng Zheng', 'Zhehan Jiang', 'Jiayi Liu', 'Shicong Feng']",42151446,NPJ digital medicine. 2026 May 18. doi: 10.1038/s41746-026-02671-w.,19-05-2026,,,Tianpeng Zheng,NPJ digital medicine. 2026 May 18. doi: 10.1038/s41746-026-02671-w.
[Effectiveness of Dog-Assisted Therapy in Improving the Behavioral and Psychological Symptoms of Dementia: A Systematic Review and Meta-Analysis].,"Patients with dementia commonly exhibit behavioral and psychological symptoms of dementia (BPSD) such as depression, withdrawal, and agitation. These symptoms are known to significantly impact both mental and physical health, increase caregiving burdens, and lead to higher rates of hospitalization and mortality.",2026,2026,Hu li za zhi The journal of nursing,Hu li za zhi The journal of nursing,10.6224/JN.26309,https://pubmed.ncbi.nlm.nih.gov/42151047/,"['behavioral and psychological symptoms', 'dementia', 'dog-assisted therapy', 'meta-analysis', 'systematic review']","['Dementia', 'Animal Assisted Therapy', 'Humans', 'Dogs', 'Animals', 'Randomized Controlled Trials as Topic']","['Tsuei-Yi Tseng', 'Jia-Sin Luo', 'Chia-Chi Kuo']",42151047,Hu li za zhi The journal of nursing. 2026 Jun. 73(3). doi: 10.6224/JN.26309.,19-05-2026,,,Tsuei-Yi Tseng,Hu li za zhi The journal of nursing. 2026 Jun. 73(3). doi: 10.6224/JN.26309.
Selective early medical treatment of the patent ductus arteriosus in extremely low gestational age infants: a pilot randomised controlled trial (SMART-PDA).,To assess feasibility of recruitment and compare clinical outcomes in a trial of early selective treatment of a moderate-severe patent ductus arteriosus (PDA) or no intervention in the first 7 postnatal days in extremely preterm infants.,2026,2026,Archives of disease in childhood. Fetal and neonatal edition,Archives of disease in childhood. Fetal and neonatal edition,10.1136/archdischild-2026-330462,https://pubmed.ncbi.nlm.nih.gov/42150872/,"['Cardiology', 'Intensive Care Units, Neonatal']",[],"['Souvik Mitra', 'Audrey Hebert', 'Michael P Castaldo', 'Tim Disher', 'Walid El-Naggar', 'Santokh Dhillon', 'Ziad Alhassen', 'Jenny Koo', 'Anup C Katheria', 'Abbas Hyderi', 'Kumar Kumaran', 'Joseph Ting', 'Aimann Surak', 'Jillian Larocque', 'Dawn Pepper', 'Lisa Hornberger', 'Marjorie Makoni', 'Dany E Weisz', 'Amish Jain', 'Fabiana Bacchini', 'Austin J J Cameron-Nola', 'Tara Hatfield', 'Jon Dorling', 'Patrick J McNamara', 'Lehana Thabane']",42150872,Archives of disease in childhood. Fetal and neonatal edition. 2026 May 18. doi: 10.1136/archdischild-2026-330462.,19-05-2026,,,Souvik Mitra,Archives of disease in childhood. Fetal and neonatal edition. 2026 May 18. doi: 10.1136/archdischild-2026-330462.
Exploring factors contributing to antibiotic resistance: A cross-sectional empirical study in Bangladesh.,"Antibiotic resistance is a growing public health concern, particularly in low- and middle-income countries such as Bangladesh. This cross-sectional empirical study analyzed primary survey data collected from 254 respondents in Bangladesh using Structural Equation Modeling (SEM). Structural Equation Modeling (SEM) with Smart-PLS 4.0 was employed to analyze the relationships between key variables, ensuring accurate results despite non-normal data. The findings reveal that economic pressures, inadequate diagnostics, and cultural misconceptions are key contributors to antibiotic overuse and misuse. The study is grounded in the Health Belief Model and Ecological Systems Theory, offering a framework to understand these behaviors. It underscores the need for targeted policies, improved diagnostic resources, and heightened public awareness to address the growing problem of antimicrobial resistance. The findings indicate that economic incentives, diagnostic uncertainty, healthcare infrastructure, and sociocultural beliefs significantly influence antibiotic resistance within the surveyed population.",2026,2026,PloS one,PloS one,10.1371/journal.pone.0344449,https://pubmed.ncbi.nlm.nih.gov/42149871/,[],"['Humans', 'Bangladesh', 'Cross-Sectional Studies', 'Female', 'Male', 'Adult', 'Anti-Bacterial Agents', 'Drug Resistance, Microbial', 'Middle Aged', 'Young Adult', 'Adolescent', 'Surveys and Questionnaires', 'Health Knowledge, Attitudes, Practice', 'Drug Resistance, Bacterial']","['Abdullah Al Rakib', 'Dr Johaira Sultana Toma', 'Dr Mousumi Akhtar', 'Md Abu Hasnat', 'Md Sohel Rana', 'Rezwan Ul Haque Aubhi', 'Nur-A-Alam Mishad', 'Farzana Rahman', 'Shadia Sharmin']",42149871,PloS one. 2026. 21(5):e0344449. doi: 10.1371/journal.pone.0344449.,18-05-2026,PMC13183214,,Abdullah Al Rakib,PloS one. 2026. 21(5):e0344449. doi: 10.1371/journal.pone.0344449.
Multimodal healthcare system for human activity recognition using multiple features and advanced ensemble classifier.,"Human activity recognition (HAR) is applicable in various areas as it helps in healthcare monitoring, exercise assessment, and monitoring of smart devices.",2026,2026,Digital health,Digital health,10.1177/20552076261427061,https://pubmed.ncbi.nlm.nih.gov/42145332/,"['Activity recognition', 'ensemble learning', 'healthcare', 'machine learning', 'sparse neural networks', 'wearable sensor']",[],"['Fakhra Nazar', 'Yanfeng Wu', 'Hanan Aljuaid', 'Ahmad Jalal', 'Hui Liu']",42145332,Digital health. 2026. 12:20552076261427061. doi: 10.1177/20552076261427061.,18-05-2026,PMC13172693,,Fakhra Nazar,Digital health. 2026. 12:20552076261427061. doi: 10.1177/20552076261427061.
Progress in precision drug delivery systems for neurodegenerative diseases with muscle atrophy.,"Neurodegenerative diseases frequently co-occur with skeletal muscle atrophy, creating a complex comorbid condition that significantly accelerates functional decline and increases mortality. This dual pathology is driven by interconnected mechanisms such as protein aggregation, neuroinflammation, and impaired axonal transport, disrupting critical neuromuscular junctions (NMJs). However, a significant research gap exists in the development of therapeutic strategies that can effectively and simultaneously target both the central nervous system (CNS) and peripheral muscle tissues. We systematically summarizes the core pathological targets and critically evaluates recent advances in precision drug delivery systems designed to overcome these challenges. We explore innovative strategies, including engineered viral vectors and receptor-targeted nanoparticles for CNS delivery, as well as smart biomaterials and extracellular vesicles (EVs) for muscle-specific and dual-organ intervention, highlighting the growing role of artificial intelligence (AI) in optimizing their design. Furthermore, this review discusses the construction of multidimensional efficacy evaluation systems that integrate behavioral, molecular, and imaging biomarkers and addresses pivotal clinical translation challenges, from scalable production to species-specific differences. By examining the pathological landscape across the central nervous system and skeletal muscle together, this review connects mechanisms that have more often been considered in isolation and evaluates how their convergence may inform the design of delivery strategies targeting both tissue compartments.",2026,2026,Neuropharmacology,Neuropharmacology,10.1016/j.neuropharm.2026.111027,https://pubmed.ncbi.nlm.nih.gov/42144072/,"['Blood-brain barrier', 'Muscle atrophy', 'Neurodegenerative diseases', 'Precision drug delivery systems']",[],"['Gongchang Zhang', 'Fengjuan Hu', 'Yan Zhang', 'Daiping Li', 'Yiping Deng', 'Ming Yang', 'Tingting Huang', 'Xueling Deng', 'Ying Li', 'Chenying Fu', 'Lixing Zhou', 'Birong Dong']",42144072,Neuropharmacology. 2026 May 16. 297:111027. doi: 10.1016/j.neuropharm.2026.111027.,18-05-2026,,,Gongchang Zhang,Neuropharmacology. 2026 May 16. 297:111027. doi: 10.1016/j.neuropharm.2026.111027.
From polyetheretherketone to 3D‑printed composites: hydrothermal stability and cement‑dependent resin bonding of high‑performance polymers to pediatric restorations.,"This study evaluated the water sorption/solubility, surface characteristics, and bonding performance of different high‑performance polymers intended for restorations and appliances used in pediatric dentistry, emphasizing their hydrothermal stability and cementation protocols for durable bonding.",2026,2026,BMC oral health,BMC oral health,10.1186/s12903-026-08492-3,https://pubmed.ncbi.nlm.nih.gov/42143305/,"['3D printing', 'Bonding', 'Hydrothermal stability', 'Pediatric dentistry', 'Polyetheretherketone']",[],"['Szu-I Lin', 'Chien-Fu Tseng', 'Chi-Fei Hsieh', 'Yuichi Mine', 'Yao-Chang Chiang', 'Chiang-Wen Lee', 'Tzu-Yu Peng']",42143305,BMC oral health. 2026 May 16. doi: 10.1186/s12903-026-08492-3.,17-05-2026,,,Szu-I Lin,BMC oral health. 2026 May 16. doi: 10.1186/s12903-026-08492-3.
Re-balancing immunity with CRISPR-Cas9: Novel strategies for cancer and autoimmune disorders.,"Dysregulated immune activity is a cornerstone of numerous diseases, where excessive suppression enables cancer progression and uncontrolled activation drives autoimmunity. Immunotherapy aims to restore this balance, however, conventional approaches are often limited by suboptimal precision, efficacy, or long-term safety. The emergence of the CRISPR-Cas9 (clustered regularly interspaced short palindromic repeats-CRISPR-associated protein 9) genome-editing system has opened transformative avenues for overcoming these hurdles. This review traces the development of the CRISPR-Cas9 toolkit, encompassing gene knock out (CRISPR-KO), knock in (CRISPR-KI), transcriptional activation (CRISPRa), interference (CRISPRi), base editing and prime editing-and examines their application in reprogramming immune responses. We focus on how these six strategies enhance anti-tumor immunity by engineering immune cells to bypass inhibitory checkpoints and the tumor microenvironment, and suppress autoimmunity by restoring immune tolerance through precise genomic and transcriptional interventions. Finally, we discuss translational challenges and future directions, including the adoption of next-generation editors and smart delivery systems, which are poised to maximize the therapeutic potential of CRISPR-based cellular interventions.",2026,2026,Biotechnology advances,Biotechnology advances,10.1016/j.biotechadv.2026.108921,https://pubmed.ncbi.nlm.nih.gov/42142549/,"['Autoimmune disease', 'CRISPR-Cas9', 'Genome editing', 'Immune', 'Immune tolerance', 'Immunity', 'Immunotherapy', 'Tumor', 'Tumor microenvironment', 'cancer']",[],"['Xuanqi Ren', 'Ziyang Zhou', 'Lingkai Kong', 'Yibo Guo', 'Yan Liu', 'Jiazhen Li', 'Xiaosong Gu', 'Chunping Jiang', 'Junhua Wu']",42142549,Biotechnology advances. 2026 May 15. 90:108921. doi: 10.1016/j.biotechadv.2026.108921.,17-05-2026,,,Xuanqi Ren,Biotechnology advances. 2026 May 15. 90:108921. doi: 10.1016/j.biotechadv.2026.108921.
"Safety, Toxicity, and Regulation of Biomaterials: A Systematic Review of Global Frameworks and Emerging Challenges.","Biomaterials are natural or synthetic materials designed to interact with biological systems for medical, environmental, or industrial applications. Despite their expanding market and crucial healthcare role, ensuring safety and establishing consistent regulatory frameworks remains challenging. Regulatory inconsistencies impede innovation, increase development costs, and potentially compromise patient safety. To systematically examine toxicity concerns and regulatory frameworks governing biomaterials across major regions (USA, EU, India, China & Australia) and evaluate international standards from OECD and ISO organizations. We aimed to identify regulatory gaps, assess challenges posed by advanced materials, and propose solutions for harmonized global regulation. A comprehensive systematic review was conducted following PRISMA guidelines. Multiple electronic databases were searched to identify relevant studies examining biomaterial toxicity assessment methods and regulatory frameworks. Studies were screened based on predetermined eligibility criteria focusing on regulatory standards, toxicity evaluation methods, and safety protocols. Data extraction encompassed regulatory requirements, testing methodologies, and approval pathways. Analysis revealed significant regulatory heterogeneity across jurisdictions, with traditional testing methods inadequately addressing risks from advanced materials including nanomaterials and 3D-printed tissues. Major gaps included absence of unified global approaches, insufficient evaluation methods for complex dynamic biomaterials undergoing transformation in vivo, and lack of systematic long-term monitoring systems. Substantial improvements are achievable through innovative approaches including computational modeling for expedited approvals, smart implants incorporating embedded sensors for real-time monitoring, and establishment of international databases to eliminate redundant testing. These recommendations could enhance regulatory efficiency, improve patient safety, and facilitate global harmonization while accelerating access to life-saving technologies.",2026,2026,"Journal of biomedical materials research. Part B, Applied biomaterials","Journal of biomedical materials research. Part B, Applied biomaterials",10.1002/jbm.b.70064,https://pubmed.ncbi.nlm.nih.gov/42141760/,"['ISO 10993', 'biocompatibility', 'biomaterial toxicity', 'chemical stability', 'good manufacturing practices (GMP)', 'material property validation', 'mechanical strength']","['Biocompatible Materials', 'Humans', 'Animals', 'Materials Testing']","['Abhishek Rawat', 'Anoushka Khanna', 'Bhupendra Singh Butola', 'Navneet Sharma']",42141760,"Journal of biomedical materials research. Part B, Applied biomaterials. 2026 May. 114(5):e70064. doi: 10.1002/jbm.b.70064.",16-05-2026,,,Abhishek Rawat,"Journal of biomedical materials research. Part B, Applied biomaterials. 2026 May. 114(5):e70064. doi: 10.1002/jbm.b.70064."
Quantum-enhanced federated blockchain for privacy-preserving cardiovascular intelligence.,"Cardio-Vascular Diseases (CvDs) persist as a significant mortality reason worldwide, which requires advanced risk categorization technologies that can offer custom medicine while protecting patient information. Present healthcare approaches must overcome fragmented data distribution systems, weak security measures in collaborative environments, and the ineffective processing of multi-mode clinical details. Our proposed Decentralized Federated Blockchain for Cardiovascular Intelligence (DFBCI) framework integrates the Multi-Chain Aggregation with Adaptive Consensus (MCAC) mechanism and the advanced Federated Dynamic Relational Learning (FDRL) technique to solve identified challenges. The DFBCI system enables protected cooperation between institutions through its blockchain multi-chain setup that securely combines medical data with imaging information while maintaining data integrity. The FDRL technique extracts patient temporal behavior knowledge from different modalities, which include ElectroCardioGrams (ECGs), echocardiograms, and biomarker datasets. The system executes feature extraction using Quantum-Enhanced Privacy Masking (QEPM) for security alongside non-invasive cardiac risk modeling through federated optimization and performs decentralized validation with smart contracts. Compared to standard approaches, Experimental results reveal that models achieve 19% better CvD risk prediction while reducing their convergence time by 22% and enhancing scalability by 27%. DFBCI creates powerful healthcare analytical platforms that advance secure CvD risk sorting worldwide without violating privacy rights, setting benchmark for fast, collaborative assessments.",2026,2026,Scientific reports,Scientific reports,10.1038/s41598-026-47521-7,https://pubmed.ncbi.nlm.nih.gov/42141004/,"['Blockchain', 'CvD', 'Decentralization', 'Deep learning', 'Federated learning', 'Multi-modal', 'Privacy', 'Quantum', 'Secure']",[],"['R Sivakami', 'V Vinoth Kumar', 'N Krishnamoorthy', 'Temesgen Engida Yimer']",42141004,Scientific reports. 2026 May 16. doi: 10.1038/s41598-026-47521-7.,16-05-2026,,,R Sivakami,Scientific reports. 2026 May 16. doi: 10.1038/s41598-026-47521-7.
Evaluation of the Effectiveness of the Smart Post-Discharge Elderly Health Management Platform for Older Patients' Health-Related Quality of Life: A Cluster Randomised Controlled Trial.,To evaluate the effectiveness of the Smart Post-Discharge Elderly Health Management Platform on health-related quality of life and self-management after hospital discharge.,2026,2026,International journal of nursing practice,International journal of nursing practice,10.1111/ijn.70151,https://pubmed.ncbi.nlm.nih.gov/42138722/,"['digital health', 'mHealth', 'nursing', 'post‐discharge care', 'telehealth', 'telenursing']","['Humans', 'Patient Discharge', 'Quality of Life', 'Aged', 'Female', 'Male', 'Aged, 80 and over', 'Self-Management', 'Self Care']","['Tongtong Fu', 'Linlin Xing', 'Hanxiao Luo', 'Qi Sun', 'Yangyang Lv', 'Xinyi Cui', 'Yufei Du', 'Chunling Xia', 'Ling Fan']",42138722,International journal of nursing practice. 2026 Jun. 32(3):e70151. doi: 10.1111/ijn.70151.,15-05-2026,,,Tongtong Fu,International journal of nursing practice. 2026 Jun. 32(3):e70151. doi: 10.1111/ijn.70151.
Quality and reliability of myocardial infarction-related short videos on TikTok and Bilibili: A cross-sectional content analysis study.,"Myocardial infarction (MI) is a leading cause of global mortality, making public education on its prevention, early recognition, and pre-hospital first aid essential. In China, short-video platforms like TikTok (Douyin) and Bilibili have become primary channels for health information dissemination. However, the quality and reliability of MI-related content on these platforms have not been systematically evaluated. This study aimed to assess and compare the quality, reliability, and accuracy of the most widely viewed (high-visibility) short videos about MI on TikTok and Bilibili and to identify factors associated with video quality.",2026,2026,Digital health,Digital health,10.1177/20552076261443766,https://pubmed.ncbi.nlm.nih.gov/42136926/,"['Bilibili', 'TikTok', 'information quality', 'myocardial infarction', 'short videos', 'social media']",[],"['Suyin Feng', 'Long Zhu', 'Jinyuan Gu', 'Dashuai Miao', 'Honglai Zhang', 'Runfeng Sun']",42136926,Digital health. 2026. 12:20552076261443766. doi: 10.1177/20552076261443766.,15-05-2026,PMC13167379,,Suyin Feng,Digital health. 2026. 12:20552076261443766. doi: 10.1177/20552076261443766.
Has smart healthcare improved older adults' health? Evidence from China's smart city pilot program- a quasi-natural experiment.,"While integrating digital technology into healthcare is a key strategy to address population aging, robust evidence on the causal impact of large-scale policies is scarce. This study aims to quantify the health effects of China's smart city policy on older adults and identify the mechanisms driving these outcomes.",2026,2026,Digital health,Digital health,10.1177/20552076261450604,https://pubmed.ncbi.nlm.nih.gov/42136920/,"['DID model', 'mental health', 'older adults', 'self-rated health', 'smart healthcare']",[],"['Bo Wang', 'Rengui Gong', 'Ruyi Huang']",42136920,Digital health. 2026. 12:20552076261450604. doi: 10.1177/20552076261450604.,15-05-2026,PMC13167267,,Bo Wang,Digital health. 2026. 12:20552076261450604. doi: 10.1177/20552076261450604.
New approaches to clinical research for people with schizophrenia.,"Schizophrenia trials have been too small, short and exclusionary, leaving the most disabled patients under-represented and key outcomes neglected. Future research should match the illness burden through sustained funding, representative recruitment, multidomain assessment, and adaptive, platform and SMART designs that test treatments efficiently and produce evidence relevant to patients' lives.",2026,2026,The British journal of psychiatry : the journal of mental science,The British journal of psychiatry : the journal of mental science,10.1192/bjp.2026.10657,https://pubmed.ncbi.nlm.nih.gov/42136560/,"['Schizophrenia', 'negative symptoms', 'platform studies', 'treatment-resistant', 'trial design']",[],"['Katherine Beck', 'Matthew Broome', 'Saeed Farooq', 'Fiona Gaughran', 'Oliver D Howes', 'Sameer Jauhar', 'Thomas Kabir', 'Maria Kapi', 'Mohammad Katshu', 'James H MacCabe', 'Robert A McCutcheon', ""Brian O'Donoghue"", 'Sofia Pappa', 'Toby Pillinger', 'Inti Qurashi', 'Dan Siskind', 'Mike Trott', 'Rachel Upthegrove', 'Emilio Fernandez-Egea']",42136560,The British journal of psychiatry : the journal of mental science. 2026 May 15. 1-4. doi: 10.1192/bjp.2026.10657.,15-05-2026,,,Katherine Beck,The British journal of psychiatry : the journal of mental science. 2026 May 15. 1-4. doi: 10.1192/bjp.2026.10657.
Hydrogel-based Advances in Dermatological Therapy: Insights from Patents and Clinical Research.,"Treating skin conditions, chronic wounds, and soft tissue injuries remains a major challenge in contemporary healthcare, with substantial financial costs and impacts on patients' quality of life. Hydrogels comprise interconnected networks of hydrophilic polymers characterized by high water content. They have emerged as a promising class of biomaterials in dermatology due to their structural similarity to the extracellular matrix, excellent biocompatibility, and adjustable mechanical properties. With a focus on wound healing, skin tissue engineering, the treatment of chronic inflammatory illnesses (such as acne, psoriasis, and eczema), and cosmetic and anti-aging procedures, this review provides a thorough overview of the development and application of hydrogel-based systems in dermatology. This review discusses the functional characteristics, therapeutic action, and clinical advantages of various formulations-including natural, synthetic, hybrid, and nanocomposite hydrogels. Additionally, a review of current patents and clinical studies provides an example of the new hydrogel technology landscape, which includes bioactive and smart hydrogels as well as multifunctional composites for enhanced skin regeneration and controlled drug delivery. Combining hydrogels with innovative technologies such as nanomaterials, 3D bioprinting, and responsive biomaterials further underscores the revolutionary potential in dermatological therapy. The research suggests that hydrogel-based methods are redefining the future of skin regeneration, repair, and cosmetic treatment by offering improved aesthetic outcomes, quicker healing, and higher patient compliance.",2026,2026,Reviews on recent clinical trials,Reviews on recent clinical trials,10.2174/0115748871449923260330194138,https://pubmed.ncbi.nlm.nih.gov/42136480/,"['Hydrogels', 'dermatology', 'drug delivery systems.', 'skin diseases', 'skin tissue engineering', 'smart biomaterials', 'wound healing']",[],"['Monika Verma', 'Neha Yadav', 'Smita Narwal', 'Nisha Grewal', 'Ashwani K Dhingra', 'Bhawna Chopra']",42136480,Reviews on recent clinical trials. 2026 May 07. doi: 10.2174/0115748871449923260330194138.,15-05-2026,,,Monika Verma,Reviews on recent clinical trials. 2026 May 07. doi: 10.2174/0115748871449923260330194138.
Chronic Inflammation (A Silent Killer) - Molecular Mechanisms and Emerging Therapeutic Approaches.,"Chronic inflammation is a dysregulated and persistent immune response that underlies numerous serious health conditions, like heart problems, diabetes, nerve damage, cancer, or conditions where the body attacks itself. Recently, scientists have gained a better understanding of how molecules such as cytokines and chemokines, along with dysregulated immune cells, contribute to excessive oxidative stress and impaired healing processes. New tools now help identify this condition as early as possible through biomarkers, advanced laboratory techniques, integrated data approaches, and smart sensors that track biological changes in real time. However, despite this knowledge, effective strategies for early prevention and long-term treatment remain limited. Daily habits, particularly anti-inflammatory dietary patterns, regular physical activity, and stress management, play a critical role in reducing the risk of disease. Emerging therapies, including inflammasome inhibitors, cytokine-targeted biologics, immunometabolic modulators, and specialized pro-resolving mediators, may restore immune homeostasis rather than merely suppressing symptoms. Additionally, microbiome-targeted interventions-such as probiotics, prebiotics, bacteriophage therapy, and fecal microbiota transplantation-are increasingly being recognized as potential strategies to modulate systemic inflammation. Daily habits, especially eating patterns that fight inflammation, walking regularly, or handling stress, are critically important for lowering the chances of illness. Chronic inflammation is a complex, multifactorial process; therefore, its effective management requires integrated efforts in basic research, therapeutic innovation, and population- level healthcare strategies. Innovations in personalized medicine, AI-based analytics, digital health technologies, and microbiome science are poised to significantly enhance diagnostic and therapeutic approaches. Sustained cross-disciplinary collaboration will be critical in mitigating the worldwide impact of chronic inflammatory disorders and improving long-term health outcomes.",2026,2026,Current drug targets,Current drug targets,10.2174/0113894501450885260409050432,https://pubmed.ncbi.nlm.nih.gov/42136241/,"['Chronic inflammation', 'autoimmune disorder', 'bio-markers and omics technologies', 'cancer', 'therapeutic strategies.']",[],"['Rishikesh Singh', 'Monika', 'Rupa Mazumder', 'Avijit Mazumder', 'Manish Singh', 'Chandana Majee', 'Swarupanjali Padhi', 'Saumya Das']",42136241,Current drug targets. 2026 May 06. doi: 10.2174/0113894501450885260409050432.,15-05-2026,,,Rishikesh Singh,Current drug targets. 2026 May 06. doi: 10.2174/0113894501450885260409050432.
A Complement and Coagulation Cascade-Related Prognostic Signature Predicts Survival and Immune Landscape in Lung Adenocarcinoma.,To evaluate the prognostic value of complement and coagulation cascades (CCC) in lung adenocarcinoma (LUAD).,2026,2026,Current gene therapy,Current gene therapy,10.2174/0115665232473551260504092329,https://pubmed.ncbi.nlm.nih.gov/42136237/,"['Lung adenocarcinoma', 'WGCNA', 'complement and coagulation cascade', 'drug sensitivity.', 'immunity', 'prognosis']",[],"['Binbin He', 'Rangfei Zhu', 'Na Li', 'Wei Li']",42136237,Current gene therapy. 2026 May 07. doi: 10.2174/0115665232473551260504092329.,15-05-2026,,,Binbin He,Current gene therapy. 2026 May 07. doi: 10.2174/0115665232473551260504092329.
"The impact of smart city pilot policies on household consumption in households with older adults: mechanisms, heterogeneity, and inequality.","With the rapid advancement of Smart City development, its impact on per capita household consumption in households with older adults remains insufficiently understood. This study aims to examine the causal effects of Smart City pilot policies on household consumption and consumption structure among older households in China.",2026,2026,BMC geriatrics,BMC geriatrics,10.1186/s12877-026-07606-4,https://pubmed.ncbi.nlm.nih.gov/42135640/,"['Consumption inequality', 'Difference-in-differences', 'Digital connectivity', 'Household consumption', 'Smart City']",[],['Zhiying Li'],42135640,BMC geriatrics. 2026 May 14. doi: 10.1186/s12877-026-07606-4.,15-05-2026,,,Zhiying Li,BMC geriatrics. 2026 May 14. doi: 10.1186/s12877-026-07606-4.
Strategic prioritization of blockchain diffusion factors by an integrated fuzzy Delphi-Dombi LMAW model: A case study in Bangladesh healthcare sectors.,"Over the recent years, blockchain technology has been an essential practice in enhancing profitability in healthcare supply chains, especially in emerging economies. Nevertheless, regulatory uncertainty, management resistance and inadequate technological infrastructure are major setbacks. This study evaluates the diffusion factors of blockchain technology in healthcare sector of Bangladesh within a two-stage method; first, combining literature review and expert opinions, 26 significant factors were identified, which were later reduced to 22 through Fuzzy Delphi Method across 5 dimensions (Organizational, Technological, Environmental, Managerial, Individual). In the second stage, the factors ranked in importance using the Dombi Logarithmic Methodology of Additive Weights (LMAW) were consequently subjected to sensitivity analysis to ensure the robustness of results. The results indicate that the most impactful drivers are Top Management Support (0.0501), Organization Readiness (0.0485) and Trust Among Stakeholders (0.0481) for all the healthcare organizations whereas Smart Contract Automation (0.0368) and Innovation Pressure (0.0362) got the least importance and indicate that the sector is in need of strategic leadership and infrastructure rather than advanced innovations. Theoretically, this study advances technology adoption literature by demonstrating that fundamental organizational readiness and leadership support act as non-compensatory prerequisites for blockchain diffusion in emerging economies. Managerially, the proposed framework empowers healthcare executives and policymakers with an actionable roadmap for targeted resource allocation, facilitating strategic blockchain integration to enhance supply chain transparency and resilience.",2026,2026,PloS one,PloS one,10.1371/journal.pone.0348578,https://pubmed.ncbi.nlm.nih.gov/42133605/,[],"['Bangladesh', 'Delphi Technique', 'Humans', 'Blockchain', 'Health Care Sector', 'Fuzzy Logic']","['Nasif Morshed', 'Raad Shahamat Labib', 'Mushfiqur Rahman', 'Kazi Md Tanvir Anzum']",42133605,PloS one. 2026. 21(5):e0348578. doi: 10.1371/journal.pone.0348578.,14-05-2026,PMC13175360,,Nasif Morshed,PloS one. 2026. 21(5):e0348578. doi: 10.1371/journal.pone.0348578.
The Role of Artificial Intelligence in Medication Management for Older Adults: A Systematic Review.,"Older adults face increased risks of medication non-adherence, adverse drug events, and polypharmacy due to chronic health conditions and complex drug regimens. Traditional medication management approaches often fall short in addressing these challenges. Artificial intelligence (AI) has emerged as a promising tool for enhancing medication safety and personalization in geriatric care. This systematic review aimed to explore the role of AI in medication management for older adults, highlighting its effectiveness, usability, ethical implications, and integration within healthcare systems. Following PRISMA guidelines, a comprehensive search was conducted across six databases (PubMed, Scopus, Web of Science, CINAHL, IEEE Xplore, and Cochrane Library) for studies published between January 2015 and March 2025. Eligible studies included qualitative, quantitative, and mixed-methods research on AI-based medication interventions for individuals aged 60 and above. Data were synthesized thematically. Twenty-nine studies were included. Five major themes emerged: (1) AI's ability to enhance adherence through smart reminders and automation; (2) personalized and predictive capabilities in managing complex regimens; (3) design and usability challenges among older adults; (4) ethical concerns related to trust, privacy, and autonomy; and (5) the importance of seamless integration within clinical workflows. Cross-cutting observations emphasized the need for hybrid care models, inclusive design, and digital literacy training. AI has the potential to transform geriatric medication management. However, its success depends on ethical implementation, user-centered design, healthcare integration, and attention to equity. Long-term evaluations are essential to ensure sustainable and inclusive outcomes.",2026,2026,Aging medicine (Milton (N.S.W)),Aging medicine (Milton (N.S.W)),10.1002/agm2.70074,https://pubmed.ncbi.nlm.nih.gov/42130758/,"['artificial intelligence', 'digital health technology', 'geriatric care', 'medication management', 'older adults']",[],"['Dipak Chandra Das', 'Moustaq Karim Khan Rony', 'Shovit Dutta', 'Md Sami Al Zubair Zujbe', 'Tapan Bhattacharjee', 'Niloy Debnath', 'Shabbir Abdullah Maruf', 'Chowdhury Galib Mortuza', 'Farhana Rahman', 'Akash Das']",42130758,Aging medicine (Milton (N.S.W)). 2026 Apr. 9(2):196-213. doi: 10.1002/agm2.70074.,14-05-2026,PMC13163944,,Dipak Chandra Das,Aging medicine (Milton (N.S.W)). 2026 Apr. 9(2):196-213. doi: 10.1002/agm2.70074.
Healthcare Providers' perspectives on the adoption of Smart Care Technologies in Korean Long-Term Care Hospitals.,"Many smart care technologies have been developed recently, but it remains unclear which of them are necessary for use in long-term care hospitals (LTCHs).",2026,2026,Annals of geriatric medicine and research,Annals of geriatric medicine and research,10.4235/agmr.26.0019,https://pubmed.ncbi.nlm.nih.gov/42130178/,"['Digital Health', 'Health Personnel', 'Hospital', 'Long-term care', 'Republic of Korea', 'Workload']",[],"['Seok Gyu Kim', 'Soong-Nang Jang', 'Hyuk Ga']",42130178,Annals of geriatric medicine and research. 2026 May 14. doi: 10.4235/agmr.26.0019.,14-05-2026,,,Seok Gyu Kim,Annals of geriatric medicine and research. 2026 May 14. doi: 10.4235/agmr.26.0019.
"A lifecycle governance and learning health system framework for trustworthy, generalizable, and sustainable human-ai partnership in clinical practice: Lessons from the asthma-guidance and prediction system (A-GPS).","The integration of artificial intelligence (AI) into clinical decision support (CDS) holds promise for proactive, personalized, and precision care. However, current understanding of how to establish trustworthy human-AI partnerships is in its infancy, despite its critical importance for implementing AI in healthcare. We present the Asthma-Guidance and Prediction System (A-GPS) as a case study of a practice-integrated AI platform that demonstrates how trustworthy, generalizable and sustainable AI can be developed, evaluated, and implemented in real-world asthma care. We describe major challenges and solutions based on our real-world experience during the process and offer the practical framework, approaches, tools and workflow for implementing trustworthy, generalizable and sustainable AI in frontline practices. While A-GPS is an asthma-specific AI tool, it was built on top of a disease-agnostic electronic health record (EHR)-integrated clinical decision support (CDS) platform based on an Application Programming Interface (API)‑first backbone of reusable services. It was designed to reduce chart-review/processing burden and enable proactive, guideline-concordant asthma management by synthesizing fragmented longitudinal multimodal data into a clinical decision-relevant summary at the point of care. A-GPS platform integrates multiple natural language processing (NLP) algorithms to leverage free texts info in EHRs, machine learning model to offer risk stratification, and remote patient monitoring (RPM) approaches to capture real-time data from patients, enabling remote asthma (chronic disease) care. The platform has been deployed via Substitutable Medical Applications and Reusable Technologies-on-Fast Healthcare Interoperability Resources (SMART-on-FHIR) to ensure in-workflow delivery and maintainable governance making it flexible and interoperable across different EHRs systems and different chronic diseases. The translational maturity of A-GPS as an AI-powered CDS tool for pediatric asthma was demonstrated and sustained through engagement and co-design with diverse community and care team partners, including adult and pediatric Community Advisory Board, pediatric patients and their parents, clinicians (primary care providers and specialists), nurses, schedulers, as well as bioethicists and regulatory experts. Moreover, the tool was evaluated in two randomized clinical trial (RCT)s. The first trial showed a 67% reduction in clinicians' EHR review time, high clinician satisfaction, potential healthcare cost savings, fairness in model performance, and no adverse events. Trustworthiness was further assessed and supported through fairness evaluation by participant socioeconomic status (SES) using the HOUsing-based SocioEconomic Status (HOUSES) index, human-centered user interface/user experience (UI/UX) analysis, clinician workflow optimization, transparent governance practices, and best practices for regulatory science. The A-GPS experience operationalizes a reproducible, lifecycle-governed framework for generating decision-grade evidence on safety, effectiveness, usability, fairness, and workflow integration, directly addressing the translational gap between AI model development and trustworthy, sustainable deployment in real-world clinical environments. These efforts led to national recognitions, including invitation to the inaugural American Medical Informatics Association (AMIA) AI Showcase, and AI evaluation use case for a national health AI coalition. The second RCT evaluated the feasibility of integrating a remote patient monitoring (RPM) device (home spirometry) into the A-GPS platform, with a published RCT protocol that serves as a framework for RCT for evaluating AI models under the Standard Protocol Items: Recommendations for Interventional Trials (SPIRIT) guidelines for RCTs that evaluate AI tools, offering the practical framework, approaches, tools, and workflow for trustworthy, generalizable and sustainable AI tools in asthma care. This work illustrates how team science, community engagement, implementation science, and learning health system principles can be operationalized to establish a human-AI partnership model to advance translational science and clinical care, with the goal of improving health for all.",2026,2026,Journal of the National Medical Association,Journal of the National Medical Association,10.1016/j.jnma.2026.04.001,https://pubmed.ncbi.nlm.nih.gov/42128801/,"['Artificial intelligence', 'Asthma', 'Clinical decision support systems', 'Health equity', 'Implementation science', 'Learning health systems']",[],"['Chung-Il Wi', 'Shauna Overgaard', 'Momin Malik', 'Dave Watson', 'Deepak Sharma', 'Jennifer Le-Rademacher', 'Dan Kelleher', 'Lu Zheng', 'Joshua Ohde', 'Brian Lynch', 'Ashwani Khurana', 'Sunghwan Sohn', 'Mahmoud M AlJuhani', 'Chris Carpenter', 'Manuel Arteta', 'Jason Greenwood', 'Martha Hartz', 'Randy Foss', 'Elif Polat', 'Imad Absah', 'Carla Davis', 'Meera Gupta', 'Lynnea Myers', 'Björn Nordlund', 'Cui Tao', 'Mark L Wieland', 'Christi Patten', 'Amie Jones', 'Prathibha Varkey', 'Brenna T Loufek', 'David E Vidal', 'Nari Gopala', 'Eric Klee', 'Vijay H Shah', 'John D Halamka', 'Matthew R Callstrom', 'Nicholas L Rider', 'Hongfang Liu', 'Constantin Aliferis', 'Vesna D Garovic', 'Young J Juhn']",42128801,Journal of the National Medical Association. 2026 May 13. doi: 10.1016/j.jnma.2026.04.001.,14-05-2026,,,Chung-Il Wi,Journal of the National Medical Association. 2026 May 13. doi: 10.1016/j.jnma.2026.04.001.
Using a Digital-Based Mindfulness Curriculum to Enhance Healthy Aging Outcomes in Community-Dwelling Older Adults in Taiwan: Mixed Methods Feasibility Study.,"Taiwan's status as a super-aged society underscores the need for efficient strategies to promote healthy aging. While the benefits of mindfulness-based interventions for sleep and mental health are evident, there is a shortage of cultural adaptations for Taiwan's older adults. Current courses mainly focus on mindfulness-based stress reduction, while neglecting mindfulness-based elder care, and mindful sustainable aging principles. However, the abstract nature of some mindfulness concepts, combined with limited digital support and localized resources, makes it challenging for older adults to engage effectively.",2026,2026,JMIR human factors,JMIR human factors,10.2196/84161,https://pubmed.ncbi.nlm.nih.gov/42127410/,"['Delphi method', 'digital learning', 'healthy aging', 'mindfulness', 'mixed methods', 'older adults']","['Humans', 'Mindfulness', 'Taiwan', 'Aged', 'Female', 'Feasibility Studies', 'Male', 'Healthy Aging', 'Independent Living', 'Curriculum', 'Aged, 80 and over', 'Middle Aged', 'Pilot Projects']","['Yu-Rung Wang', 'Pei-Lun Hsieh', 'Chia-Hsiu Chang', 'Chia-Chi Hsiao', 'Mei-Lien Hu']",42127410,JMIR human factors. 2026 May 13. 13:e84161. doi: 10.2196/84161.,13-05-2026,PMC13170997,,Yu-Rung Wang,JMIR human factors. 2026 May 13. 13:e84161. doi: 10.2196/84161.
Establishment and Comparison of High-Throughput Immunoassays for Quantifying Clostridioides difficile Infection Biomarkers.,"Clostridioides difficile infection (CDI) is the leading cause of healthcare-associated diarrhea, most often occurring after antibiotic exposure. In this study, we established three immunoassays: indirect enzyme-linked immunosorbent assay (ELISA), sandwich ELISA, and fluorescence-linked immunosorbent assay (FLISA), using antibodies specific to the major virulence factors, toxin A (TcdA) and toxin B (TcdB). Indirect ELISA demonstrated high specificity with an overall assay time within 21 h, achieving sensitive detection of both toxins. Although more time- and resource-intensive (22 h), sandwich ELISA is advantageous for applications where pre-coated plates or ready-to-use membranes can reduce assay time. FLISA, using optimized fluorescent dye-conjugated antibodies, offered the most rapid workflow and simplest preparation, with potential for multiplex detection, though its sensitivity was lower than that of ELISA. All three assays were implemented in a 96-well plate format, which supported parallel sample processing, reduced turnaround times, and offered scalability for high-throughput applications. Depending on assay requirements, such as analytical sensitivity, turnaround time, and cost-effectiveness, these methods provide complementary approaches for the detection of TcdA and TcdB.",2026,2026,Biotechnology journal,Biotechnology journal,10.1002/biot.70238,https://pubmed.ncbi.nlm.nih.gov/42125966/,"['Clostridioides difficile infection', 'ELISA', 'FLISA', 'antibody', 'immunoassay']","['Clostridioides difficile', 'Bacterial Toxins', 'Enzyme-Linked Immunosorbent Assay', 'Bacterial Proteins', 'Enterotoxins', 'Clostridium Infections', 'Biomarkers', 'Humans', 'High-Throughput Screening Assays', 'Sensitivity and Specificity', 'Immunoassay']","['Hanool Yun', 'Na-Hyeon Kwon', 'Minhee Kang', 'Tae Yeul Kim', 'Hee-Jin Jeong']",42125966,Biotechnology journal. 2026 May. 21(5):e70238. doi: 10.1002/biot.70238.,13-05-2026,,,Hanool Yun,Biotechnology journal. 2026 May. 21(5):e70238. doi: 10.1002/biot.70238.
"Multidisciplinary Stakeholder Perspectives on the Design Needs of a Smart Walker for Fall Prevention Among Older Adults: A Qualitative Study in West Java, Indonesia.","Falls among older adults remain a critical patient safety concern globally. Conventional walkers frequently fail to accommodate end-user needs, particularly in low-to-middle-income country (LMIC) settings. Understanding stakeholder design requirements is essential for developing contextually appropriate, technology-enhanced assistive devices.",2026,2026,Journal of multidisciplinary healthcare,Journal of multidisciplinary healthcare,10.2147/JMDH.S605216,https://pubmed.ncbi.nlm.nih.gov/42125049/,"['allied health', 'assistive technology', 'design thinking', 'fall prevention', 'older adults', 'qualitative research', 'stakeholder perspectives', 'walker']",[],"['Dhika Dharmansyah', 'Laili Rahayuwati', 'Iqbal Pramukti', 'Kuswandewi Mutyara']",42125049,Journal of multidisciplinary healthcare. 2026. 19:605216. doi: 10.2147/JMDH.S605216.,13-05-2026,PMC13158261,,Dhika Dharmansyah,Journal of multidisciplinary healthcare. 2026. 19:605216. doi: 10.2147/JMDH.S605216.
Electrospun Cellulose Acetate Nanofibers for Healthcare Products: Towards Sensing Pads for Endometriosis.,"The need for reliable preventive medicine tools is growing, especially for diseases with long diagnostic delays, such as endometriosis, which can take several years to diagnose. In this context, cellulose acetate nanofibrous membranes were prepared via electrospinning, to create the absorbent core of a smart wearable in the form of a sanitary pad, intended to support electronic diagnostic devices. A multi-layered structure was opted for, with each layer acting in a specific way according to its position within the pad, regarding mainly absorbency and porosity. The membranes were ultralight and highly absorbent, with single membranes showing an absorbency of 20-70 times their initial weight, and multi-layered membranes 15-30 times. Morphological evaluation of the pad was used as the basis for the optimization of the fabrication parameters, while liquid absorption capacity confirmed the pad's high absorbency. Additionally, chemical and toxicological assessments indicated in vitro biocompatibility of the pad. The potential of the electrospinning process in the fabrication of menstrual hygiene pads is shown by these results. Future studies should focus on the integration of smart devices within the pad, as well as their functionality and effectiveness.",2026,2026,Polymers,Polymers,10.3390/polym18091036,https://pubmed.ncbi.nlm.nih.gov/42122666/,"['cellulose acetate', 'electrospinning', 'endometriosis', 'nanofibrous membrane', 'preventive medicine', 'toxicological safety']",[],"['Theofilos Giannopoulos', 'Danai E Prokopiou', 'Elias P Koumoulos']",42122666,Polymers. 2026 Apr 24. 18(9). doi: 10.3390/polym18091036.,13-05-2026,PMC13165042,,Theofilos Giannopoulos,Polymers. 2026 Apr 24. 18(9). doi: 10.3390/polym18091036.
Advanced Sensors for Real-Time Monitoring Applications ‖.,"In the world of electronics, sensors are more than just components-they are the eyes, ears, and touchpoints of modern technology. From self-driving cars that rely on LiDAR and ultrasonic sensors to navigate complex environments, smart watches that detect your every move and heartbeat, to advanced brain chip implants that can sense your thoughts and translate them into physical moves with the assistance of exoskeletons, sensors bridge the gap between the physical world and digital systems. The rapid arrival of advanced Artificial Intelligence (AI) and Large Language Models (LLMs) has transformed almost every part of technology, especially data processing. However, the development of sensors remains a vitally important topic. Sensors form the foundation of innovation in electronics; novel sensors provide reliable data across a broad range of application areas and are a foundation for intelligent systems. Notably, knowing the capabilities and limitations of each sensor type is crucial for selecting the right sensor for a specific application, troubleshooting issues, and optimizing system performance. This book, entitled ""Advanced Sensors for Real-Time Monitoring Applications II"", demonstrates developments of real sensors for a range of applications, including descriptions of fundamental principles of operation, concepts, theory, and practical validation of the results, as well as a review of current state-of-the-art and future directions.",2026,2026,"Sensors (Basel, Switzerland)","Sensors (Basel, Switzerland)",10.3390/s26092703,https://pubmed.ncbi.nlm.nih.gov/42122424/,"['PPG', 'biodegradable implants', 'biopotential', 'healthcare', 'heart rate', 'intelligent transportation systems', 'motion capture', 'photoacoustic spectroscopy', 'remote monitoring', 'residual cancer burden']","['Humans', 'Artificial Intelligence', 'Monitoring, Physiologic', 'Biosensing Techniques']","['Olga Korostynska', 'Alex Mason']",42122424,"Sensors (Basel, Switzerland). 2026 Apr 27. 26(9). doi: 10.3390/s26092703.",13-05-2026,PMC13165885,,Olga Korostynska,"Sensors (Basel, Switzerland). 2026 Apr 27. 26(9). doi: 10.3390/s26092703."
Integrative Multidimensional Machine Learning Models for Stroke Prognosis: Age-Stratified and History Engineered Perspectives.,,2026,2026,"Diagnostics (Basel, Switzerland)","Diagnostics (Basel, Switzerland)",10.3390/diagnostics16091348,https://pubmed.ncbi.nlm.nih.gov/42122050/,"['machine learning', 'multidimensional analysis', 'prognosis', 'stroke']",[],"['Gawon Lee', 'Sunyoung Kwon', 'Seung-Ho Shin', 'Chulho Kim', 'Jae Yong Yu']",42122050,"Diagnostics (Basel, Switzerland). 2026 Apr 29. 16(9). doi: 10.3390/diagnostics16091348.",13-05-2026,PMC13163306,,Gawon Lee,"Diagnostics (Basel, Switzerland). 2026 Apr 29. 16(9). doi: 10.3390/diagnostics16091348."
Toward Intelligent Emergency Triage: A Feasibility Study of Real-Time Facial Expression-Based Chest Pain Intensity Assessment.,,2026,2026,"Diagnostics (Basel, Switzerland)","Diagnostics (Basel, Switzerland)",10.3390/diagnostics16091346,https://pubmed.ncbi.nlm.nih.gov/42122048/,"['YOLO', 'deep learning', 'expression recognition', 'face detection', 'image recognition']",[],"['Yu-Tse Tsan', 'Rita Wiryasaputra', 'Yi-Jun Hsieh', 'Qi-Xiang Zhang', 'Hsing-Hung Liu', 'Chao-Tung Yang']",42122048,"Diagnostics (Basel, Switzerland). 2026 Apr 29. 16(9). doi: 10.3390/diagnostics16091346.",13-05-2026,PMC13163485,,Yu-Tse Tsan,"Diagnostics (Basel, Switzerland). 2026 Apr 29. 16(9). doi: 10.3390/diagnostics16091346."
Metabolomic Biomarkers for Monitoring Tuberculosis Treatment Response: A Comprehensive Literature Review.,"Tuberculosis (TB) remains a major global cause of morbidity and mortality. Current tools for monitoring treatment response rely on sputum-based microscopy and culture, which are often insensitive, time-consuming, and impractical in extrapulmonary or pediatric TB and in individuals unable to produce sputum. Metabolomics has emerged as a promising approach for identifying host-derived biomarkers that reflect treatment-associated immunometabolic changes; however, the available evidence remains heterogeneous and has not been comprehensively synthesized. We conducted a comprehensive literature review of human studies evaluating metabolomic biomarkers in relation to TB treatment response or outcomes. PubMed, Scopus, and EMBASE were searched for human studies evaluating targeted or untargeted metabolomics (NMR, LC-MS, GC-MS, CE-MS) in relation to treatment response or outcomes. Two reviewers independently screened studies, extracted data, and assessed risk of bias using QUIPS and PROBAST. Findings were synthesized using a structured framework organized across treatment stages and outcomes. Of 218 records identified, 139 titles and abstracts were screened and 42 full texts assessed; 15 studies met the inclusion criteria. Recurrent treatment-associated signals involved amino acid metabolism, particularly the tryptophan-kynurenine pathway, as well as vitamin and cofactor metabolites (pyridoxate, nicotinamide, trigonelline). Plasma studies frequently reported lipid remodeling and bile acid perturbations, whereas urine studies highlighted polyamine metabolism (e.g., N",2026,2026,"Diagnostics (Basel, Switzerland)","Diagnostics (Basel, Switzerland)",10.3390/diagnostics16091278,https://pubmed.ncbi.nlm.nih.gov/42121982/,"['biomarkers', 'metabolomics', 'treatment outcome', 'treatment response', 'tuberculosis']",[],"['Hien Thi Thu Nguyen', 'Tuong Khanh Bui-Nguyen', 'Chi Que Nguyen', 'Hanh Thi My Dinh', 'Trang Khanh Tran', 'Nhung Thi Thuy Hoang', 'Huong Minh Nguyen', 'Vang Le-Quy', 'Alexei Korobitsyn', 'Linh Nhat Nguyen']",42121982,"Diagnostics (Basel, Switzerland). 2026 Apr 23. 16(9). doi: 10.3390/diagnostics16091278.",13-05-2026,PMC13162725,,Hien Thi Thu Nguyen,"Diagnostics (Basel, Switzerland). 2026 Apr 23. 16(9). doi: 10.3390/diagnostics16091278."
Living Alone as a Persistent Risk Factor for Smoking and High-Risk Drinking: A Three-Year Repeated Cross-Sectional Analysis Before and During the COVID-19 Pandemic in the Republic of Korea.,,2026,2026,"Healthcare (Basel, Switzerland)","Healthcare (Basel, Switzerland)",10.3390/healthcare14091251,https://pubmed.ncbi.nlm.nih.gov/42121692/,"['COVID-19', 'Republic of Korea', 'high-risk drinking', 'single-person household', 'smoking']",[],['Sarang Jang'],42121692,"Healthcare (Basel, Switzerland). 2026 May 06. 14(9). doi: 10.3390/healthcare14091251.",13-05-2026,PMC13163507,,Sarang Jang,"Healthcare (Basel, Switzerland). 2026 May 06. 14(9). doi: 10.3390/healthcare14091251."
Usage Intention Toward an Interactive Smart Mirror Exercise Program Among Community-Dwelling Older Adults: An Application of the Decomposed Theory of Planned Behavior.,,2026,2026,"Healthcare (Basel, Switzerland)","Healthcare (Basel, Switzerland)",10.3390/healthcare14091120,https://pubmed.ncbi.nlm.nih.gov/42121563/,"['advanced display technology', 'decomposed theory of planned behavior', 'exercise technology', 'health promotion', 'older adults', 'technology acceptance']",[],"['Yih-Ming Weng', 'Gia-Wei Chang', 'Meng-Siew Hii', 'Hsiu-Chun Chien', 'Jong-Long Guo']",42121563,"Healthcare (Basel, Switzerland). 2026 Apr 22. 14(9). doi: 10.3390/healthcare14091120.",13-05-2026,PMC13164063,,Yih-Ming Weng,"Healthcare (Basel, Switzerland). 2026 Apr 22. 14(9). doi: 10.3390/healthcare14091120."
Machine learning-driven adaptive parameter selection for homomorphic encryption in edge computing.,"The rapid proliferation of Internet of Things (IoT) devices and edge computing infrastructures has intensified concerns regarding data security and privacy, particularly when sensitive information is processed beyond centralized cloud environments. Homomorphic encryption (HE) offers a compelling solution by enabling computations directly on encrypted data; however, its substantial computational overhead continues to limit deployment in latency-sensitive edge applications. This paper presents a machine learning-driven framework designed to enhance the practicality of homomorphic encryption for intelligent edge environments. Our approach integrates gradient boosting optimization with the Cheon-Kim-Kim-Song (CKKS) encryption scheme to dynamically adjust cryptographic parameters in response to varying workload characteristics. We develop rigorous mathematical foundations, including formal optimization models, complexity analysis, and security proofs grounded in the Ring Learning With Errors (RLWE) assumption. We validate our framework through comprehensive experiments on the Heart Failure Prediction dataset from the UCI Machine Learning Repository, employing an expanded parameter space spanning 20 configurations across polynomial degrees from 4096 to 16,384, with security levels validated using the Albrecht-Player-Scott lattice-estimator methodology. The empirical results demonstrate substantial improvements over a conservative static baseline: latency reduction of 53.09%, throughput enhancement of 285.28%, and energy savings of 72.53%, all while maintaining computational accuracy above 0.999 and cryptographic security guarantees of at least 128 bits. Statistical analysis confirms the significance of these improvements with a p-value of [Formula: see text] and a large effect size (Cohen's [Formula: see text]). Five-fold cross-validation confirms model generalisability ([Formula: see text]). Furthermore, we provide interpretability analysis through SHAP (SHapley Additive exPlanations) values to elucidate the ML optimizer's decision-making process, addressing concerns about transparency in automated cryptographic systems. Crucially, unlike simple heuristic baselines that may sacrifice computational accuracy for speed, our ML optimizer enforces accuracy as a hard constraint, ensuring reliable results in safety-critical applications. This work offers both theoretical rigor and empirical validation, demonstrating that machine learning-enhanced homomorphic encryption can serve as an effective and secure solution for edge computing applications in healthcare, industrial IoT, and smart city domains.",2026,2026,Scientific reports,Scientific reports,10.1038/s41598-026-52587-4,https://pubmed.ncbi.nlm.nih.gov/42120489/,"['CKKS scheme', 'Edge security', 'Gradient boosting optimization', 'Homomorphic encryption', 'IoT security', 'Machine learning', 'Privacy-preserving computation']",[],"['Hamid El Bouabidi', 'Mohamed El Ghmary', 'Salah Eddine Hebabaze', 'Mohamed Amnai']",42120489,Scientific reports. 2026 May 12. doi: 10.1038/s41598-026-52587-4.,13-05-2026,,,Hamid El Bouabidi,Scientific reports. 2026 May 12. doi: 10.1038/s41598-026-52587-4.
Zinc-integrated strategies in active periodontal therapy: Mapping the evidence to the EFP stepwise framework - A scoping review (2020-2025).,"Periodontitis is a significant global health burden, requiring effective management strategies to prevent tooth loss. The European Federation of Periodontology (EFP) S3-level clinical practice guidelines (2020) advocate a comprehensive, stepwise therapeutic approach to periodontal therapy, emphasizing the need for effective adjunctive regenerative modalities to limit the disease progression. Zinc, a trace element with well-established anti-inflammatory, antimicrobial and regenerative properties, has drawn significant attention in this domain. However, its diverse applications across the modern therapeutic protocols remain unmapped.",2026,2026,Journal of trace elements in medicine and biology : organ of the Society for Minerals and Trace Elements (GMS),Journal of trace elements in medicine and biology : organ of the Society for Minerals and Trace Elements (GMS),10.1016/j.jtemb.2026.127879,https://pubmed.ncbi.nlm.nih.gov/42119479/,"['Bone regeneration', 'EFP framework', 'Oral care', 'Periodontitis', 'Scoping review', 'Tissue engineering', 'Zinc']",[],"['Farhana Sikder', 'Rathna Devi Vaithilingam', 'Mohammad Tariqur Rahman', 'Jazli Aziz']",42119479,Journal of trace elements in medicine and biology : organ of the Society for Minerals and Trace Elements (GMS). 2026 May 07. 95:127879. doi: 10.1016/j.jtemb.2026.127879.,13-05-2026,,,Farhana Sikder,Journal of trace elements in medicine and biology : organ of the Society for Minerals and Trace Elements (GMS). 2026 May 07. 95:127879. doi: 10.1016/j.jtemb.2026.127879.
A smart closed-loop microneedle system for self-regulated blood glucose management.,"In modern medicine, glycemic control is critical for the health of individuals with diabetes. Over decades of care, patients with diabetes have relied on glucose meters for monitoring and on insulin or adjunct hypoglycemic agents for glycemic control. Frequent blood sampling and injections increase infection risk, restrict patient mobility, and generate substantial single-use medical waste. We present a simple, user-friendly closed-loop blood-glucose management system. The system integrates a highly sensitive glucose sensor and a controllable drug-release module within a dual-mode microneedle array, coupled with a miniature electrochemical workstation, thereby enabling dynamic glucose monitoring, precise drug delivery, and stable glycemic control with minimal patient intervention. The system's design demonstrates potential for achieving closed-loop glucose management. Preliminary proof-of-concept studies in diabetic mouse models yielded positive trends in relevant data. This work establishes an engineering framework integrating dual-mode microneedle devices with portable bioelectronic devices, providing a technical foundation for future mid-to-long-term closed-loop glucose management.",2026,2026,Biosensors & bioelectronics,Biosensors & bioelectronics,10.1016/j.bios.2026.118561,https://pubmed.ncbi.nlm.nih.gov/42119159/,"['Blood glucose management', 'Closed-loop system', 'Microneedles', 'Wearable microneedle drug delivery system', 'Wearable microneedle sensor']","['Animals', 'Blood Glucose', 'Biosensing Techniques', 'Humans', 'Microneedle Drug Delivery', 'Blood Glucose Self-Monitoring', 'Equipment Design', 'Mice', 'Needles', 'Insulin', 'Hypoglycemic Agents', 'Drug Delivery Systems']","['Xue Wang', 'Lin He', 'Zihan Li', 'Zongqian Hu']",42119159,Biosensors & bioelectronics. 2026 Sep 15. 308:118561. doi: 10.1016/j.bios.2026.118561.,12-05-2026,,,Xue Wang,Biosensors & bioelectronics. 2026 Sep 15. 308:118561. doi: 10.1016/j.bios.2026.118561.
Preferences and Willingness to Pay for Smart Bracelets Among Chinese Pregnant and Postpartum Women: Discrete Choice Experiment.,"Pregnant and postpartum women encounter various health challenges, including physiological stress and mental health issues, which necessitate ongoing health monitoring. Smart bracelets present a promising solution; however, there is limited research on the preferences and willingness to pay (WTP) for such devices among this demographic.",2026,2026,Journal of medical Internet research,Journal of medical Internet research,10.2196/55941,https://pubmed.ncbi.nlm.nih.gov/42119135/,"['discrete choice experiment', 'pregnant and postpartum women', 'smart bracelets', 'willingness to pay', 'women’s health']","['Humans', 'Female', 'Pregnancy', 'Adult', 'China', 'Cross-Sectional Studies', 'Postpartum Period', 'Patient Preference', 'Choice Behavior', 'Pregnant People', 'Wearable Electronic Devices', 'East Asian People']","['Jing Wang', 'Mingyue Cheng', 'Jialiang Feng', 'Wenzhuo Li', 'Xiaotao Zhou', 'Yufang Cao', 'Haiyan Feng', 'Fan Yang', 'Xiaoyun Wang', 'Yibo Wu']",42119135,Journal of medical Internet research. 2026 May 12. 28:e55941. doi: 10.2196/55941.,12-05-2026,PMC13167057,,Jing Wang,Journal of medical Internet research. 2026 May 12. 28:e55941. doi: 10.2196/55941.
Radioiodinated compound FJR01: a novel P2X7R-targeted SPECT tracer for visualizing glioma-associated microglia/macrophages in a rat glioblastoma model.,"The P2X7 receptor (P2X7R) is an imaging biomarker of glioblastoma-associated microglia/macrophages (GAMMs), yet no SPECT tracer is currently available for GAMM imaging. Guided by the high-affinity P2X7R scaffold JNJ-64413739 and molecular docking, we designed two radioiodination-ready analogues, FJR01 and FJR02. Compounds were screened",2026,2026,Journal of enzyme inhibition and medicinal chemistry,Journal of enzyme inhibition and medicinal chemistry,10.1080/14756366.2026.2659995,https://pubmed.ncbi.nlm.nih.gov/42113227/,"['P2X7 receptor (P2X7R)', 'glioblastoma', 'glioblastoma-associated microglia and macrophages (GAMMs)', 'single photon emission computed tomography (SPECT)', 'tumor microenvironment']","['Animals', 'Receptors, Purinergic P2X7', 'Tomography, Emission-Computed, Single-Photon', 'Glioblastoma', 'Rats', 'Humans', 'Iodine Radioisotopes', 'Microglia', 'Mice', 'Molecular Structure', 'Macrophages', 'Dose-Response Relationship, Drug', 'Structure-Activity Relationship', 'Radiopharmaceuticals', 'Tissue Distribution', 'Brain Neoplasms', 'Disease Models, Animal', 'Molecular Docking Simulation', 'Glioma']","['Xiyan Rui', 'Shengxuan Sun', 'Yuzhou Ding', 'Yanshan Li', 'Xinran Zhao', 'Fangfei Hu', 'Zijian Zhou', 'Nailian Zhang', 'Chuyi Zhang', 'Chao Cheng', 'Bin Ji']",42113227,Journal of enzyme inhibition and medicinal chemistry. 2026 Dec. 41(1):2659995. doi: 10.1080/14756366.2026.2659995.,11-05-2026,PMC13162550,,Xiyan Rui,Journal of enzyme inhibition and medicinal chemistry. 2026 Dec. 41(1):2659995. doi: 10.1080/14756366.2026.2659995.
Health System Factors in Head and Neck Cancer Diagnosis: A HEADSpAcE Consortium Qualitative Study in Glasgow and Montevideo.,"Head and neck cancer (HNC) is a devastating diagnosis, with advanced-stage disease leading to poorer outcomes. This qualitative study aimed to identify health system factors associated with stage of HNC diagnosis.",2026,2026,Head & neck,Head & neck,10.1002/hed.70262,https://pubmed.ncbi.nlm.nih.gov/42108400/,"['head and neck cancer', 'health systems', 'qualitative methods']",[],"['Grant Creaney', 'Iván Lyra González', 'Mauricio Cuello', 'Mariél de Aquino Goulart', 'Alex D McMahon', 'Claire Paterson', 'James McCaul', 'Maja Popovic', 'Lorenzo Richiardi', 'Silvia Lopez de Blanc', 'Maria Paula Curado', 'Marta Vilensky', 'HEADSpAcE Consortium', 'Shaymaa Alwaheidi', 'Paul Brennan', 'Shama Virani', 'Al Ross', 'David I Conway']",42108400,Head & neck. 2026 May 10. doi: 10.1002/hed.70262.,11-05-2026,,,Grant Creaney,Head & neck. 2026 May 10. doi: 10.1002/hed.70262.
Myricetin alleviates Vibrio vulnificus elastase-induced autophagy and apoptosis in human intestinal epithelial cells via inhibition of NF-κB-mediated signaling.,"Myricetin, a naturally occurring flavonoid abundant in fruits, vegetables, and medicinal plants, is widely recognized for its strong antioxidant, anti-inflammatory, and anti-cancer activities. However, its regulatory effect on cellular signaling pathways activated by Vibrio (V.) vulnificus cytotoxins has not been fully elucidated. In this study, we investigated the cellular mechanism by which myricetin modulates cytotoxic autophagy induced by the V. vulnificus elastase VvpE in human gastrointestinal epithelial HT-29 cells. Treatment with recombinant VvpE (rVvpE) significantly induced autophagy-dependent cell death in HT-29 cells. Notably, myricetin treatment attenuated this effect by suppressing intracellular reactive oxygen species (ROS) accumulation. The reduction of ROS by myricetin inhibited the subsequent activation of c-Src and protein kinase C (PKC), thereby blocking p38 MAPK phosphorylation in rVvpE-exposed cells. Moreover, myricetin abrogated the activation of nuclear factor-kappa B (NF-κB), leading to downregulation of LC3-II and cleaved caspase-3 expression-key markers of autophagic and apoptotic cell death. Collectively, these findings highlight myricetin as a promising antibiotic-free therapeutic candidate capable of modulating host cellular responses to V. vulnificus infection by targeting the ROS-c-Src-PKC-MAPK-NF-κB signaling axis.",2026,2026,Toxicon : official journal of the International Society on Toxinology,Toxicon : official journal of the International Society on Toxinology,10.1016/j.toxicon.2026.109147,https://pubmed.ncbi.nlm.nih.gov/42107546/,"['Autophagy', 'Cell death', 'Myricetin', 'V. vulnificus', 'VvpE']","['Humans', 'Flavonoids', 'Apoptosis', 'Autophagy', 'Vibrio vulnificus', 'Signal Transduction', 'NF-kappa B', 'HT29 Cells', 'Reactive Oxygen Species', 'Pancreatic Elastase', 'Epithelial Cells']","['Ju-Yeon Lee', 'Ji-Su Bai', 'Yong Li', 'Won-Kyo Jung', 'Jae-Young Je', 'Sei-Jung Lee']",42107546,Toxicon : official journal of the International Society on Toxinology. 2026 Sep 01. 279:109147. doi: 10.1016/j.toxicon.2026.109147.,11-05-2026,,,Ju-Yeon Lee,Toxicon : official journal of the International Society on Toxinology. 2026 Sep 01. 279:109147. doi: 10.1016/j.toxicon.2026.109147.
Design and evaluation of a bifunctional fusion polypeptide for targeted delivery of tigecycline against drug-resistant Klebsiella pneumoniae.,"The overuse of antibiotics and the continuous evolution of drug-resistant bacteria present substantial obstacles to the clinical treatment of Carbapenem-resistant Klebsiella pneumoniae (CRKP) infections. This study reports the rational design of a bifunctional fusion polypeptide, S-thanatin (Ts)-functionalized elastin-like carrier (Ts-ELP), which integrates the antimicrobial peptide (AMP) Ts with a human-derived elastin‑like polypeptides (ELPs). This designer polypeptide serves as a smart carrier, capable of efficiently encapsulating the broad-spectrum antibiotic tigecycline (Tig) via reversible temperature-responsive phase transition hydrophobic interaction, resulting in a self-assembled, targeted nano-antibiotic, Tig@Ts-ELP (Tig@TsE). Comprehensive in vitro and in vivo evaluations demonstrate that Tig@TsE exhibits multiple advantageous features, including rapid and simple preparation, specific lipopolysaccharide (LPS)-targeting capability, excellent in vivo targeted delivery efficiency, and dual-responsive drug release triggered by the acidic pH and elevated matrix metalloproteinase-9 (MMP-9) levels in the CRKP-infected microenvironment, coupled with favorable biocompatibility. Moreover, the Ts peptide and Tig exhibit marked synergistic antibacterial effects against CRKP. This innovative nano-antibiotic delivery system is designed to increase local drug concentration at the infection site, boost bactericidal activity, and reduce systemic toxicity, thereby presenting a promising therapeutic strategy for the treatment of drug-resistant bacterial pneumonia.",2026,2026,Journal of nanobiotechnology,Journal of nanobiotechnology,10.1186/s12951-026-04497-w,https://pubmed.ncbi.nlm.nih.gov/42106854/,"['Dual-responsive', 'Elastin-like carrier', 'Nano-antibiotic', 'Synergistic antibacterial', 'Targeted delivery']",[],"['Meiling Zhou', 'Yuming Yao', 'Shuo Ma', 'Yaya Chen', 'GuliNazhaer Abudushalamu', 'Dawen Chen', 'Xiao Li', 'Yan Tao', 'Yue Hou', 'Xun Gao', 'Fengfeng Zhao', 'Chen Zhang', 'Hua Shao', 'Guoqiu Wu']",42106854,Journal of nanobiotechnology. 2026 May 09. doi: 10.1186/s12951-026-04497-w.,10-05-2026,,,Meiling Zhou,Journal of nanobiotechnology. 2026 May 09. doi: 10.1186/s12951-026-04497-w.
Characteristics and regional distribution of radiographers in Saudi Arabia: a national cross-sectional study.,"Radiographers play vital roles in diagnostics and therapeutic healthcare. Despite ongoing health sector reforms in Saudi Arabia, comprehensive national data on the radiographer workforce remain limited. This study aimed to examine the characteristics and distribution of radiographers in Saudi Arabia by identifying their demographic patterns, educational qualifications, and employment distribution across healthcare sectors and regions.",2026,2026,BMC health services research,BMC health services research,10.1186/s12913-026-14670-4,https://pubmed.ncbi.nlm.nih.gov/42106755/,"['Radiography', 'Saudi Arabia', 'Saudi vision 2030', 'Workforce distribution', 'Workforce planning']",[],['Jaber Hussain Alsalah'],42106755,BMC health services research. 2026 May 09. doi: 10.1186/s12913-026-14670-4.,10-05-2026,,,Jaber Hussain Alsalah,BMC health services research. 2026 May 09. doi: 10.1186/s12913-026-14670-4.
Enhancing privacy preservation and integrity in IoT-enabled wireless sensor networks through novel advanced cryptographic techniques.,"This study presents a novel hybrid cryptographic model designed to enhance privacy preservation and data integrity in IoT-enabled Wireless Sensor Networks (WSNs). Traditional algorithms such as RSA, AES, and Blowfish are evaluated and combined into a Hybrid Model to address the resource-constrained nature of IoT devices. The proposed model was tested on a dataset of sensor data, with performance metrics including encryption/decryption time, security strength, memory usage, data throughput, and communication overhead. Numerical findings demonstrate the Hybrid Model's superior performance, with encryption time reduced by 18% compared to Advanced Encryption Standard (AES), The hybrid model employs RSA-2048 (112-bit security strength) for key exchange and AES-256/Blowfish for data encryption (256-bit confidentiality protection). The memory usage was optimized, requiring only 25.16 KB, making it suitable for low-power IoT devices. Additionally, the Hybrid Model achieved a data throughput of 24.89 KB/s and reduced communication overhead to 1.32 KB. These results highlight the efficiency and robustness of the Hybrid Model in securing IoT-enabled WSNs. This research contributes a scalable, resource-efficient solution for privacy and data integrity, offering a promising advancement for real-time IoT applications in sectors such as healthcare, industrial automation, and smart homes.",2026,2026,Scientific reports,Scientific reports,10.1038/s41598-026-48128-8,https://pubmed.ncbi.nlm.nih.gov/42106393/,"['Cryptography', 'Privacy preserving', 'Sensor nodes', 'WSN']",[],"['Halima Sadia', 'Taj Rahman', 'Asif Rahim', 'Inayat Khan', 'Najeeb Ullah', 'Shabbab Ali Algamdi']",42106393,Scientific reports. 2026 May 09. doi: 10.1038/s41598-026-48128-8.,10-05-2026,,,Halima Sadia,Scientific reports. 2026 May 09. doi: 10.1038/s41598-026-48128-8.
"Comparison of gluteus maximus, biceps femoris, and multifidus muscle activity of prone hip extension with and without reciprocal inhibition in healthy individuals.","BackgroundProne hip extension (PHE) is commonly used in rehabilitation to selectively activate the gluteus maximus (GM) and enhance lumbopelvic stability. However, excessive activity of the biceps femoris (BF) during PHE often interferes with efficient GM recruitment. The application of reciprocal inhibition (RI) might be suggested as a potential solution.ObjectiveThis study aimed to investigate the effects of applying RI with and without non-elastic band resistance during PHE with 90° knee flexion on the muscle activity and activity ratio of the GM, BF, and multifidus (MF).MethodsTwenty healthy male individuals performed PHE exercises under two conditions: with and without RI using a non-elastic band. Surface electromyography (sEMG) was used to assess the activity levels of GM, BF, and MF, and to calculate the GM/BF and MF/BF activity ratios. Paired t-tests were conducted for statistical analysis.ResultsCompared with the condition without RI, GM activity increased from 32 to 37.47%MVIC (p = 0.02), and the GM/BF ratio increased from 1.19 to 2.13 (p = 0.001), whereas BF activity decreased from 29.26 to 19.87%MVIC (p = 0.001). No significant difference was observed in MF activity between conditions (Rt_MF: p = 0.86, Lt_MF: p = 0.5).ConclusionApplying RI during PHE effectively enhances selective activation of the GM while reducing compensatory BF activity. These findings suggest that RI-based exercise can be recommended as an effective strategy for target muscle activity in clinical settings.",2026,2026,Journal of back and musculoskeletal rehabilitation,Journal of back and musculoskeletal rehabilitation,10.1177/10538127261449360,https://pubmed.ncbi.nlm.nih.gov/42105100/,"['Biceps femoris', 'gluteus maximus', 'prone hip extension', 'reciprocal inhibition']",[],"['Tae-Jin Jang', 'In-Cheol Jeon']",42105100,Journal of back and musculoskeletal rehabilitation. 2026 May 09. 10538127261449360. doi: 10.1177/10538127261449360.,10-05-2026,,,Tae-Jin Jang,Journal of back and musculoskeletal rehabilitation. 2026 May 09. 10538127261449360. doi: 10.1177/10538127261449360.
Exploring cross-city hospital visiting trips for medical service evaluation in urban agglomeration areas based on automobile navigation data.,"Understanding the supply-demand relationship of medical services is essential for regional planning. Existing city-scale studies typically exclude cross-city flows, whereas national-scale studies often overlook intra-city heterogeneity. In urban agglomerations, healthcare resources and transport infrastructure are usually planned by cities, although patients may cross city boundaries to seek care. The implications of cross-city trips for regional medical services remain insufficiently understood. Taking the Pearl River Delta as a case, this study investigates cross-city hospital visiting trips and their implications for medical service evaluation.",2026,2026,BMC health services research,BMC health services research,10.1186/s12913-026-14649-1,https://pubmed.ncbi.nlm.nih.gov/42104356/,"['Cross-city hospital visiting trips', 'Medical service evaluation', 'Pearl River Delta', 'Population–hospital network', 'Spatial accessibility', 'Urban agglomeration']",[],"['Xi Yu', 'Zhengdong Huang', 'Renzhong Guo', 'Jizhe Xia', 'Sa Ma']",42104356,BMC health services research. 2026 May 08. doi: 10.1186/s12913-026-14649-1.,09-05-2026,,,Xi Yu,BMC health services research. 2026 May 08. doi: 10.1186/s12913-026-14649-1.
"[Perspectives, Action Strategies, and Approaches for Climate-Resilient and Low-Greenhouse-Gas Healthcare].","Die Auswirkungen des Klimawandels auf die Gesundheit, die Gesundheitsversorgung und das Gesundheitssystem stellen eine zentrale Herausforderung unserer Zeit dar. Vor diesem Hintergrund entstand dieses Positionspapier, das Perspektiven, Handlungsstrategien und Lösungsansätze für eine klimaresiliente und treibhausgasarme Gesundheitsversorgung aufzeigt. Das Papier wurde in Kooperation mit Vertreter:innen aus Fachgesellschaften, Arbeitsgruppen, Vereinen und Institutionen mit Expertise zum Thema entwickelt und intensiv diskutiert. Das Positionspapier ist das Ergebnis eines breiten Konsensprozesses mit Beteiligten unterschiedlicher Disziplinen, erhebt jedoch keinen Anspruch auf Vollständigkeit und spiegelt den derzeit aktuellen Stand der Diskussionen wider. Das Positionspapier adressiert sechs zentrale Themenfelder: (1) Transformative Forschung, (2) Forschungsförderung und -vernetzung, (3) Datenzugang und -verknüpfung, (4) Bildungs- und Informationsmöglichkeiten, (5) Prävention, Mitigation und Adaptation sowie (6) Nachhaltigkeit bzw. Klimaneutralität im Gesundheits- und Forschungssektor. Das Positionspapier ruft zu einer engen Zusammenarbeit, Mut und Entscheidungswillen auf Seiten von Wissenschaft, Politik und Gesellschaft auf, um ein zukunfts- und widerstandsfähiges Gesundheitssystem zu schaffen, das den Herausforderungen des Klimawandels gewachsen ist und diesem entgegenwirkt. Es dient als Ausgangspunkt für weitere Diskussionen und die Erarbeitung konkreter Strategien, um Klimaresilienz und Nachhaltigkeit im Gesundheitswesen langfristig zu stärken. The impact of climate change on human health, healthcare, and health systems constitute one of the most pressing challenges of our time. In response, this position paper outlines perspectives, strategic approaches, and potential solutions aimed at fostering a climate-resilient and low-carbon healthcare sector. It was developed in collaboration with representatives from scientific societies, working groups, professional associations, and institutions with a dedicated expertise on the topic and was the subject of extensive interdisciplinary dialogue. This position paper reflects the outcome of a broad consensus-building process involving stakeholders from diverse academic and profes-sional backgrounds. While it does not claim to be exhaustive, it represents the current state of dis-cussions. The paper addresses six central topics: (1) Transformative research, (2) Research funding and research networking, (3) Data access and linkage, (4) Education and information opportunities, (5) Prevention, mitigation, and adaptation, as well as (6) Sustainability and climate neutrality in the health and research sector. The position paper advocates for intensified collaboration, courage and willingness to make decisions on the part of the scientific community, policymakers, and civil society to develop a future-proof and resilient healthcare system capable of withstanding the multifaceted challenges posed by climate change. This position paper is intended as a foundation for ongoing discourse and the development of concrete policy and practice-oriented strategies to enhance climate resilience and sustainability in health systems over the long term.",2026,2026,Gesundheitswesen (Bundesverband der Arzte des Offentlichen Gesundheitsdienstes (Germany)),Gesundheitswesen (Bundesverband der Arzte des Offentlichen Gesundheitsdienstes (Germany)),10.1055/a-2872-4388,https://pubmed.ncbi.nlm.nih.gov/42103301/,[],[],"['Fabian Baum', 'Katharina van Baal', 'Jobst Augustin', 'Heike van de Sand', 'Klara Lorenz-Dant', 'Christina Lindemann', 'Dorothea Baltruks', 'Christa Büker', 'Johannes Deutschbein', 'Karin Geffert', 'Holger Gothe', 'Alina Herrmann', 'Claudia Hornberg', 'Claudia Konnopka', 'Anna Kuehne', 'Esther Luhmann', 'Maria-Inti Metzendorf', 'Ingo Meyer', 'Andreas Meyer-Lindenberg', 'Jochen Schmitt', 'Miriam Steinmann', 'Petra Thürmann', 'Jennyfer Wolf', 'Patrick Ziech', 'Annika Ziegler', 'Martin Härter', 'Ivonne Panchyrz']",42103301,Gesundheitswesen (Bundesverband der Arzte des Offentlichen Gesundheitsdienstes (Germany)). 2026 May 08. doi: 10.1055/a-2872-4388.,09-05-2026,,,Fabian Baum,Gesundheitswesen (Bundesverband der Arzte des Offentlichen Gesundheitsdienstes (Germany)). 2026 May 08. doi: 10.1055/a-2872-4388.
Development of the Lifestyle Empowerment Approach for Diabetes Remission (LEADR) Program: A Lifestyle Medicine Shared Medical Appointment (SMA) Intervention for Diabetes Treatment.,"The use of shared medical appointments (SMAs) has been shown to be feasible for delivering lifestyle medicine (LM) treatment for chronic conditions, such as type 2 diabetes (T2D), with some patients achieving de-escalation of medications or even remission. This objective of this work was to develop program materials suitable for delivering intensive LM treatment for T2D with the goal of achieving remission. Over a 3-year period (2022-2025), the American College of Lifestyle Medicine (ACLM) engaged in iterative development of program materials, drawing on content in the Full Plate Living Program and using expertise from a variety of professionals including physicians, dietitians, and researchers. The resulting Lifestyle Empowerment Approach for Diabetes Remission (LEADR) Program includes a professionally designed Facilitator Script, Participant Workbook, and Planning Guide, as well as accompanying slides. The core program content consists of 12 ∼90-minute, weekly sessions billable using standard Evaluation and Management (E&M) codes. Content centers on health behavior education and SMART goal-setting for nutrition, physical activity, and other health behaviors. The LEADR program is available as a tool for providers and their healthcare teams to use in the treatment of patients with T2D and prediabetes; the structure and formatting of the content enable scalability across various settings.",2026,2026,American journal of lifestyle medicine,American journal of lifestyle medicine,10.1177/15598276261438370,https://pubmed.ncbi.nlm.nih.gov/42100370/,"['NDPP', 'diabetes', 'diabetes prevention program', 'group medical visits', 'lifestyle', 'lifestyle medicine', 'lifestyle-based group visits', 'remission', 'shared medical appointments', 'telehealth']",[],"['Kathryn J Pollard', 'Meghan L Ames', 'Kayli Anderson', 'John Gobble', 'Scott Moore', 'Padmaja Patel', 'Kaitlyn Pauly', 'Kara L Staffier', 'Prasanthi Tondapu', 'Micaela C Karlsen']",42100370,American journal of lifestyle medicine. 2026 May 04. 15598276261438370. doi: 10.1177/15598276261438370.,08-05-2026,PMC13144292,,Kathryn J Pollard,American journal of lifestyle medicine. 2026 May 04. 15598276261438370. doi: 10.1177/15598276261438370.
"Barriers and Facilitators in the Implementation of the Systematic Medical Appraisal, Referral, and Treatment (SMART) Mental Health Digital Intervention in Rural India: Mixed Methods Process Evaluation Study.","An estimated 150 million people have mental health care needs in India, but only 15% are able to access care. Depression and anxiety contribute to a large proportion of mental morbidity. The Systematic Medical Appraisal, Referral, and Treatment (SMART) Mental Health trial used a mobile-based clinical decision support system for primary care doctors and community health workers (CHWs) to identify and treat people at risk of depression, anxiety disorders, and self-harm. A community-based antistigma campaign was also delivered. The intervention led to improved remission rates for depression and anxiety and lower stigma scores.",2026,2026,JMIR mental health,JMIR mental health,10.2196/89164,https://pubmed.ncbi.nlm.nih.gov/42097610/,"['India', 'LMIC', 'anxiety', 'electronic decision support system', 'low- middle-income country', 'mHealth', 'mental health depression', 'process evaluation', 'stigma']","['Humans', 'India', 'Referral and Consultation', 'Female', 'Male', 'Community Health Workers', 'Telemedicine', 'Adult', 'Rural Population', 'Focus Groups', 'Mental Health Services', 'Decision Support Systems, Clinical', 'Health Services Accessibility']","['Ankita Mukherjee', 'Mercian Daniel', 'Sudha Kallakuri', 'Siddhardha Devarapalli', 'Sandhya Kanaka Yatirajula', 'Amanpreet Kaur', 'Praveen Devarsetty', 'Usha Raman', 'Beverley M Essue', 'Rajesh Sagar', 'Shashi Kant', 'Shekhar Saxena', 'Graham Thornicroft', 'Anushka Patel', 'Pallab K Maulik']",42097610,JMIR mental health. 2026 May 07. 13:e89164. doi: 10.2196/89164.,08-05-2026,PMC13195372,,Ankita Mukherjee,JMIR mental health. 2026 May 07. 13:e89164. doi: 10.2196/89164.
Quorum-sensing-responsive materials: Toward living smart interfaces in biomedical systems.,"Quorum-sensing-sensitive materials are emerging as innovative platforms with significant clinical potential, particularly in the areas of infection diagnosis, targeted antimicrobial therapy, and wound management. By leveraging bacterial communication molecules such as acylhomoserine lactones and autoinducer peptides, these smart materials can detect early pathogenic activity before overt clinical symptoms appear. By sensing quorum-signaling thresholds associated with virulence activation or biofilm formation, the materials can trigger controlled antimicrobial release, modulate local immune responses, or modify surface properties to prevent bacterial adhesion. Such ""living"" interfaces offer a dynamic alternative to traditional passive biomaterials, enabling real-time, infection-specific therapeutic effects with reduced systemic drug exposure. This review summarizes the clinical significance, mechanism-driven design principles, and translational challenges of quorum-sensing-sensitive materials, highlighting their potential to address antibiotic resistance, improve patient outcomes, and support precision infection control in modern healthcare.",2026,2026,Advances in colloid and interface science,Advances in colloid and interface science,10.1016/j.cis.2026.103918,https://pubmed.ncbi.nlm.nih.gov/42096943/,"['Bacteria-responsive materials', 'Biomedical applications', 'Living materials', 'Quorum sensing', 'Smart interfaces']",[],"['Santosh Pandit', 'Demet Erdönmez', 'Duygu Polat', 'Burcu Önal Acet', 'Mustafa Dolaz', 'Mehmet Odabaşı', 'Ivan Mijakovic', 'Ömür Acet']",42096943,Advances in colloid and interface science. 2026 May 01. 355:103918. doi: 10.1016/j.cis.2026.103918.,08-05-2026,,,Santosh Pandit,Advances in colloid and interface science. 2026 May 01. 355:103918. doi: 10.1016/j.cis.2026.103918.
Exploring the Effects of tACS Duration on Resting-State EEG: An Exploratory Within-Subject Study in Healthy Volunteers.,"Transcranial alternating current stimulation (tACS) is a noninvasive brain stimulation method that modulates neural activity by applying low-intensity alternating current to the scalp. Although tACS has shown promise in enhancing cognitive and motor functions and alleviating neuropsychiatric symptoms, variations in stimulation parameters led to inconsistent outcomes. While stimulation frequency and electrode montage have been extensively explored, systematic analyses focusing on stimulation duration remain limited. Resting-state EEG, recorded under relaxed conditions without specific tasks, minimizes variability due to individual performance and external factors, thus providing a stable measure of tACS-induced neuromodulation. Therefore, we aimed to investigate the differences in neuromodulatory effects between three tACS durations for effective neuromodulation using resting-state electroencephalography (EEG). Ten participants completed three randomized tACS sessions on different days, each with a duration of 10, 20, or 30 min. Resting-state EEG was recorded before and after stimulation under eyes-open (EO) and eyes-closed (EC) states. Power spectral density (PSD) and network indices were analyzed for neuromodulatory effects. The omnibus analysis revealed no significant main effect of stimulation duration on neuromodulatory outcomes. However, within-condition analyses revealed significant increases in PSD in the post-tACS EO recording after 10 min (r = 0.79) and 20 min (r = 0.66), whereas in the post-tACS EC recording significant increases were observed only at 10 min (r = 0.63). Network efficiency also increased significantly in the EO state after 10 (r = 0.79) and 20 min (r = 0.85) for clustering coefficient and after 10 (r = 0.73) and 20 min (r = 0.85) for path length, respectively. Moreover, the observed patterns differed between brain states, with more consistent effects observed in the EO state. These findings suggest that neuromodulatory responses may vary depending on both tACS duration and brain state, highlighting the importance of considering both factors in the design of tACS protocols and interpretation of neuromodulatory effects.",2026,2026,Journal of medical systems,Journal of medical systems,10.1007/s10916-026-02398-x,https://pubmed.ncbi.nlm.nih.gov/42095967/,"['Brain network', 'Neuromodulation', 'Power spectral density', 'Resting-state electroencephalography', 'Transcranial alternating current stimulation']","['Humans', 'Electroencephalography', 'Male', 'Female', 'Transcranial Direct Current Stimulation', 'Adult', 'Healthy Volunteers', 'Young Adult', 'Rest', 'Time Factors', 'Brain']","['Yun-Sung Lee', 'Ga-Young Choi', 'Chang-Hee Han', 'Han-Jeong Hwang']",42095967,Journal of medical systems. 2026 May 07. 50(1). doi: 10.1007/s10916-026-02398-x.,07-05-2026,6326965,,Yun-Sung Lee,Journal of medical systems. 2026 May 07. 50(1). doi: 10.1007/s10916-026-02398-x.
