Title,Abstract,Year_Published,Source,Doi,Download_URL,Keywords,Authors,PMID,Reference
Usage Styles of Physical Activity Apps are Associated with Long-Term Activity Levels: A 6-Month Prospective Analysis.,"Mobile health technology plays an important role in improving physical activity (PA). However, commercial healthcare applications for smartphones (apps) have poor retention, and understanding how people adopt and integrate app use in daily life is critical. We investigated the use patterns of PA apps and explored the usage styles that are predictive of continuation and discontinuation of use and of changes in PA levels over time. We analyzed 2-wave longitudinal survey data concerning commercial PA-app use, which included 4465 respondents (mean age = 50.7; 1932 women) identified as PA-app users at baseline. The participants completed a questionnaire regarding how and for what purpose they used the apps. A 6-month follow-up survey was administered that asked participants about their current app use and PA levels. At baseline, 2737 were identified as long-term users of a PA app (ie, use for more than 6 months). Long-term users reported appreciating the lifestyle management aspects (eg, constant accessibility to health information, tracking, and monitoring PA), whereas short-term users indicated that they appreciated their app's distraction and building relationships (eg, finding like-minded peers) aspects. Prospective analyses (logistic regressions) demonstrated that lifestyle management was associated with continuing to use the app and increased PA levels at the 6-month follow-up, whereas distraction predicted discontinuing the use of the app and decreased PA levels. These findings suggest that on-purpose use (ie, using a PA app to improve one's PA) is the key feature of being in an appropriation state, whereas off-purpose use may hinder app use, leading to less active lifestyles. The implications of appropriation theory and practice are also discussed.",2026,"Inquiry : a journal of medical care organization, provision and financing",10.1177/00469580261442400,https://pubmed.ncbi.nlm.nih.gov/42033278/,"['appropriation', 'longitudinal', 'mobile health', 'mobile phone', 'smart phone']","['Keisuke Takano', 'Takeyuki Oba', 'Kentaro Katahira', 'Kenta Kimura']",42033278,"Usage Styles of Physical Activity Apps are Associated with Long-Term Activity Levels: A 6-Month Prospective Analysis.. Inquiry : a journal of medical care organization, provision and financing. 2026."
"Global, regional, and national burden of meningitis, its risk factors, and aetiologies, 1990-2023: a systematic analysis for the Global Burden of Disease Study 2023.","Meningitis remains the leading infectious cause of neurological disabilities globally, disproportionately affecting children younger than 5 years and populations in the African meningitis belt. Whereas previous global estimates focused on ten pathogen categories, this study presents the most comprehensive analysis to date, assessing the meningitis burden attributable to 17 causative pathogens based on the Global Burden of Diseases, Injuries, and Risk Factors Study (GBD) 2023 framework.",2026,The Lancet. Neurology,10.1016/S1474-4422(26)00101-8,https://pubmed.ncbi.nlm.nih.gov/41911930/,[],[],41911930,"Global, regional, and national burden of meningitis, its risk factors, and aetiologies, 1990-2023: a systematic analysis for the Global Burden of Disease Study 2023.. The Lancet. Neurology. 2026."
Resilience in Smart Healthcare Systems.,"The adoption of smart healthcare systems represents a significant advancement in supporting people's health. The Internet of Things and the exponential growth of smartphones over the past decade have led to the emergence of new industries providing connected hardware and software for the smart healthcare sector. This has also led to the emergence of privacy challenges related to the handling of health data, which is particularly important due to its sensitivity. While the health data provided to hospitals, medical practitioners and people themselves play a special role, this is not immediately apparent when looking at the underlying IT infrastructure. High data security, sufficient redundancy and high availability of data across different service providers in a multi-cloud system as the infrastructure backend play a crucial role in ensuring a positive user experience. Furthermore, as we look to the future and the potential of 6G and the emerging possibilities of telemedicine with the tactile Internet, these factors will become even more important. The following article examines the relevant resilient chain from the endpoints to the cloud. It discusses approaches for increasing the resilience of the relevant sections to achieve the highest possible level of business continuity. It also identifies the outstanding issues for which practical solutions do not yet exist.",2025,Studies in health technology and informatics,10.3233/SHTI251468,https://pubmed.ncbi.nlm.nih.gov/41728726/,"['6G', 'IoT', 'business continuity', 'cloud', 'resilience', 'smart healthcare']","['Patrick-Benjamin Bök', 'Matteo Grosse-Kampmann']",41728726,Resilience in Smart Healthcare Systems.. Studies in health technology and informatics. 2025.
Personalized labeling: A strategy for supporting self-medicating patients' decision-making during selection and use.,"Interactions between self-medicating consumers and over-the-counter medication (OTC) influence the quality of information processed and, hence, the appropriateness of medication-use decisions. Previous work has shown that information deemed necessary for the safe and effective use of an OTC, information that is required to be present in the Drug Facts Label (DFLs), is often overlooked, and that decision-making related to OTC use could be improved. We proposed the concept of ""personalized labeling"" to address these shortcomings. This strategy uses an augmented reality interface which presents users with recommendations related to an OTC's appropriateness for that individual's use They receive the recommendations via a smart phone app that allows them to point their camera at packages on the store shelf that they are considering purchasing. Specifically, a virtual green check mark or a red stop sign is imposed over the interrogated product after the theoretical app recognizes the OTC and compares product specific warnings with the individual's health history and medication usage. To develop proof of concept evidence for this strategy, we utilized a computer-based absolute judgement task. Seventy-two participants were randomly assigned to either a concept-educated group (educated on how personalized labeling would work) or a control group (uninformed about the personalized labeling strategy). Both groups viewed stimulus which included both standard and personalized labels to make binary decisions (yes/ no) related to a drug's appropriateness for use by a theoretical patient considering single-ingredient OTC products. Decision accuracy and decision time were measured as indicators of labeling effectiveness and efficiency, respectively. Results showed that within the concept-educated group, participants made significantly more accurate (ME = 0.977, SE = 0.007) and faster (ME = 9.584s, SE = 0.854) decisions with the personalized label when compared to the standard label (accuracy: ME = 0.933, SE = 0.017; p = 0.002; time: ME = 19.052s, SE = 2.322; p < 0.001). In contrast, the control group showed no significant difference in accuracy or decision time between the two label types. Additionally, participants across both groups took longer to correctly answer ""Yes"" (appropriate for use) compared to ""No"" (not appropriate for use), reflecting that decision time are faster for target-present conditions than target-absent conditions. While educating consumers about the tool seems important, it overlooks that they must install the app and share their health and medication information to use it. As such, we interpret this finding as evidence that personalized labeling could significantly improve consumer decision-making related to the identification of appropriate products. However, future studies are needed with a broader range of populations, package types, use contexts, and real-world conditions.",2026,PloS one,10.1371/journal.pone.0329725,https://pubmed.ncbi.nlm.nih.gov/41628184/,[],"['Lanqing Liu', 'Mark W Becker', 'Sukhdeep Singh', 'Dangkamol Wongthanaroj', 'Laura Bix']",41628184,Personalized labeling: A strategy for supporting self-medicating patients' decision-making during selection and use.. PloS one. 2026.
Evaluation of Hospice@Home for Home-Based Palliative Care: Development and Usability Pilot Study.,"The demand for palliative care is rising due to population aging and increased chronic illness. However, access to timely palliative care remains limited, particularly for patients receiving home-based hospice care in rural areas. Digital health technologies present an opportunity to enhance care delivery and communication at home.",2026,JMIR formative research,10.2196/79334,https://pubmed.ncbi.nlm.nih.gov/41564291/,"['digital health', 'home care services', 'hospice care', 'usability', 'wearable devices']","['So-Hi Kwon', 'Mikyoung Angela Lee', 'Young-Joo Kim', 'Seo-Hye Park', 'Min-Jeong Lee', 'Youngmin Han', 'A-Sol Kim']",41564291,Evaluation of Hospice@Home for Home-Based Palliative Care: Development and Usability Pilot Study.. JMIR formative research. 2026.
"Global burden of lower respiratory infections and aetiologies, 1990-2023: a systematic analysis for the Global Burden of Disease Study 2023.","Lower respiratory infections (LRIs) remain the world's leading infectious cause of death. This analysis from the Global Burden of Diseases, Injuries, and Risk Factors Study (GBD) 2023 provides global, regional, and national estimates of LRI incidence, mortality, and disability-adjusted life-years (DALYs), with attribution to 26 pathogens, including 11 newly modelled pathogens, across 204 countries and territories from 1990 to 2023. With new data and revised modelling techniques, these estimates serve as an update and expansion to GBD 2021. Through these estimates, we also aimed to assess progress towards the 2025 Global Action Plan for the Prevention and Control of Pneumonia and Diarrhoea (GAPPD) target for pneumonia mortality in children younger than 5 years.",2026,The Lancet. Infectious diseases,10.1016/S1473-3099(25)00689-9,https://pubmed.ncbi.nlm.nih.gov/41412141/,[],[],41412141,"Global burden of lower respiratory infections and aetiologies, 1990-2023: a systematic analysis for the Global Burden of Disease Study 2023.. The Lancet. Infectious diseases. 2026."
"Disease burden attributable to intimate partner violence against females and sexual violence against children in 204 countries and territories, 1990-2023: a systematic analysis for the Global Burden of Disease Study 2023.","Violence against women and against children are human rights violations with lasting harms to survivors and societies at large. Intimate partner violence (IPV) and sexual violence against children (SVAC) are two major forms of such abuse. Despite their wide-reaching effects on individual and community health, these risk factors have not been adequately prioritised as key drivers of global health burden. Comprehensive x§and reliable estimates of the comparative health burden of IPV and SVAC are urgently needed to inform investments in prevention and support for survivors at both national and global levels.",2026,"Lancet (London, England)",10.1016/S0140-6736(25)02503-6,https://pubmed.ncbi.nlm.nih.gov/41386261/,[],[],41386261,"Disease burden attributable to intimate partner violence against females and sexual violence against children in 204 countries and territories, 1990-2023: a systematic analysis for the Global Burden of Disease Study 2023.. Lancet (London, England). 2026."
Comprehensive analysis of security threats and privacy issues in indoor localization systems.,"The growing use of indoor localization systems (ILS) in essential applications, including healthcare, smart buildings, and logistics, has created serious security and privacy concerns. This paper thoroughly analyzes the existing security and privacy concerns in ILS, emphasizing risks such as spoofing, signal jamming, and adversarial attacks. We explore defense strategies, such as federated learning, adversarial machine learning, and cryptographic protocols, emphasizing their efficacy and constraints. The study examines the trade-offs among privacy, accuracy, and efficiency in ILS while tackling significant difficulties such as non-Independent and Identically Distributed (non-IID) data, energy efficiency, and scalability in practical applications. This review provides a comprehensive overview of the state of the art in protecting ILS against growing adversarial threats by integrating major trends and approaches from the last five years. This survey paper will help researchers and industry professionals gain a deeper understanding of privacy and security concerns in ILS.",2025,Scientific reports,10.1038/s41598-025-22204-x,https://pubmed.ncbi.nlm.nih.gov/41381657/,"['Adversarial machine learning', 'Federated learning', 'Indoor localization systems', 'Privacy', 'Security', 'Signal jamming', 'Spoofing attacks']","['Ayesha Ayub', 'Zuhairiah Zainal Abidin', 'Abdulraqeb Alhammadi', 'Muhammad Asim Khan', 'Naglaa F Soliman', 'Nurul Bashirah Ghazali', 'Abeer D Algarni']",41381657,Comprehensive analysis of security threats and privacy issues in indoor localization systems.. Scientific reports. 2025.
ChainShieldML an intelligent decentralized security framework for next generation wireless sensor networks.,"Wireless sensor networks (WSNs) will be necessary for the next generation of Internet of Things (IoT) apps. They make it possible to use smart and long-lasting sensors and smart automation in healthcare, Industry 4.0, and critical infrastructure. But security is particularly hard since they have built-in flaws, not enough computer power, not enough energy, and a significant danger of insider threats. Standard encryption methods aren't enough, and in situations where resources are restricted, heavier blockchain or machine learning solutions aren't always possible. This study presents ChainShieldML, a lightweight hybrid security architecture that combines Blockchain (BC) and machine learning (ML) to provide decentralised, adaptive, and resource-efficient protection for wireless sensor networks (WSNs). The idea is based on a two-pronged defence strategy. The Blockchain Prevention Module's permissionless blockchain architecture for base stations and cluster heads makes it possible to verify identities, maintain trust in a decentralised way, and keep node interactions unchangeable. Smart contracts made in solidity and connected to the Ethereum ecosystem make it possible to safely register nodes and keep an eye on what they do. The VBFT consensus algorithm makes it possible to quickly validate without using as much computing power as most proof of work methods. The machine learning detection module uses the lightweight gradient boosting method (LightGBM) to find and rank dangerous nodes in real time. LightGBM is the best machine learning classifier when looking at things like recall, F1-score, Matthews correlation coefficient, training cost, and inference latency. ChainShieldML dramatically improves the detection of insider attacks, builds trust, and protects data while using very little energy and having very little communication delay, as shown in tests. For Wireless sensor networks (WSNs) to keep working, all of these things are very important. ChainShieldML is a novel solution to keep IoT devices safe. It uses blockchain's decentralised trust and ML's adaptive intelligence to make a defence system for next-generation wireless sensor networks that can grow, is strong, and is ready for the future.",2025,Scientific reports,10.1038/s41598-025-27077-8,https://pubmed.ncbi.nlm.nih.gov/41331276/,"['Blockchain technology', 'Internet of Things (IoT)', 'Intrusion detection', 'Machine learning', 'Security', 'Wireless sensor networks (WSNs)']","['Dileep Kumar Murala', 'Shadab Ahmad', 'V A Sankar Ponnapalli', 'Veera Ankalu Vuyyuru', 'Eric Hitimana']",41331276,ChainShieldML an intelligent decentralized security framework for next generation wireless sensor networks.. Scientific reports. 2025.
Advancing Medical Training with Mixed Reality and Haptic Feedback Simulator for Acupuncture Needling.,"Traditional acupuncture training often lacks consistent, objective feedback, while current extended reality (XR) solutions rarely include quantitative assessment. This study developed and evaluated a feedback-enabled mixed reality (MR) acupuncture simulator to improve skill acquisition through depth-responsive guidance. The system, used on Microsoft HoloLens 2, combines a MetaHuman-based virtual patient with expert-designed acupoint geometries. It provides depth-dependent vibrotactile cues via a wearable haptic device and calculates a composite score from normalized metrics, including insertion depth, angular deviation, tip-to-center distance, and task duration. Ten participants (eight novices and two experts) performed needle tasks at LI4, LI11, and TE3 across two sessions. Mean depth error decreased from 6.41 mm to 3.58 mm, and task time from 9.29 s to 6.83 s. At LI11, beginners improved in achieved depth (16.24 ± 1.88 mm to 19.74 ± 1.23 mm), reduced angular deviation (27.83° to 15.34°), and shortened completion time (38.77 s to 13.28 s). Experts outperformed novices (69.25 ± 21.64 vs. 56.26 ± 23.37), confirming construct validity. Usability evaluation showed a mean overall score of 4.46 ± 0.51 and excellent reliability (McDonald's ω = 0.93). These results demonstrate that expert-informed scoring and depth-responsive haptic feedback substantially enhance accuracy, efficiency, and learning confidence, validating the system's technical robustness and educational readiness for clinical acupuncture training.",2025,"Sensors (Basel, Switzerland)",10.3390/s25226934,https://pubmed.ncbi.nlm.nih.gov/41305142/,"['HoloLens 2', 'haptic feedback', 'healthcare education', 'medical simulation', 'metahuman', 'mixed reality']","['Kasunika Guruge', 'H M K K M B Herath', 'Nuwan Madusanka', 'Hi-Joon Park', 'Chang-Su Na', 'Myunggi Yi', 'Byeong-Il Lee']",41305142,"Advancing Medical Training with Mixed Reality and Haptic Feedback Simulator for Acupuncture Needling.. Sensors (Basel, Switzerland). 2025."
Deep learning assisted LDPC decoding for 5G IoT networks in fading environments.,"With the deployment of 5G networks, the Internet of Things (IoT) has experienced a transformative boost, enabling higher data rates, reduced latency, and the connection of millions of devices across applications like smart cities, healthcare, and industrial automation. However, in real-world scenarios, the performance of Low-Density Parity-Check (LDPC) codes, the preferred channel coding scheme in 5G, is severely affected by noise and fading environments, particularly colored noise, which distorts signals over certain frequency bands. Colored noise introduces correlation in the interference, unlike white noise, thereby posing a challenge in decoding, especially in fading channels such as Rayleigh, Rician, and Nakagami-m. In this work, we propose a novel approach that combines the Iterative Offset Min-Sum (OMS) algorithm with a Convolutional Neural Network (CNN) to enhance LDPC decoding efficiency in 5G-enabled IoT networks. Our proposed OMS-CNN hybrid architecture addresses the limitations imposed by colored noise in fading channels by employing deep learning techniques for accurate noise estimation and mitigation. Furthermore, the OMS algorithm mitigates the overestimation of noise correction, refining the output in iterative decoding steps. Through comprehensive simulations, the OMS-CNN decoder demonstrates substantial improvements over traditional decoding approaches. Specifically, it achieves a performance enhancement of 2.7 dB at a bit error rate (BER) of [Formula: see text] across a range of fading channels. The study examines the decoder's performance in environments characterized by Rayleigh, Rician, and Nakagami-m fading models, highlighting the robustness of the proposed solution under different channel conditions. Additionally, this research explores the influence of parameters such as the correlation coefficient of the noise, the scaling factor in the cost function, and the number of iterations between the CNN and OMS decoding steps.",2025,Scientific reports,10.1038/s41598-025-21382-y,https://pubmed.ncbi.nlm.nih.gov/41145583/,"['Channel coding', 'Colored noise', 'Convolutional neural network (CNN)', 'Error correcting codes', 'Fading channels', 'Fifth-generation (5G)', 'Internet of Things', 'Low-density parity-check (LDPC) codes', 'Offset Min-Sum (OMS) algorithm']","['Sivarama Prasad Tera', 'Ravikumar Chinthaginjala', 'Fadi Al-Turjman', 'Shafiq Ahmad']",41145583,Deep learning assisted LDPC decoding for 5G IoT networks in fading environments.. Scientific reports. 2025.
"Global burden of 292 causes of death in 204 countries and territories and 660 subnational locations, 1990-2023: a systematic analysis for the Global Burden of Disease Study 2023.","Timely and comprehensive analyses of causes of death stratified by age, sex, and location are essential for shaping effective health policies aimed at reducing global mortality. The Global Burden of Diseases, Injuries, and Risk Factors Study (GBD) 2023 provides cause-specific mortality estimates measured in counts, rates, and years of life lost (YLLs). GBD 2023 aimed to enhance our understanding of the relationship between age and cause of death by quantifying the probability of dying before age 70 years (70q0) and the mean age at death by cause and sex. This study enables comparisons of the impact of causes of death over time, offering a deeper understanding of how these causes affect global populations.",2025,"Lancet (London, England)",10.1016/S0140-6736(25)01917-8,https://pubmed.ncbi.nlm.nih.gov/41092928/,[],[],41092928,"Global burden of 292 causes of death in 204 countries and territories and 660 subnational locations, 1990-2023: a systematic analysis for the Global Burden of Disease Study 2023.. Lancet (London, England). 2025."
"Global age-sex-specific all-cause mortality and life expectancy estimates for 204 countries and territories and 660 subnational locations, 1950-2023: a demographic analysis for the Global Burden of Disease Study 2023.","Comprehensive, comparable, and timely estimates of demographic metrics-including life expectancy and age-specific mortality-are essential for evaluating, understanding, and addressing trends in population health. The COVID-19 pandemic highlighted the importance of timely and all-cause mortality estimates for being able to respond to changing trends in health outcomes, showing a strong need for demographic analysis tools that can produce all-cause mortality estimates more rapidly with more readily available all-age vital registration (VR) data. The Global Burden of Diseases, Injuries, and Risk Factors Study (GBD) is an ongoing research effort that quantifies human health by estimating a range of epidemiological quantities of interest across time, age, sex, location, cause, and risk. This study-part of the latest GBD release, GBD 2023-aims to provide new and updated estimates of all-cause mortality and life expectancy for 1950 to 2023 using a novel statistical model that accounts for complex correlation structures in demographic data across age and time.",2025,"Lancet (London, England)",10.1016/S0140-6736(25)01330-3,https://pubmed.ncbi.nlm.nih.gov/41092927/,[],[],41092927,"Global age-sex-specific all-cause mortality and life expectancy estimates for 204 countries and territories and 660 subnational locations, 1950-2023: a demographic analysis for the Global Burden of Disease Study 2023.. Lancet (London, England). 2025."
"Burden of 375 diseases and injuries, risk-attributable burden of 88 risk factors, and healthy life expectancy in 204 countries and territories, including 660 subnational locations, 1990-2023: a systematic analysis for the Global Burden of Disease Study 2023.","For more than three decades, the Global Burden of Diseases, Injuries, and Risk Factors Study (GBD) has provided a framework to quantify health loss due to diseases, injuries, and associated risk factors. This paper presents GBD 2023 findings on disease and injury burden and risk-attributable health loss, offering a global audit of the state of world health to inform public health priorities. This work captures the evolving landscape of health metrics across age groups, sexes, and locations, while reflecting on the remaining post-COVID-19 challenges to achieving our collective global health ambitions.",2025,"Lancet (London, England)",10.1016/S0140-6736(25)01637-X,https://pubmed.ncbi.nlm.nih.gov/41092926/,[],[],41092926,"Burden of 375 diseases and injuries, risk-attributable burden of 88 risk factors, and healthy life expectancy in 204 countries and territories, including 660 subnational locations, 1990-2023: a systematic analysis for the Global Burden of Disease Study 2023.. Lancet (London, England). 2025."
Reframing EHR Policy in China: Towards Balanced Implementation and Ethical Foundations.,"Electronic Health Record (EHR) systems are a core component of healthcare informatization, playing a crucial role in the development of digital and smart healthcare. This study utilizes policy tool theory to analyse policies related to China's EHR system. By gaining a deep understanding of the mechanisms of policy impact, we believe we can better guide the development direction of EHR systems, optimize resource allocation, and improve system effectiveness and efficiency. Ultimately, this will make a substantial contribution to the construction of healthcare informatization.",2025,Journal of evaluation in clinical practice,10.1111/jep.70273,https://pubmed.ncbi.nlm.nih.gov/41085486/,"['NATO model', 'digital healthcare', 'electronic health record system', 'policy tool analysis', 'text data mining']","['Shuyuan Chen', 'Wenhao Huang', 'Yan Xu', 'Jie Yang']",41085486,Reframing EHR Policy in China: Towards Balanced Implementation and Ethical Foundations.. Journal of evaluation in clinical practice. 2025.
"The global, regional, and national burden of cancer, 1990-2023, with forecasts to 2050: a systematic analysis for the Global Burden of Disease Study 2023.","Cancer is a leading cause of death globally. Accurate cancer burden information is crucial for policy planning, but many countries do not have up-to-date cancer surveillance data. To inform global cancer-control efforts, we used the Global Burden of Diseases, Injuries, and Risk Factors Study (GBD) 2023 framework to generate and analyse estimates of cancer burden for 47 cancer types or groupings by age, sex, and 204 countries and territories from 1990 to 2023, cancer burden attributable to selected risk factors from 1990 to 2023, and forecasted cancer burden up to 2050.",2025,"Lancet (London, England)",10.1016/S0140-6736(25)01635-6,https://pubmed.ncbi.nlm.nih.gov/41015051/,[],[],41015051,"The global, regional, and national burden of cancer, 1990-2023, with forecasts to 2050: a systematic analysis for the Global Burden of Disease Study 2023.. Lancet (London, England). 2025."
Investigating the needs of older adults with type 2 diabetes and conceptualizing a healthy diet management application: a conceptual design.,"The growing prevalence of diabetes among the older adults has made effective dietary management essential for controlling blood glucose levels and reducing complications. In the age of the Internet of Things (IoT), smart applications and product designs are increasingly recognized as valuable tools for supporting personalized health management and enhancing quality of life. However, most existing mobile health solutions fail to accommodate the specific cognitive and physical needs of older adults with type 2 diabetes. This study aims to explore these unique needs to inform the development of a healthy diet compliance solution tailored to this population.",2025,BMC geriatrics,10.1186/s12877-025-06265-1,https://pubmed.ncbi.nlm.nih.gov/40993528/,"['App design', 'Conceptual design', 'Design needs', 'Healthy diet', 'Older adults with type 2 diabetes']","['Jinglong Li', 'Rosalam Che Me', 'Nik Nur Izzati Nik Mohd Fakhruddin', 'Faisul Arif Ahmad', 'Qisen Zhu']",40993528,Investigating the needs of older adults with type 2 diabetes and conceptualizing a healthy diet management application: a conceptual design.. BMC geriatrics. 2025.
"Hybrid deep learning-enabled framework for enhancing security, data integrity, and operational performance in Healthcare Internet of Things (H-IoT) environments.","The increasing reliance on Human-centric Internet of Things (H-IoT) systems in healthcare and smart environments has raised critical concerns regarding data integrity, real-time anomaly detection, and adaptive access control. Traditional security mechanisms lack dynamic adaptability to streaming multimodal physiological data, making them ineffective in safeguarding H-IoT devices against evolving threats and tampering. This paper proposes a novel trust-aware hybrid framework integrating Convolutional Neural Networks (CNN), Long Short-Term Memory (LSTM) models, and Variational Autoencoders (VAE) to analyze spatial, temporal, and latent characteristics of physiological signals. A dynamic Trust-Aware Controller (TAC) is introduced to compute real-time trust scores using anomaly likelihood, context entropy, and historical behavior. Access decisions are enforced via threshold-based logic with a quarantine mechanism. The system is evaluated on benchmark datasets and proprietary H-IoT signals under diverse attack and noise scenarios. Experiments are conducted on edge devices including Raspberry Pi and Jetson Nano to assess scalability. The proposed framework achieved an average F1-score of 94.3% for anomaly detection and a 96.1% accuracy in access decision classification. Comparative results against rule-based and statistical baselines showed a 12-18% improvement in detection sensitivity. Real-time inference latency was maintained under 160 ms on edge hardware, validating feasibility for critical H-IoT deployments. Trust scores exhibited high stability under adversarial data fluctuations. This research delivers a scientifically grounded, practically scalable solution for adaptive security in H-IoT networks. Its novel fusion of deep learning and trust modeling enhances both responsiveness and resilience, paving the way for next-generation secure health and wearable ecosystems.",2025,Scientific reports,10.1038/s41598-025-15292-2,https://pubmed.ncbi.nlm.nih.gov/40849566/,"['Anomaly detection', 'Data integrity', 'Healthcare Internet of Things (H-IoT)', 'Hybrid deep learning', 'Trust-aware edge AI']","['Nithesh Naik', 'Neha Surendranath', 'Sai Annamaiah Basava Raju', 'Chennaiah Madduri', 'Nagaraju Dasari', 'Vinod Kumar Shukla', 'Vathsala Patil']",40849566,"Hybrid deep learning-enabled framework for enhancing security, data integrity, and operational performance in Healthcare Internet of Things (H-IoT) environments.. Scientific reports. 2025."
Subjective and Objective Evaluation Of Physical Activity Level And Its Relationship With Work Ability Of Nurses In Different Hospital Departments.,"Due to the nature of shift work, nurses experience very high mental and physical pressure, which can ultimately affect their work ability (WA). One factor that affects work ability is the level of physical activity (PAL). Since nurses are responsible for providing healthcare for the public, it is necessary to evaluate their WA and PAL. Therefore, the present study used subjective and objective evaluation to test the relationship between PAL and WA among nurses in different hospital departments affiliated with Isfahan University of Medical Sciences.",2025,La Medicina del lavoro,10.23749/mdl.v116i4.15978,https://pubmed.ncbi.nlm.nih.gov/40762182/,[],"['Mahdieh Rastimehr', 'Adel Mazloumi', 'Zeinab Kazemi', 'Mohammad Hossein Chalak']",40762182,Subjective and Objective Evaluation Of Physical Activity Level And Its Relationship With Work Ability Of Nurses In Different Hospital Departments.. La Medicina del lavoro. 2025.
Improving Vulnerability Management for Security-by-Design of Medical Devices.,"The healthcare industry is witnessing a rapid rise in the adoption of wearable and implantable medical devices, including advanced electrochemical sensors and other smart diagnostic technologies. These devices are increasingly used to enable real-time monitoring of physiological parameters, allowing for faster diagnosis and more personalized care plans. Their growing presence reflects a broader shift toward smart connected healthcare systems aimed at delivering immediate and actionable insights to both patients and medical professionals. At the same time, the healthcare industry is increasingly targeted by cyberattacks, primarily due to the high value of medical information; in addition, the growing integration of ICT technologies into medical devices has introduced new vulnerabilities that were previously absent in this sector. To mitigate these risks, new international guidelines advocate the adoption of best practices for secure software development, emphasizing a",2025,"Sensors (Basel, Switzerland)",10.3390/s25144418,https://pubmed.ncbi.nlm.nih.gov/40732546/,"['CTI', 'MISP', 'cybersecurity', 'medical devices', 'security-by-design']","['Emanuele Raso', 'Francesca Nanni', 'Francesco Lestini', 'Lorenzo Bracciale', 'Giorgia Panico', 'Giuseppe Bianchi', 'Giancarlo Orengo', 'Gaetano Marrocco', 'Pierpaolo Loreti']",40732546,"Improving Vulnerability Management for Security-by-Design of Medical Devices.. Sensors (Basel, Switzerland). 2025."
In pursuit of software solutions for pharmaceutical regulatory affairs: Insights and trends.,"With rapid upsurge in technology and digital tools, the existing systems including the healthcare systems, especially the pharmaceutical sector is experiencing the revolution in the flow and management of data. Use of digital tools in pharmaceutical regulatory framework and compliance has led to development of a more harmonized system globally. This has facilitated growth in pharmaceutical sector internationally along with timely availability of healthcare facilities with assured safety and efficacy. Technological solutions have upgraded the workflow in industry with the assurance of data veracity. Clinical studies demand for a huge controlled study design and data which concerns patient safety; it includes statistical interpretations and analysis. This is mostly time dependent variable and smart use of software and tools accelerate this process. Automation of the work reduces time, efforts and also streamlines timely submissions. Advanced technologies with support of machine learning, artificial intelligence would assist industry and regulatory authorities to build transparency between the documentation and data. Many regulatory agencies have come up with regulations for validation of electronic tools and data integrity to ensure ethical use of these tools. US Federal law, 21CFR is recognized and have been widely accepted. However, most of the countries have their own regulatory agency that governs these regulations. Artificial Intelligence have come up with add-on features which would overcome the lag in the systems and simplify the operations and interpretations of various studies in pharmaceutical sector. Yet, with the advancing technologies there is need for more precise regulations to evaluate it through all parameters.",2025,Annales pharmaceutiques francaises,10.1016/j.pharma.2025.05.005,https://pubmed.ncbi.nlm.nih.gov/40403839/,"['Artificial intelligence', 'Clinical', 'Clinique', 'Intelligence artificielle', 'Logiciel', 'Outils', 'Pharmaceutical', 'Pharmaceutique', 'Regulatory', 'Réglementaire', 'Software', 'Tools']","['Shrushti Sharma', 'Dyandevi Mathure', 'Shreyas Dingankar', 'Vividha Dhapte-Pawar']",40403839,In pursuit of software solutions for pharmaceutical regulatory affairs: Insights and trends.. Annales pharmaceutiques francaises. 2025.
Codesign of a framework to support compassionate care appropriate to technology use by people with cognitive decline.,To further develop and begin to validate the Framework for Compassionate Use of Technology with Persons with Cognitive Decline and their Care Partners.,2025,Disability and rehabilitation,10.1080/09638288.2025.2506825,https://pubmed.ncbi.nlm.nih.gov/40384128/,"['Dementia', 'compassion', 'ethics', 'family-centered care', 'mild cognitive impairment', 'technology']","['Dorothy Kessler', 'Sarah Irons', 'Martina Franz', 'Neil Thomas', 'Jeffrey Kaye', 'Marcia Finlayson', 'Frank Knoefel']",40384128,Codesign of a framework to support compassionate care appropriate to technology use by people with cognitive decline.. Disability and rehabilitation. 2025.
Investigating the application of IoT mobile app and healthcare services for diabetic elderly: A systematic review.,"As the prevalence of diabetes increases among the elderly population, effective management becomes increasingly crucial. IoT mobile applications offer promising solutions for diabetes care by providing real-time monitoring, medication management, and lifestyle support. This paper aims to investigate the potential applications and challenges of IoT mobile applications in managing diabetes among elderly patients. Three databases including Scopus, Web of Science, and IEEE were systematically searched; 29 articles were screened in the final analysis process. Key results indicate that the application of mobile apps includes blood glucose monitoring, medication adherence, promotion of physical activity, and dietary control. Devices such as continuous glucose monitors and smart pill dispensers significantly improve glycemic control and medication adherence rates, these technologies enable real-time tracking, personalized feedback, and timely interventions, which enhance self-management and communication with healthcare providers. However, technical challenges like interoperability, data security and privacy, usability and involvement of policymakers pose significant barriers to their effective implementation. Collaborative efforts from healthcare providers, device manufacturers, and policymakers are essential to overcome these barriers and fully leverage the benefits of IoT technologies in diabetic elderly care. This review highlights the need for collaborative efforts to develop standardized frameworks that ensure device compatibility and seamless data integration in IoT solutions for diabetic elderly care, enhance data privacy with advanced technology, and design user-friendly apps for the diabetic elderly to improve the generalization and adoption of IoT IoT mobile applications in healthcare fields for elderly.",2025,PloS one,10.1371/journal.pone.0321090,https://pubmed.ncbi.nlm.nih.gov/40233038/,[],"['Jinglong Li', 'Rosalam Che Me', 'Faisul Arif Ahmad', 'Qisen Zhu']",40233038,Investigating the application of IoT mobile app and healthcare services for diabetic elderly: A systematic review.. PloS one. 2025.
A Hollow Shell-Lattice Soft Robot in Flexible Pipelines with Flowing Fluids.,"Pipeline-crawling soft robots are increasingly preferable for effective inspection and maintenance of flexible pipes. However, most existing robots occupy the pipe cross-sections, disrupting the normal operation of the working systems. In this study, an innovative shell-lattice soft robot is designed for crawling in pipes with fluid flows. The robot features a hollow body with a pneumatic actuator in the middle and two lattice shells at the head and tail parts. It enables earthworm-like locomotion through the implementation of opposite radial deformations in the two lattice shells. The hollow body architecture ensures unimpeded fluid flow during its crawling, even when mixed with solid impurities. Moreover, the surface-to-surface contact of the robot with the pipeline walls confers superior load-carrying capability, facilitating the transport of devices necessary for inspection and maintenance tasks. The robot is also capable of traversing various pipes with different frictional coefficients, irregular cross-sectional shapes, and varying curvatures, and can support untethered operation. Finally, potential applications of this robot in obstructed concealed pipes and disturbed offshore pipes are demonstrated. By leveraging advanced fabrication techniques, smart materials, and propulsion methods, it is anticipated that the designed robot may show significant scalability and applicability across diverse domains, including healthcare, aviation, and gas-and-oil transportation.",2025,"Advanced science (Weinheim, Baden-Wurttemberg, Germany)",10.1002/advs.202414882,https://pubmed.ncbi.nlm.nih.gov/40145688/,"['flowing fluids', 'hollow body', 'lattice shells', 'pipeline inspection', 'soft robots']","['Di Guo', 'Yiqiang Wang', 'Zhan Kang']",40145688,"A Hollow Shell-Lattice Soft Robot in Flexible Pipelines with Flowing Fluids.. Advanced science (Weinheim, Baden-Wurttemberg, Germany). 2025."
Preferences for Mobile Apps That Aim to Modify Alcohol Use: Thematic Content Analysis of User Reviews.,"Nearly one-third of adults in the United States will meet criteria for alcohol use disorder in their lifetime, yet fewer than 10% of individuals who meet for alcohol use disorder criteria will receive treatment for it. Mobile health (mHealth) applications (apps) have been suggested as a potential mechanism for closing this treatment gap, yet there is a wide variety of quality and integrity within these apps, leading to potential harms to users.",2025,JMIR mHealth and uHealth,10.2196/63148,https://pubmed.ncbi.nlm.nih.gov/40125561/,"['alcohol', 'alcohol mobile app', 'alcohol use disorder', 'content analysis', 'drinking', 'health tool', 'mHealth', 'mobile health app', 'reviews', 'usefulness', 'user', 'user-centered', 'user-centered design']","['Megan Kirouac', 'Christina Gillezeau']",40125561,Preferences for Mobile Apps That Aim to Modify Alcohol Use: Thematic Content Analysis of User Reviews.. JMIR mHealth and uHealth. 2025.
"Is the Effect of Intensive Antihypertensive Treatment in Acute Intracerebral Hemorrhage Dependent on Hematoma Volume? A Traditional Meta-analysis of the Effect of Antihypertensive Regimens, a Bayesian Network Meta-analysis of the Mortality of Antihypertensive Drugs and Systematic Review.",BACKGROUND AND OBJECTIVES: Intensive or conventional antihypertensive treatment for acute intracerebral hemorrhage is still controversial. This study aimed to compare those antihypertensive regimens and analyze the efficacy of antihypertensive drugs.,2025,CNS drugs,10.1007/s40263-025-01174-8,https://pubmed.ncbi.nlm.nih.gov/40111732/,[],"['Cong Li', 'Lishuai Li', 'Zhi Li', 'Kunhang Li', 'Xin Shi', 'Yijun Bao']",40111732,"Is the Effect of Intensive Antihypertensive Treatment in Acute Intracerebral Hemorrhage Dependent on Hematoma Volume? A Traditional Meta-analysis of the Effect of Antihypertensive Regimens, a Bayesian Network Meta-analysis of the Mortality of Antihypertensive Drugs and Systematic Review.. CNS drugs. 2025."
Vocal Biomarkers for Parkinson's Disease Classification Using Audio Spectrogram Transformers.,"Parkinson's disease (PD) is a neurodegenerative disorder affecting motor and non-motor functions, including speech. This study evaluates the effectiveness of the audio spectrogram transformer (AST) model in detecting PD through vocal biomarkers, hypothesizing that its self-attention mechanism would better capture PD related speech impairments compared to traditional deep learning approaches. Speech recordings from 150 participants (100 from PC-GITA: 50 PD, 50 healthy controls (HC); 50 from Italian Parkinson's voice and speech (ITA): 28 PD, 22 HC) were analyzed using the AST model and compared against established architectures including VGG16, VGG19, ResNet18, ResNet34, vision transformer, and swin transformer. Audio preprocessing included sampling rate standardization to 16 kHz and amplitude normalization. The AST model achieved superior classification performance across all datasets: 97.14% accuracy on ITA, 91.67% on Parkinson's Colombian - Grupo de Investigación en Telecomunicaciones Aplicadas (PC-GITA), and 92.73% on the combined dataset. Performance remained consistent across different speech tasks, with particularly strong results in sustained vowel analysis (precision: 0.97 ± 0.03, recall: 0.96 ± 0.03). The model demonstrated robust cross-lingual generalization, outperforming traditional architectures by 5%-10% in accuracy. These results suggest that the AST model provides a reliable, non-invasive method for PD detection through voice analysis, with strong performance across different languages and speech tasks. The model's success in cross-lingual generalization indicates potential for broader clinical application, though validation across more diverse populations is needed for clinical implementation.",2024,Journal of voice : official journal of the Voice Foundation,10.1016/j.jvoice.2024.11.008,https://pubmed.ncbi.nlm.nih.gov/39665946/,"[""Parkinson's disease—Vocal biomarkers—Self-attention mechanisms—Audio spectrogram transformer""]","['Nuwan Madusanka', 'Byeong-Il Lee']",39665946,Vocal Biomarkers for Parkinson's Disease Classification Using Audio Spectrogram Transformers.. Journal of voice : official journal of the Voice Foundation. 2024.
"On-demand imidazolidinyl urea-based tissue-like, self-healable, and antibacterial hydrogels for infectious wound care.","Bacterial wound infections are a growing challenge in healthcare, posing severe risks like systemic infection, organ failure, and sepsis, with projections predicting over 10 million deaths annually by 2050. Antibacterial hydrogels, with adaptable extracellular matrix-like features, are emerging as promising solutions for treating infectious wounds. However, the antibacterial properties of most of these hydrogels are largely attributed to extrinsic agents, and their mechanisms of action remain poorly understood. Herein we introduce for the first time, modified imidazolidinyl urea (IU) as the polymeric backbone for developing tissue-like antibacterial hydrogels. As-designed hydrogels behave tissue-like mechanical features, outstanding antifreeze behavior, and rapid self-healing capabilities. Molecular dynamics (MD) simulation and density functional theory (DFT) calculation were employed to well-understand the extent of H-bonding and metal-ligand coordination to finetune hydrogels' properties.",2025,Bioactive materials,10.1016/j.bioactmat.2024.10.003,https://pubmed.ncbi.nlm.nih.gov/39484021/,"['Antibacterial hydrogel', 'Antibiofilm hydrogel', 'Imidazolidinyl urea', 'Self-healing', 'Wound care']","['Qi Wu', 'Krishanu Ghosal', ""Nadine Kana'an"", 'Shounak Roy', 'Nagham Rashed', 'Ranabir Majumder', 'Mahitosh Mandal', 'Liang Gao', 'Shady Farah']",39484021,"On-demand imidazolidinyl urea-based tissue-like, self-healable, and antibacterial hydrogels for infectious wound care.. Bioactive materials. 2025."
"Decoding the Influence of eHealth on Autonomy, Competence, and Relatedness in Older Adults: Qualitative Analysis of Self-Determination Through the Motivational Technology Model.","Older adults adopt and use eHealth systems to build autonomy, competence, and relatedness and engage in healthy behaviors. The motivational technology model posits that technology features, such as those on websites, smart displays, and mobile phones, must allow for navigability, interactivity, and customizability, which spur feelings of self-determination and intrinsic motivation. We studied ElderTree, an online system for older adults that provides on-demand videos of healthy living content, self-monitoring, and weekly researcher-hosted video meetings.",2024,JMIR aging,10.2196/56923,https://pubmed.ncbi.nlm.nih.gov/39476377/,"['aging', 'chronic conditions', 'eHealth', 'mHealth', 'mobile health', 'mobile phone', 'mobile technology model', 'older adult', 'self-determination theory', 'smart displays', 'usability', 'video calls']","['Lynne M Cotter', 'Dhavan Shah', 'Kaitlyn Brown', 'Marie-Louise Mares', 'Gina Landucci', 'Sydney Saunders', 'Darcie C Johnston', 'Klaren Pe-Romashko', 'David Gustafson', 'Adam Maus', 'Kasey Thompson', 'David H Gustafson']",39476377,"Decoding the Influence of eHealth on Autonomy, Competence, and Relatedness in Older Adults: Qualitative Analysis of Self-Determination Through the Motivational Technology Model.. JMIR aging. 2024."
Architecture designing of digital twin in a healthcare unit.,,2024,Health informatics journal,10.1177/14604582241296792,https://pubmed.ncbi.nlm.nih.gov/39447608/,"['and systematic design', 'architecture', 'digital twin', 'healthcare', 'hospital']","['Piya Noeikham', 'Dollaya Buakum', 'Nikorn Sirivongpaisal']",39447608,Architecture designing of digital twin in a healthcare unit.. Health informatics journal. 2024.
In-Depth Examination of the Functionality and Performance of the Internet Hospital Information Platform: Development and Usability Study.,"Internet hospitals (IHs) have rapidly developed as a promising strategy to address supply-demand imbalances in China's medical industry, with their capabilities directly dependent on information platform functionality. Furthermore, a novel theory of ""Trinity"" smart hospital has provided advanced guidelines on IH constructions.",2024,Journal of medical Internet research,10.2196/54018,https://pubmed.ncbi.nlm.nih.gov/39168813/,"['electronic prescriptions', 'information system', 'integration', 'internet hospital', 'management tool', 'medical education', 'mobile applications', 'online service', 'operational data', 'patient service', 'smart hospital']","['Guang-Wei Zhang', 'Bin Li', 'Zheng-Min Gu', 'Wei-Feng Yang', 'Yi-Ran Wang', 'Hui-Jun Li', 'Han-Bing Zheng', 'Ying-Xu Yue', 'Kui-Zhong Wang', 'Mengchun Gong', 'Da-Xin Gong']",39168813,In-Depth Examination of the Functionality and Performance of the Internet Hospital Information Platform: Development and Usability Study.. Journal of medical Internet research. 2024.
Multidisciplinary cancer disease classification using adaptive FL in healthcare industry 5.0.,"Emerging Industry 5.0 designs promote artificial intelligence services and data-driven applications across multiple places with varying ownership that need special data protection and privacy considerations to prevent the disclosure of private information to outsiders. Due to this, federated learning offers a method for improving machine-learning models without accessing the train data at a single manufacturing facility. We provide a self-adaptive framework for federated machine learning of healthcare intelligent systems in this research. Our method takes into account the participating parties at various levels of healthcare ecosystem abstraction. Each hospital trains its local model internally in a self-adaptive style and transmits it to the centralized server for universal model optimization and communication cycle reduction. To represent a multi-task optimization issue, we split the dataset into as many subsets as devices. Each device selects the most advantageous subset for every local iteration of the model. On a training dataset, our initial study demonstrates the algorithm's ability to converge various hospital and device counts. By merging a federated machine-learning approach with advanced deep machine-learning models, we can simply and accurately predict multidisciplinary cancer diseases in the human body. Furthermore, in the smart healthcare industry 5.0, the results of federated machine learning approaches are used to validate multidisciplinary cancer disease prediction. The proposed adaptive federated machine learning methodology achieved 90.0%, while the conventional federated learning approach achieved 87.30%, both of which were higher than the previous state-of-the-art methodologies for cancer disease prediction in the smart healthcare industry 5.0.",2024,Scientific reports,10.1038/s41598-024-68919-1,https://pubmed.ncbi.nlm.nih.gov/39128933/,"['Adaptive federated learning', 'Brain cancer', 'Breast cancer', 'Federated learning', 'Histopathology', 'Image processing', 'Kidney cancer']","['Tahir Abbas', 'Areej Fatima', 'Tariq Shahzad', 'Meshal Alharbi', 'Muhammad Adnan Khan', 'Arfan Ahmed']",39128933,Multidisciplinary cancer disease classification using adaptive FL in healthcare industry 5.0.. Scientific reports. 2024.
An efficient algorithm for data transmission certainty in IIoT sensing network: A priority-based approach.,"This paper proposes a novel cache replacement technique based on the notion of combining periodic popularity prediction with size caching. The popularity, size, and time updates characteristics are used to calculate the value of each cache item. When it comes to content replacement, the information with the least value is first eliminated. Simulation results show that the proposed method outperforms the current algorithms in terms of cache hit rate and delay. The hit rate of the proposed scheme is 15.3% higher than GDS, 17.3% higher than MPC, 20.1% higher than LRU, 22.3% higher than FIFO, and 24.8% higher than LFU when 350 different categories of information are present. In real-world industrial applications such as including supply chain management, smart manufacturing, automation energy optimization, intelligent logistics transportation, and e-healthcare applications, it offers a foundation for the selection of caching algorithms.",2024,PloS one,10.1371/journal.pone.0305092,https://pubmed.ncbi.nlm.nih.gov/39018273/,[],"['Kemal Gökhan Nalbant', 'Sultan Almutairi', 'Asma Hassan Alshehri', 'Hayle Kemal', 'Suliman A Alsuhibany', 'Bong Jun Choi']",39018273,An efficient algorithm for data transmission certainty in IIoT sensing network: A priority-based approach.. PloS one. 2024.
[Next-Generation Intelligent Care Opportunities].,"Nursing information systems are becoming increasingly prevalent in our medical institutions. However, changes in the social environment and imbalances between the demands of caregivers and care recipients mean that current nursing information systems are inadequate in terms of quality and operational needs. This article was written to provide insights into opportunities to leverage technology to further promote care quality by applying a ""data, information, knowledge, and wisdom"" system development structure to develop intelligent technology products that equitably meet the needs of patients, caregivers, and nursing processes. Applied in clinical settings, these products should help satisfy patient needs and facilitate nursing work.",2024,Hu li za zhi The journal of nursing,10.6224/JN.202406_71(3).05,https://pubmed.ncbi.nlm.nih.gov/38817134/,"['care provider engagement', 'intelligent technology', 'nursing process', 'patient engagement', 'technology empowerment']","['I-Ching Hou', 'Po-Hsun Cheng', 'Yu-Lun Chen', 'Wen-Hsin Yang']",38817134,[Next-Generation Intelligent Care Opportunities].. Hu li za zhi The journal of nursing. 2024.
"DIGIPREDICT: physiological, behavioural and environmental predictors of asthma attacks-a prospective observational study using digital markers and artificial intelligence-study protocol.","Asthma attacks are a leading cause of morbidity and mortality but are preventable in most if detected and treated promptly. However, the changes that occur physiologically and behaviourally in the days and weeks preceding an attack are not always recognised, highlighting a potential role for technology. The aim of this study 'DIGIPREDICT' is to identify early digital markers of asthma attacks using sensors embedded in smart devices including watches and inhalers, and leverage health and environmental datasets and artificial intelligence, to develop a risk prediction model to provide an early, personalised warning of asthma attacks.",2024,BMJ open respiratory research,10.1136/bmjresp-2023-002275,https://pubmed.ncbi.nlm.nih.gov/38777583/,"['Asthma', 'Clinical Epidemiology', 'Inhaler devices', 'Surveys and Questionnaires', 'Telemedicine']","['Amy Hai Yan Chan', 'Braden Te Ao', 'Christina Baggott', 'Alana Cavadino', 'Amber A Eikholt', 'Matire Harwood', 'Joanna Hikaka', 'Dianna Gibbs', 'Mariana Hudson', 'Farhaan Mirza', 'Muhammed Asif Naeem', 'Ruth Semprini', 'Catherina L Chang', 'Kevin C H Tsang', 'Syed Ahmar Shah', 'Aron Jeremiah', 'Binu Nisal Abeysinghe', 'Rajshri Roy', 'Clare Wall', 'Lisa Wood', 'Stuart Dalziel', 'Hilary Pinnock', 'Job F M van Boven', 'Partha Roop', 'Jeff Harrison']",38777583,"DIGIPREDICT: physiological, behavioural and environmental predictors of asthma attacks-a prospective observational study using digital markers and artificial intelligence-study protocol.. BMJ open respiratory research. 2024."
[Embracing the Era of Artificial Intelligence: Innovation and Preparation in Nursing Education].,"Rapid recent advances in information technology have opened the door for artificial intelligence (AI)-related technologies to be applied extensively across many industries. The Ministry of Education has emphasized the importance of cultivating advanced-level professionals in diverse fields, particularly in smart machinery, the Asia-Silicon Valley sector, green energy technology, biotechnology, national defense, new agricultural, and circular economy industries, to enhance innovation and promote industrial competitiveness (Kuo, 2019). While interdisciplinary talent in AI and digital innovation is being actively developed elsewhere, nursing education remains in the exploratory phase of AI and digital technology talent cultivation. Although AI is now a well-known term, the competencies required for its application in nursing remain unclear. Moreover, most nursing professionals are unfamiliar with how to best integrate AI into nursing expertise or practice settings. With the application of AI in the healthcare industry now unstoppable, it is vital to consider how to help nursing students adapt to healthcare's new technology landscape (Huang et al., 2021). AI facilitates the digital simulation of human thought patterns, logic, and behaviors with the goal of assisting human users solve problems, especially those that are time-consuming and require repetitive processing. The development of AI requires interdisciplinary collaboration among domain experts, data scientists, software engineers, robotics experts, and computer programmers. Such collaboration is essential to developing products able to meet the demands of the times and to help students become competent future nursing professionals (Murray, 2018). Nurses spend the most time interacting with patients and are thus best able to understand the perceptions and challenges of patients and their families. Collaborating with professionals from interdisciplinary fields is the best strategy for achieving optimal healthcare outcomes. However, nursing schools have yet to provide a clear response to the impact of AI on nursing education. Nursing educational institutions must enable nursing students to comprehend the concepts and principles of AI and equip them with AI literacy to allow them to unleash their potential, continuously innovate, and stay abreast with the times (Ng et al., 2021). In this issue, experts and scholars currently engaged in AI-related research in the nursing discipline share their research findings in the realms of machine learning, deep learning, emotional recognition, and natural language application. These articles offer insights into the implications of AI, suggest how nursing education may best respond to emerging AI trends, and provide the authors' perspectives on nursing education reform. The editor hopes readers will be inspired to explore new concepts, gain a deeper understanding of the application and significance of AI, and apply AI to address clinical and educational challenges to foster competent nursing professionals for tomorrow.",2024,Hu li za zhi The journal of nursing,10.6224/JN.202404_71(2).01,https://pubmed.ncbi.nlm.nih.gov/38532668/,[],['Su-Fen Cheng'],38532668,[Embracing the Era of Artificial Intelligence: Innovation and Preparation in Nursing Education].. Hu li za zhi The journal of nursing. 2024.
Information and Communication Technology-Based Application for Cognitive Behavioral Therapy among Community-Dwelling Older Adults with Insomnia: Development and Validation Study.,"This study developed an information and communication technology-based mobile application to administer cognitive behavioral therapy to community-dwelling older adults with insomnia. First, the content of the application was determined through a systematic review and preference survey. Preference data on the perception, needs, and preference for non-face-to-face service content were collected from 15 July 2021 to 31 August 2021 from 100 community-dwelling older adults aged 65 years and older. In the design stage, the structure and function of the application were determined, and an interface was designed. The application was developed in conjunction with design experts and programmers using Android Studio software (Android 9). Usability tests were conducted during the implementation stage, followed by an evaluation stage. The evaluation revealed that the application's structure and functions should comprise sleep information, sleep-habit improvement, sleep assistance, video, real-time counseling, and exercise services. These elements were finalized after receiving the results of a preference analysis and advice from an advisory panel of experts in different fields. The developed application was rated with a score of four or higher in all areas. This study successfully developed, implemented, and evaluated a new mobile application called Smart Sleep for community-dwelling older adults with insomnia.",2024,"Healthcare (Basel, Switzerland)",10.3390/healthcare12010106,https://pubmed.ncbi.nlm.nih.gov/38201011/,"['cognitive behavioral therapy', 'community-dwelling older adults', 'information and communication technology', 'insomnia', 'mobile app']","['Yeonhee Lee', 'Inseong Kim', 'Seonheui Lee', 'Soyoung Yu']",38201011,"Information and Communication Technology-Based Application for Cognitive Behavioral Therapy among Community-Dwelling Older Adults with Insomnia: Development and Validation Study.. Healthcare (Basel, Switzerland). 2024."
An IoT-fuzzy intelligent approach for holistic management of COVID-19 patients.,"In this study, an internet of things (IoT)-enabled fuzzy intelligent system is introduced for the remote monitoring, diagnosis, and prescription of treatment for patients with COVID-19. The main objective of the present study is to develop an integrated tool that combines IoT and fuzzy logic to provide timely healthcare and diagnosis within a smart framework. This system tracks patients' health by utilizing an Arduino microcontroller, a small and affordable computer that reads data from various sensors, to gather data. Once collected, the data are processed, analyzed, and transmitted to a web page for remote access via an IoT-compatible Wi-Fi module. In cases of emergencies, such as abnormal blood pressure, cardiac issues, glucose levels, or temperature, immediate action can be taken to monitor the health of critical COVID-19 patients in isolation. The system employs fuzzy logic to recommend medical treatments for patients. Sudden changes in these medical conditions are remotely reported through a web page to healthcare providers, relatives, or friends. This intelligent system assists healthcare professionals in making informed decisions based on the patient's condition.",2024,Heliyon,10.1016/j.heliyon.2023.e22454,https://pubmed.ncbi.nlm.nih.gov/38163138/,"['Arduino microcontroller', 'Fuzzy logic', 'Internet of things', 'Mobile application', 'Personalized medicine', 'SARS-Cov2', 'Telemetry']","['Muhammad Zia Ur Rahman', 'Muhammad Azeem Akbar', 'Víctor Leiva', 'Carlos Martin-Barreiro', 'Muhammad Imran', 'Muhammad Tanveer Riaz', 'Cecilia Castro']",38163138,An IoT-fuzzy intelligent approach for holistic management of COVID-19 patients.. Heliyon. 2024.
"Machine intelligence and medical cyber-physical system architectures for smart healthcare: Taxonomy, challenges, opportunities, and possible solutions.","Hospitals use medical cyber-physical systems (MCPS) more often to give patients quality continuous care. MCPS isa life-critical, context-aware, networked system of medical equipment. It has been challenging to achieve high assurance in system software, interoperability, context-aware intelligence, autonomy, security and privacy, and device certifiability due to the necessity to create complicated MCPS that are safe and efficient. The MCPS system is shown in the paper as a newly developed application case study of artificial intelligence in healthcare. Applications for various CPS-based healthcare systems are discussed, such as telehealthcare systems for managing chronic diseases (cardiovascular diseases, epilepsy, hearing loss, and respiratory diseases), supporting medication intake management, and tele-homecare systems. The goal of this study is to provide a thorough overview of the essential components of the MCPS from several angles, including design, methodology, and important enabling technologies, including sensor networks, the Internet of Things (IoT), cloud computing, and multi-agent systems. Additionally, some significant applications are investigated, such as smart cities, which are regarded as one of the key applications that will offer new services for industrial systems, transportation networks, energy distribution, monitoring of environmental changes, business and commerce applications, emergency response, and other social and recreational activities.The four levels of an MCPS's general architecture-data collecting, data aggregation, cloud processing, and action-are shown in this study. Different encryption techniques must be employed to ensure data privacy inside each layer due to the variations in hardware and communication capabilities of each layer. We compare established and new encryption techniques based on how well they support safe data exchange, secure computing, and secure storage. Our thorough experimental study of each method reveals that, although enabling innovative new features like secure sharing and safe computing, developing encryption approaches significantly increases computational and storage overhead. To increase the usability of newly developed encryption schemes in an MCPS and to provide a comprehensive list of tools and databases to assist other researchers, we provide a list of opportunities and challenges for incorporating machine intelligence-based MCPS in healthcare applications in our paper's conclusion.",2023,Artificial intelligence in medicine,10.1016/j.artmed.2023.102692,https://pubmed.ncbi.nlm.nih.gov/38042609/,"['Big data', 'CPS Architectures', 'Dew computing', 'Digital twin', 'Internet of things', 'Medical cyber-physical systems', 'Security and privacy']","['Tawseef Ayoub Shaikh', 'Tabasum Rasool', 'Prabal Verma']",38042609,"Machine intelligence and medical cyber-physical system architectures for smart healthcare: Taxonomy, challenges, opportunities, and possible solutions.. Artificial intelligence in medicine. 2023."
Use of Artificial Intelligence Techniques to Assist Individuals with Physical Disabilities.,"Assistive technologies (AT) enable people with disabilities to perform activities of daily living more independently, have greater access to community and healthcare services, and be more productive performing educational and/or employment tasks. Integrating artificial intelligence (AI) with various agents, including electronics, robotics, and software, has revolutionized AT, resulting in groundbreaking technologies such as mind-controlled exoskeletons, bionic limbs, intelligent wheelchairs, and smart home assistants. This article provides a review of various AI techniques that have helped those with physical disabilities, including brain-computer interfaces, computer vision, natural language processing, and human-computer interaction. The current challenges and future directions for AI-powered advanced technologies are also addressed.",2024,Annual review of biomedical engineering,10.1146/annurev-bioeng-082222-012531,https://pubmed.ncbi.nlm.nih.gov/37832939/,"['artificial intelligence', 'assistive technology', 'exoskeletons', 'physical disability', 'prostheses', 'smart wheelchair']","['Sidharth Pancholi', 'Juan P Wachs', 'Bradley S Duerstock']",37832939,Use of Artificial Intelligence Techniques to Assist Individuals with Physical Disabilities.. Annual review of biomedical engineering. 2024.
"Impact of H&E Stain Normalization on Deep Learning Models in Cancer Image Classification: Performance, Complexity, and Trade-Offs.","Accurate classification of cancer images plays a crucial role in diagnosis and treatment planning. Deep learning (DL) models have shown promise in achieving high accuracy, but their performance can be influenced by variations in Hematoxylin and Eosin (H&E) staining techniques. In this study, we investigate the impact of H&E stain normalization on the performance of DL models in cancer image classification. We evaluate the performance of VGG19, VGG16, ResNet50, MobileNet, Xception, and InceptionV3 on a dataset of H&E-stained cancer images. Our findings reveal that while VGG16 exhibits strong performance, VGG19 and ResNet50 demonstrate limitations in this context. Notably, stain normalization techniques significantly improve the performance of less complex models such as MobileNet and Xception. These models emerge as competitive alternatives with lower computational complexity and resource requirements and high computational efficiency. The results highlight the importance of optimizing less complex models through stain normalization to achieve accurate and reliable cancer image classification. This research holds tremendous potential for advancing the development of computationally efficient cancer classification systems, ultimately benefiting cancer diagnosis and treatment.",2023,Cancers,10.3390/cancers15164144,https://pubmed.ncbi.nlm.nih.gov/37627172/,"['cancer classification', 'computational complexity', 'deep learning', 'image classification', 'stain normalization']","['Nuwan Madusanka', 'Pramudini Jayalath', 'Dileepa Fernando', 'Lasith Yasakethu', 'Byeong-Il Lee']",37627172,"Impact of H&E Stain Normalization on Deep Learning Models in Cancer Image Classification: Performance, Complexity, and Trade-Offs.. Cancers. 2023."
A Single-Channel and Non-Invasive Wearable Brain-Computer Interface for Industry and Healthcare.,"The present work focuses on how to build a wearable brain-computer interface (BCI). BCIs are a novel means of human-computer interaction that relies on direct measurements of brain signals to assist both people with disabilities and those who are able-bodied. Application examples include robotic control, industrial inspection, and neurorehabilitation. Notably, recent studies have shown that steady-state visually evoked potentials (SSVEPs) are particularly suited for communication and control applications, and efforts are currently being made to bring BCI technology into daily life. To achieve this aim, the final system must rely on wearable, portable, and low-cost instrumentation. In exploiting SSVEPs, a flickering visual stimulus with fixed frequencies is required. Thus, in considering daily-life constraints, the possibility to provide visual stimuli by means of smart glasses was explored in this study. Moreover, to detect the elicited potentials, a commercial device for electroencephalography (EEG) was considered. This consists of a single differential channel with dry electrodes (no conductive gel), thus achieving the utmost wearability and portability. In such a BCI, the user can interact with the smart glasses by merely staring at icons appearing on the display. Upon this simple principle, a user-friendly, low-cost BCI was built by integrating extended reality (XR) glasses with a commercially available EEG device. The functionality of this wearable XR-BCI was examined with an experimental campaign involving 20 subjects. The classification accuracy was between 80%-95% on average depending on the stimulation time. Given these results, the system can be used as a human-machine interface for industrial inspection but also for rehabilitation in ADHD and autism.",2023,Journal of visualized experiments : JoVE,10.3791/65007,https://pubmed.ncbi.nlm.nih.gov/37486136/,[],"['Pasquale Arpaia', 'Antonio Esposito', 'Nicola Moccaldi', 'Marco Parvis']",37486136,A Single-Channel and Non-Invasive Wearable Brain-Computer Interface for Industry and Healthcare.. Journal of visualized experiments : JoVE. 2023.
Computation of stagnation coating flow of electro-conductive ternary Williamson hybrid [Formula: see text] nanofluid with a Cattaneo-Christov heat flux model and magnetic induction.,"Modern smart coating systems are increasingly exploiting functional materials which combine multiple features including rheology, electromagnetic properties and nanotechnological capabilities and provide a range of advantages in diverse operations including medical, energy and transport designs (aerospace, marine, automotive). The simulation of the industrial synthesis of these multi-faceted coatings (including stagnation flow deposition processes) requires advanced mathematical models which can address multiple effects simultaneously. Inspired by these requests, this study investigates the interconnected magnetohydrodynamic non-Newtonian movement and thermal transfer in the Hiemenz plane's stagnation flow. Additionally, it explores the application of a transverse static magnetic field to a ternary hybrid nanofluid coating through theoretical and numerical analysis. The base fluid (polymeric) considered is engine-oil (EO) doped with graphene [Formula: see text], gold [Formula: see text] and Cobalt oxide [Formula: see text] nanoparticles. The model includes the integration of non-linear radiation, heat source, convective wall heating, and magnetic induction effects. For non-Newtonian characteristics, the Williamson model is utilized, while the Rosseland diffusion flux model is used for radiative transfer. Additionally, a non-Fourier Cattaneo-Christov heat flux model is utilized to include thermal relaxation effects. The governing partial differential conservation equations for mass, momentum, energy and magnetic induction are rendered into a system of coupled self-similar and non-linear ordinary differential equations (ODEs) with boundary restrictions using appropriate scaling transformations. The dimensionless boundary value problem that arises is solved using the bvp4c built-in function in MATLAB software, which employs the fourth-order Runge-Kutta (RK-4) method. An extensive examination is conducted to evaluate the impact of essential control parameters on the velocity [Formula: see text], induced magnetic field stream function gradient [Formula: see text] and temperature [Formula: see text] is conducted. The relative performance of ternary, hybrid binary and unitary nanofluids for all transport characteristics is evaluated. The inclusion of verification of the MATLAB solutions with prior studies is incorporated. Fluid velocity is observed to be minimized for the ternary [Formula: see text]-[Formula: see text]-[Formula: see text] nanofluid whereas the velocity is maximized for the unitary cobalt oxide [Formula: see text] nanofluid with increasing magnetic parameter ([Formula: see text] Temperatures are elevated with increment in thermal radiation parameter (Rd). Streamlines are strongly modified in local regions with greater viscoelasticity i.e. higher Weissenberg number [Formula: see text]. Dimensionless skin friction is significantly greater for the ternary hybrid [Formula: see text]-[Formula: see text]-[Formula: see text] nanofluid compared with binary hybrid or unitary nanofluid cases.",2023,Scientific reports,10.1038/s41598-023-37197-8,https://pubmed.ncbi.nlm.nih.gov/37414803/,[],"['K Bhagya Swetha Latha', 'M Gnaneswara Reddy', 'D Tripathi', 'O Anwar Bég', 'S Kuharat', 'Hijaz Ahmad', 'Dilber Uzun Ozsahin', 'Sameh Askar']",37414803,Computation of stagnation coating flow of electro-conductive ternary Williamson hybrid [Formula: see text] nanofluid with a Cattaneo-Christov heat flux model and magnetic induction.. Scientific reports. 2023.
Fog-Based Smart Cardiovascular Disease Prediction System Powered by Modified Gated Recurrent Unit.,"The ongoing fast-paced technology trend has brought forth ceaseless transformation. In this regard, cloud computing has long proven to be the paramount deliverer of services such as computing power, software, networking, storage, and databases on a pay-per-use basis. The cloud is a big proponent of the internet of things (IoT), furnishing the computation and storage requisite to address internet-of-things applications. With the proliferating IoT devices triggering a continual data upsurge, the cloud-IoT interaction encounters latency, bandwidth, and connectivity restraints. The inclusion of the decentralized and distributed fog computing layer amidst the cloud and IoT layer extends the cloud's processing, storage, and networking services close to end users. This hierarchical edge-fog-cloud model distributes computation and intelligence, yielding optimal solutions while tackling constraints like massive data volume, latency, delay, and security vulnerability. The healthcare domain, warranting time-critical functionalities, can reap benefits from the cloud-fog-IoT interplay. This research paper propounded a fog-assisted smart healthcare system to diagnose heart or cardiovascular disease. It combined a fuzzy inference system (FIS) with the recurrent neural network model's variant of the gated recurrent unit (GRU) for pre-processing and predictive analytics tasks. The proposed system showcases substantially improved performance results, with classification accuracy at 99.125%. With major processing of healthcare data analytics happening at the fog layer, it is observed that the proposed work reveals optimized results concerning delays in terms of latency, response time, and jitter, compared to the cloud. Deep learning models are adept at handling sophisticated tasks, particularly predictive analytics. Time-critical healthcare applications reap benefits from deep learning's exclusive potential to furnish near-perfect results, coupled with the merits of the decentralized fog model, as revealed by the experimental results.",2023,"Diagnostics (Basel, Switzerland)",10.3390/diagnostics13122071,https://pubmed.ncbi.nlm.nih.gov/37370966/,"['Internet of Things', 'cardiovascular disease', 'cloud computing', 'fog computing', 'gated recurrent unit', 'healthcare', 'heart attack', 'predictive analytics', 'recurrent neural network']","['A Angel Nancy', 'Dakshanamoorthy Ravindran', 'Durai Raj Vincent', 'Kathiravan Srinivasan', 'Chuan-Yu Chang']",37370966,"Fog-Based Smart Cardiovascular Disease Prediction System Powered by Modified Gated Recurrent Unit.. Diagnostics (Basel, Switzerland). 2023."
"The Metaverse for Healthcare: Trends, Applications, and Future Directions of Digital Therapeutics for Urology.","In recent years, the emergence of digital therapeutics as a novel approach to managing conditions has garnered significant attention. This approach involves using evidence-based therapeutic interventions that are facilitated by high-quality software programs to treat, manage, or prevent medical conditions. The incorporation of digital therapeutics into the Metaverse has increased the feasibility of their implementation and application in all areas of medical services. In urology, substantial digital therapeutics are being produced and researched, including mobile apps, bladder devices, pelvic floor muscle trainers, smart toilet systems, mixed reality-guided training and surgery, and training and telemedicine for urological consultations. The purpose of this review article is to provide a comprehensive overview of the current impact of the Metaverse on the field of digital therapeutics and identify its current trends, applications, and future perspectives in the field of urology.",2023,International neurourology journal,10.5213/inj.2346108.054,https://pubmed.ncbi.nlm.nih.gov/37280754/,"['Digital therapeutics', 'Metaverse', 'Mixed reality', 'Pelvic floor muscle trainer', 'Telemedicine', 'Urology']","['Eun Joung Kim', 'Jung Yoon Kim']",37280754,"The Metaverse for Healthcare: Trends, Applications, and Future Directions of Digital Therapeutics for Urology.. International neurourology journal. 2023."
"Gestational diabetes mellitus care re-imagined - A cost-minimisation analysis: Cost savings from a tertiary hospital, using a novel, digital-based gestational diabetes management model.",Diagnosis of gestational diabetes mellitus (GDM) in a pregnancy has a significant impact on health service resources and represents a substantial financial and time impost on women.,2023,The Australian & New Zealand journal of obstetrics & gynaecology,10.1111/ajo.13695,https://pubmed.ncbi.nlm.nih.gov/37144760/,"['gestational diabetes mellitus', 'health economics', 'health service research', 'pregnancy']","['Josephine G Laurie', 'Shelley A Wilkinson', 'Harold D Mcintyre', 'Centaine Snoswell']",37144760,"Gestational diabetes mellitus care re-imagined - A cost-minimisation analysis: Cost savings from a tertiary hospital, using a novel, digital-based gestational diabetes management model.. The Australian & New Zealand journal of obstetrics & gynaecology. 2023."
How does organizational culture affect employees' mental health during COVID-19? The mediating role of transparent communication.,"Over the years, the workplace landscape has significantly evolved, demanding an optimal psychological approach to establish an environment that values individual work and health. A firm's culture inspires it to adopt business practices that enable its employees to live healthier lives.",2023,"Work (Reading, Mass.)",10.3233/WOR-220365,https://pubmed.ncbi.nlm.nih.gov/37125602/,"['Health psychology', 'coronavirus', 'employee performance', 'organizational trust', 'psychological well-being']","['Jianmin Sun', 'Muddassar Sarfraz', 'Larisa Ivascu', 'Ilknur Ozturk']",37125602,"How does organizational culture affect employees' mental health during COVID-19? The mediating role of transparent communication.. Work (Reading, Mass.). 2023."
mCrutch: A Novel m-Health Approach Supporting Continuity of Care.,"This paper reports the architecture of a low-cost smart crutches system for mobile health applications. The prototype is based on a set of sensorized crutches connected to a custom Android application. Crutches were instrumented with a 6-axis inertial measurement unit, a uniaxial load cell, WiFi connectivity, and a microcontroller for data collection and processing. Crutch orientation and applied force were calibrated with a motion capture system and a force platform. Data are processed and visualized in real-time on the Android smartphone and are stored on the local memory for further offline analysis. The prototype's architecture is reported along with the post-calibration accuracy for estimating crutch orientation (5° RMSE in dynamic conditions) and applied force (10 N RMSE). The system is a mobile-health platform enabling the design and development of real-time biofeedback applications and continuity of care scenarios, such as telemonitoring and telerehabilitation.",2023,"Sensors (Basel, Switzerland)",10.3390/s23084151,https://pubmed.ncbi.nlm.nih.gov/37112492/,"['crutches', 'gait monitoring', 'instrumented walking aids', 'mobile-health', 'telerehabilitation', 'wireless sensors']","['Valerio Antonio Arcobelli', 'Matteo Zauli', 'Giulia Galteri', 'Luca Cristofolini', 'Lorenzo Chiari', 'Angelo Cappello', 'Luca De Marchi', 'Sabato Mellone']",37112492,"mCrutch: A Novel m-Health Approach Supporting Continuity of Care.. Sensors (Basel, Switzerland). 2023."
Multiclass skin lesion localization and classification using deep learning based features fusion and selection framework for smart healthcare.,"The idea of smart healthcare has gradually gained attention as a result of the information technology industry's rapid development. Smart healthcare uses next-generation technologies i.e., artificial intelligence (AI) and Internet of Things (IoT), to intelligently transform current medical methods to make them more efficient, dependable and individualized. One of the most prominent uses of telemedicine and e-health in medical image analysis is teledermatology. Telecommunications technologies are used in this industry to send medical information to professionals. Teledermatology is a useful method for the identification of skin lesions, particularly in rural locations, because the skin is visually perceptible. One of the most recent tools for diagnosing skin cancer is dermoscopy. To classify skin malignancies, numerous computational approaches have been proposed in the literature. However, difficulties still exist i.e., lesions with low contrast, imbalanced datasets, high level of memory complexity, and the extraction of redundant features.",2023,Neural networks : the official journal of the International Neural Network Society,10.1016/j.neunet.2023.01.022,https://pubmed.ncbi.nlm.nih.gov/36701878/,"['Classification', 'Deep features', 'Deep learning', 'Dermoscopy imaging', 'Skin cancer', 'Skin lesion analysis']","['Sarmad Maqsood', 'Robertas Damaševičius']",36701878,Multiclass skin lesion localization and classification using deep learning based features fusion and selection framework for smart healthcare.. Neural networks : the official journal of the International Neural Network Society. 2023.
Real-Time Scheduling in IoT Applications: A Systematic Review.,"The Internet of Things (IoT) is a telecommunication network in the next generation of applications with the rapid progress of wireless sensor network techniques that have touched many spheres of life today. Hardware, telephony, communications, storage, secure platforms, software and services, and data processing platforms are all part of the IoT environment. IoT sensors collect data from their environment and share it by connecting to the Internet gateway. These sensors often perform tasks without human intervention. This article aims to review real-time scheduling in the IoT to fully understand the issues raised in this area published from 2018 to 2022. A classification for IoT applications based on practical application is provided for selected studies. Selected studies include healthcare, infrastructure, industrial applications, smart city, commercial applications, environmental protection, and general IoT applications. Studies are sorted into groups based on related applications and compared based on indicators such as performance time, energy consumption, makespan, and assessment environments depending on the provided classification. Finally, this paper discusses all reviewed studies' main concepts, disadvantages, advantages, and future work.",2022,"Sensors (Basel, Switzerland)",10.3390/s23010232,https://pubmed.ncbi.nlm.nih.gov/36616830/,"['Internet of things (IoT)', 'cloud computing', 'fog computing', 'real-time', 'scheduling']","['Sima Abolhassani Khajeh', 'Morteza Saberikamarposhti', 'Amir Masoud Rahmani']",36616830,"Real-Time Scheduling in IoT Applications: A Systematic Review.. Sensors (Basel, Switzerland). 2022."
Improved Spatiotemporal Framework for Human Activity Recognition in Smart Environment.,"The rapid development of microsystems technology with the availability of various machine learning algorithms facilitates human activity recognition (HAR) and localization by low-cost and low-complexity systems in various applications related to industry 4.0, healthcare, ambient assisted living as well as tracking and navigation tasks. Previous work, which provided a spatiotemporal framework for HAR by fusing sensor data generated from an inertial measurement unit (IMU) with data obtained by an RGB photodiode for visible light sensing (VLS), already demonstrated promising results for real-time HAR and room identification. Based on these results, we extended the system by applying feature extraction methods of the time and frequency domain to improve considerably the correct determination of common human activities in industrial scenarios in combination with room localization. This increases the correct detection of activities to over 90% accuracy. Furthermore, it is demonstrated that this solution is applicable to real-world operating conditions in ambient light.",2022,"Sensors (Basel, Switzerland)",10.3390/s23010132,https://pubmed.ncbi.nlm.nih.gov/36616729/,"['features extraction', 'human activity recognition', 'inertial measurement unit', 'machine learning', 'sensor data fusion', 'visible light sensing']","['Ziad Salem', 'Andreas Peter Weiss']",36616729,"Improved Spatiotemporal Framework for Human Activity Recognition in Smart Environment.. Sensors (Basel, Switzerland). 2022."
Patients' Intention to Adopt Fintech Services: A Study on Bangladesh Healthcare Sector.,"Advancement in technology has facilitated the shift toward new financial services. Numerous industries have undergone a digital transformation because of the expansion of cashless payment systems and other cutting-edge technologies. This study aimed to identify the factors that stimulate the patient's intention to adopt fintech services in the Bangladesh healthcare sector. To facilitate the study, data were collected through survey questionnaires from different hospitals and diagnostic centers patients. A total of 279 patients responded to the survey. The study employed structural equation modelling to analyze the data using SMART PLS 3.2.9. The results revealed that a significant relationship exists between perceived ease of use, social influence, facilitating conditions, personal innovativeness, and perceived trust in fintech services, and the adoption intention of the patients. The results of the study are beneficial to the healthcare sector and fintech companies who wish to make necessary arrangements to advance the growth of cashless fintech-based transactions.",2022,International journal of environmental research and public health,10.3390/ijerph192215302,https://pubmed.ncbi.nlm.nih.gov/36430018/,"['facilitating conditions', 'fintech services', 'healthcare', 'perceived ease of use', 'perceived trust', 'personal innovativeness', 'social influence']","['Md Sharif Hassan', 'Md Aminul Islam', 'Farid Ahammad Sobhani', 'Md Maruf Hassan', 'Md Arif Hassan']",36430018,Patients' Intention to Adopt Fintech Services: A Study on Bangladesh Healthcare Sector.. International journal of environmental research and public health. 2022.
A secure healthcare 5.0 system based on blockchain technology entangled with federated learning technique.,"In recent years, the global Internet of Medical Things (IoMT) industry has evolved at a tremendous speed. Security and privacy are key concerns on the IoMT, owing to the huge scale and deployment of IoMT networks. Machine learning (ML) and blockchain (BC) technologies have significantly enhanced the capabilities and facilities of healthcare 5.0, spawning a new area known as ""Smart Healthcare."" By identifying concerns early, a smart healthcare system can help avoid long-term damage. This will enhance the quality of life for patients while reducing their stress and healthcare costs. The IoMT enables a range of functionalities in the field of information technology, one of which is smart and interactive health care. However, combining medical data into a single storage location to train a powerful machine learning model raises concerns about privacy, ownership, and compliance with greater concentration. Federated learning (FL) overcomes the preceding difficulties by utilizing a centralized aggregate server to disseminate a global learning model. Simultaneously, the local participant keeps control of patient information, assuring data confidentiality and security. This article conducts a comprehensive analysis of the findings on blockchain technology entangled with federated learning in healthcare. 5.0. The purpose of this study is to construct a secure health monitoring system in healthcare 5.0 by utilizing a blockchain technology and Intrusion Detection System (IDS) to detect any malicious activity in a healthcare network and enables physicians to monitor patients through medical sensors and take necessary measures periodically by predicting diseases. The proposed system demonstrates that the approach is optimized effectively for healthcare monitoring. In contrast, the proposed healthcare 5.0 system entangled with FL Approach achieves 93.22% accuracy for disease prediction, and the proposed RTS-DELM-based secure healthcare 5.0 system achieves 96.18% accuracy for the estimation of intrusion detection.",2022,Computers in biology and medicine,10.1016/j.compbiomed.2022.106019,https://pubmed.ncbi.nlm.nih.gov/36162198/,"['Blockchain', 'Federated learning', 'Healthcare 5.0', 'IoMT', 'Medical sensors']","['Abdur Rehman', 'Sagheer Abbas', 'M A Khan', 'Taher M Ghazal', 'Khan Muhammad Adnan', 'Amir Mosavi']",36162198,A secure healthcare 5.0 system based on blockchain technology entangled with federated learning technique.. Computers in biology and medicine. 2022.
Stochastic Recognition of Human Physical Activities via Augmented Feature Descriptors and Random Forest Model.,"Human physical activity recognition from inertial sensors is shown to be a successful approach for monitoring elderly individuals and children in indoor and outdoor environments. As a result, researchers have shown significant interest in developing state-of-the-art machine learning methods capable of utilizing inertial sensor data and providing key decision support in different scenarios. This paper analyzes data-driven techniques for recognizing human daily living activities. Therefore, to improve the recognition and classification of human physical activities (for example, walking, drinking, and running), we introduced a model that integrates data preprocessing methods (such as denoising) along with major domain features (such as time, frequency, wavelet, and time-frequency features). Following that, stochastic gradient descent (SGD) is used to improve the performance of the extracted features. The selected features are catered to the random forest classifier to detect and monitor human physical activities. Additionally, the proposed HPAR system was evaluated on five benchmark datasets, namely the IM-WSHA, PAMAP-2, UCI HAR, MobiAct, and MOTIONSENSE databases. The experimental results show that the HPAR system outperformed the present state-of-the-art methods with recognition rates of 90.18%, 91.25%, 91.83%, 90.46%, and 92.16% from the IM-WSHA, PAMAP-2, UCI HAR, MobiAct, and MOTIONSENSE datasets, respectively. The proposed HPAR model has potential applications in healthcare, gaming, smart homes, security, and surveillance.",2022,"Sensors (Basel, Switzerland)",10.3390/s22176632,https://pubmed.ncbi.nlm.nih.gov/36081091/,"['Hilbert–Huang transform (HHT)', 'human physical activity recognition (HPAR)', 'inertial measurement unit (IMU)', 'stochastic gradient descent (SGD)']","['Sheikh Badar Ud Din Tahir', 'Abdul Basit Dogar', 'Rubia Fatima', 'Affan Yasin', 'Muhammad Shafiq', 'Javed Ali Khan', 'Muhammad Assam', 'Abdullah Mohamed', 'El-Awady Attia']",36081091,"Stochastic Recognition of Human Physical Activities via Augmented Feature Descriptors and Random Forest Model.. Sensors (Basel, Switzerland). 2022."
Delay Optimal Schemes for Internet of Things Applications in Heterogeneous Edge Cloud Computing Networks.,"Over the last decade, the usage of Internet of Things (IoT) enabled applications, such as healthcare, intelligent vehicles, and smart homes, has increased progressively. These IoT applications generate delayed- sensitive data and requires quick resources for execution. Recently, software-defined networks (SDN) offer an edge computing paradigm (e.g., fog computing) to run these applications with minimum end-to-end delays. Offloading and scheduling are promising schemes of edge computing to run delay-sensitive IoT applications while satisfying their requirements. However, in the dynamic environment, existing offloading and scheduling techniques are not ideal and decrease the performance of such applications. This article formulates joint and scheduling problems into combinatorial integer linear programming (CILP). We propose a joint task offloading and scheduling (JTOS) framework based on the problem. JTOS consists of task offloading, sequencing, scheduling, searching, and failure components. The study's goal is to minimize the hybrid delay of all applications. The performance evaluation shows that JTOS outperforms all existing baseline methods in hybrid delay for all applications in the dynamic environment. The performance evaluation shows that JTOS reduces the processing delay by 39% and the communication delay by 35% for IoT applications compared to existing schemes.",2022,"Sensors (Basel, Switzerland)",10.3390/s22165937,https://pubmed.ncbi.nlm.nih.gov/36015699/,"['CLIP', 'JTOS', 'SDN', 'dynamic environment', 'framework', 'task scheduling']","['Abdullah Lakhan', 'Mazin Abed Mohammed', 'Karrar Hameed Abdulkareem', 'Mustafa Musa Jaber', 'Jan Nedoma', 'Radek Martinek', 'Petr Zmij']",36015699,"Delay Optimal Schemes for Internet of Things Applications in Heterogeneous Edge Cloud Computing Networks.. Sensors (Basel, Switzerland). 2022."
Detection of Cardiovascular Disease Based on PPG Signals Using Machine Learning with Cloud Computing.,"Hypertension is the main cause of blood pressure (BP), which further causes various cardiovascular diseases (CVDs). The recent COVID-19 pandemic raised the burden on the healthcare system and also limits the resources to these patients only. The treatment of chronic patients, especially those who suffer from CVD, has fallen behind, resulting in increased deaths from CVD around the world. Regular monitoring of BP is crucial to prevent CVDs as it can be controlled and diagnosed through constant monitoring. To find an effective and convenient procedure for the early diagnosis of CVDs, photoplethysmography (PPG) is recognized as a low-cost technology. Through PPG technology, various cardiovascular parameters, including blood pressure, heart rate, blood oxygen saturation, etc., are detected. Merging the healthcare domain with information technology (IT) is a demanding area to reduce the rehospitalization of CVD patients. In the proposed model, PPG signals from the Internet of things (IoT)-enabled wearable patient monitoring (WPM) devices are used to monitor the heart rate (HR), etc., of the patients remotely. This article investigates various machine learning techniques such as decision tree (DT), naïve Bayes (NB), and support vector machine (SVM) and the deep learning model one-dimensional convolutional neural network-long short-term memory (1D CNN-LSTM) to develop a system that assists physicians during continuous monitoring, which achieved an accuracy of 99.5% using PPG-BP data set. The proposed system provides cost-effective, efficient, and fully connected monitoring systems for cardiac patients.",2022,Computational intelligence and neuroscience,10.1155/2022/1672677,https://pubmed.ncbi.nlm.nih.gov/35965760/,[],"['Tariq Sadad', 'Syed Ahmad Chan Bukhari', 'Asim Munir', 'Anwar Ghani', 'Ahmed M El-Sherbeeny', 'Hafiz Tayyab Rauf']",35965760,Detection of Cardiovascular Disease Based on PPG Signals Using Machine Learning with Cloud Computing.. Computational intelligence and neuroscience. 2022.
Edge-to-Cloud IIoT for Condition Monitoring in Manufacturing Systems with Ubiquitous Smart Sensors.,"The Industrial Internet of Things (IIoT) connects industrial assets to ubiquitous smart sensors and actuators to enhance manufacturing and industrial processes. Data-driven condition monitoring is an essential technology for intelligent manufacturing systems to identify anomalies from malfunctioning equipment, prevent unplanned downtime, and reduce the operation costs by predictive maintenance without interrupting normal machine operations. However, data-driven condition monitoring requires massive data collected from smart sensors to be transmitted to the cloud for further processing, thereby contributing to network congestion and affecting the network performance. Furthermore, unbalanced training data with very few labelled anomalies limit supervised learning models because of the lack of sufficient fault data for the training process in anomaly detection algorithms. To address these issues, we proposed an IIoT-based condition monitoring system with an edge-to-cloud architecture and computed the relative wavelet energy as feature vectors on the edge layer to reduce the network traffic overhead. We also proposed an unsupervised deep long short-term memory (LSTM) network module for anomaly detection. We implemented the proposed IIoT condition monitoring system for a manufacturing machine in a real shop site to evaluate our proposed solution. Our experimental results verify the effectiveness of our approach which can not only reduce the network traffic overhead for the IIoT but also detect anomalies accurately.",2022,"Sensors (Basel, Switzerland)",10.3390/s22155901,https://pubmed.ncbi.nlm.nih.gov/35957460/,"['Industrial IoT', 'LSTM', 'anomaly detection', 'condition monitoring', 'relative wavelet energy', 'unsupervised learning approach']","['Zhi Li', 'Fei Fei', 'Guanglie Zhang']",35957460,"Edge-to-Cloud IIoT for Condition Monitoring in Manufacturing Systems with Ubiquitous Smart Sensors.. Sensors (Basel, Switzerland). 2022."
I-Health: SDN-Based Fog Architecture for IIoT Applications in Healthcare.,"The Industrial Internet of Things (IIoT) has been introduced in an era of increasingly broad potentials in the medical industry. In recent years, IIoT-based healthcare applications have grown in popularity, with the majority of them relying on Wireless Body Area Network (WBAN) for flexibility. There have been a few recent works that have investigated SDN-based fog architecture for constructing smart healthcare systems. However, the best fog node from the fog layer must be identified and limit the transmission of unnecessary data. To address this issue, the Intelligent Software-defined Fog Architecture (i-Health) is developed in this work. Based on the prior data pattern of each patient, the controller will decide whether to send the data to the fog layer. Furthermore, we introduced the Fog Ranking Service (FRS) and Fog Probing Service (FPS) to select the best fog node. The performance comparison reveals that the proposed i-Health outperforms existing benchmark approaches.",2024,IEEE/ACM transactions on computational biology and bioinformatics,10.1109/TCBB.2022.3193918,https://pubmed.ncbi.nlm.nih.gov/35881600/,[],"['Joy Lal Sarkar', 'Ramasamy V', 'Abhishek Majumder', 'Bibudhendu Pati', 'Chhabi Rani Panigrahi', 'Weizheng Wang', 'Nawab Muhammad Faseeh Qureshi', 'Chunhua Su', 'Kapal Dev']",35881600,I-Health: SDN-Based Fog Architecture for IIoT Applications in Healthcare.. IEEE/ACM transactions on computational biology and bioinformatics. 2024.
Effect of smartphone app-based health care intervention for health management of high-risk mothers: a study protocol for a randomized controlled trial.,"The 4th Industrial Revolution with the advent of the smart era, in which artificial intelligence, such as big data analysis and machine learning, is expected, and the provision of healthcare services using smartphones has become a reality. In particular, high-risk mothers who experience gestational diabetes, gestational hypertension, and prenatal and postpartum depression are highly likely to have adverse effects on the mother and newborn due to the disease. Therefore, continuous observation and intervention in health management are needed to prevent diseases and promote healthy behavior for a healthy life.",2022,Trials,10.1186/s13063-022-06425-3,https://pubmed.ncbi.nlm.nih.gov/35698156/,"['Healthcare services', 'High-risk mothers', 'Randomized controlled trials', 'Smart medical technology', 'Smartphones apps']","['Bora Kim', 'Jong Youn Moon', 'Jae Yong Shin', 'Hae Rin Jeon', 'So Yeon Oh', 'Suk Young Kim']",35698156,Effect of smartphone app-based health care intervention for health management of high-risk mothers: a study protocol for a randomized controlled trial.. Trials. 2022.
Artificial Intelligence-Driven Intrusion Detection in Software-Defined Wireless Sensor Networks: Towards Secure IoT-Enabled Healthcare Systems.,"Wireless Sensor Networks (WSNs) are increasingly deployed in Internet of Things (IoT) systems for applications such as smart transportation, telemedicine, smart health monitoring and fall detection systems for the elderly people. Given that huge amount of data, vital and critical information can be exchanged between the different parts of a WSN, good management and protection schemes are needed to ensure an efficient and secure operation of the WSN. To ensure an efficient management of WSNs, the Software-Defined Wireless Sensor Network (SDWSN) paradigm has been recently introduced in the literature. In the same vein, Intrusion Detection Systems, have been used in the literature to safeguard the security of SDWSN-based IoTs. In this paper, three popular Artificial Intelligence techniques (Decision Tree, Naïve Bayes, and Deep Artificial Neural Network) are trained to be deployed as anomaly detectors in IDSs. It is shown that an IDS using the Decision Tree-based anomaly detector yields the best performances metrics both in the binary classification and in the multinomial classification. Additionally, it was found that an IDS using the Naïve Bayes-based anomaly detector was only adapted for binary classification of intrusions in low memory capacity SDWSN-based IoT (e.g., wearable fitness tracker). Moreover, new state-of-the-art accuracy (binary classification) and F-scores (multinomial classification) were achieved by introducing an end-to-end feature engineering scheme aimed at obtaining 118 features from the 41 features of the Network Security Laboratory-Knowledge Discovery in Databases (NSL-KDD) dataset. The state-of-the-art accuracy was pushed to 0.999777 using the Decision Tree-based anomaly detector. Finally, it was found that the Deep Artificial Neural Network should be expected to become the next default anomaly detector in the light of its current performance metrics and the increasing abundance of training data.",2022,International journal of environmental research and public health,10.3390/ijerph19095367,https://pubmed.ncbi.nlm.nih.gov/35564763/,"['Artificial Intelligence', 'Internet of Things', 'Software-Defined Wireless Sensor Network', 'Wireless Sensor Network', 'deep learning', 'healthcare', 'intrusion detection', 'security']","['Shimbi Masengo Wa Umba', 'Adnan M Abu-Mahfouz', 'Daniel Ramotsoela']",35564763,Artificial Intelligence-Driven Intrusion Detection in Software-Defined Wireless Sensor Networks: Towards Secure IoT-Enabled Healthcare Systems.. International journal of environmental research and public health. 2022.
Responding to the opioid crisis in North America and beyond: recommendations of the Stanford-Lancet Commission.,,2022,"Lancet (London, England)",10.1016/S0140-6736(21)02252-2,https://pubmed.ncbi.nlm.nih.gov/35122753/,[],"['Keith Humphreys', 'Chelsea L Shover', 'Christina M Andrews', 'Amy S B Bohnert', 'Margaret L Brandeau', 'Jonathan P Caulkins', 'Jonathan H Chen', 'Mariano-Florentino Cuéllar', 'Yasmin L Hurd', 'David N Juurlink', 'Howard K Koh', 'Erin E Krebs', 'Anna Lembke', 'Sean C Mackey', 'Lisa Larrimore Ouellette', 'Brian Suffoletto', 'Christine Timko']",35122753,"Responding to the opioid crisis in North America and beyond: recommendations of the Stanford-Lancet Commission.. Lancet (London, England). 2022."
Investigating the Relationship between Governance and Key Processes of the Iran IoT Innovation System.,"Despite the emergence of unique opportunities for social-industrial growth and development resulting from the use of the Internet of Things (IoT), lack of a well-posed IoT governance will cause serious threats on personal privacy, public safety, industrial security, and dubious data gathering by unauthorized entities. Furthermore, adopting a systemic governance approach, particularly for the IoT innovation system, requires a precise clarification on the concept and scope of IoT governance. In this study, by employing the Structural Equation Modeling (SEM) approach, the role of governance in the Iran IoT innovation system is investigated. Contacting respondents across the seven industries, including Information and Communication Technology (ICT), Healthcare, Transportation, Oil and Gas, Energy, Agriculture, and Banking over the course of three months, the authors performed statistical analysis on 319 fulfilled questionnaires using SPPS and Smart PLS software. Findings show that all IoT-related TIS processes have been affected by IoT governance functions. The main result of this study is the proposition of particular governance functions, including policy-making, regulation, facilitation, and service provision with more notable impact on the indicators of the key processes in the IoT-based TIS.",2022,"Sensors (Basel, Switzerland)",10.3390/s22020652,https://pubmed.ncbi.nlm.nih.gov/35062613/,"['Internet of Things (IoT)', 'governance functions', 'key processes of TIS', 'technological innovation systems (TIS)']","['Hamze Sadeghizadeh', 'Amir Hossein Davaie Markazi', 'Saeed Shavvalpour']",35062613,"Investigating the Relationship between Governance and Key Processes of the Iran IoT Innovation System.. Sensors (Basel, Switzerland). 2022."
An Industrial IoT-Based Blockchain-Enabled Secure Searchable Encryption Approach for Healthcare Systems Using Neural Network.,"The IoT refers to the interconnection of things to the physical network that is embedded with software, sensors, and other devices to exchange information from one device to the other. The interconnection of devices means there is the possibility of challenges such as security, trustworthiness, reliability, confidentiality, and so on. To address these issues, we have proposed a novel group theory (GT)-based binary spring search (BSS) algorithm which consists of a hybrid deep neural network approach. The proposed approach effectively detects the intrusion within the IoT network. Initially, the privacy-preserving technology was implemented using a blockchain-based methodology. Security of patient health records (PHR) is the most critical aspect of cryptography over the Internet due to its value and importance, preferably in the Internet of Medical Things (IoMT). Search keywords access mechanism is one of the typical approaches used to access PHR from a database, but it is susceptible to various security vulnerabilities. Although blockchain-enabled healthcare systems provide security, it may lead to some loopholes in the existing state of the art. In literature, blockchain-enabled frameworks have been presented to resolve those issues. However, these methods have primarily focused on data storage and blockchain is used as a database. In this paper, blockchain as a distributed database is proposed with a homomorphic encryption technique to ensure a secure search and keywords-based access to the database. Additionally, the proposed approach provides a secure key revocation mechanism and updates various policies accordingly. As a result, a secure patient healthcare data access scheme is devised, which integrates blockchain and trust chain to fulfill the efficiency and security issues in the current schemes for sharing both types of digital healthcare data. Hence, our proposed approach provides more security, efficiency, and transparency with cost-effectiveness. We performed our simulations based on the blockchain-based tool Hyperledger Fabric and OrigionLab for analysis and evaluation. We compared our proposed results with the benchmark models, respectively. Our comparative analysis justifies that our proposed framework provides better security and searchable mechanism for the healthcare system.",2022,"Sensors (Basel, Switzerland)",10.3390/s22020572,https://pubmed.ncbi.nlm.nih.gov/35062530/,"['blockchain', 'healthcare system', 'homomorphic encryption', 'performance', 'privacy', 'security', 'smart contracts']","['Aitizaz Ali', 'Mohammed Amin Almaiah', 'Fahima Hajjej', 'Muhammad Fermi Pasha', 'Ong Huey Fang', 'Rahim Khan', 'Jason Teo', 'Muhammad Zakarya']",35062530,"An Industrial IoT-Based Blockchain-Enabled Secure Searchable Encryption Approach for Healthcare Systems Using Neural Network.. Sensors (Basel, Switzerland). 2022."
"A Platform and Multisided Market for Translational, Software-Defined Medical Procedures in the Operating Room (OP 4.1): Proof-of-Concept Study.","Although digital and data-based technologies are widespread in various industries in the context of Industry 4.0, the use of smart connected devices in health care is still in its infancy. Innovative solutions for the medical environment are affected by difficult access to medical device data and high barriers to market entry because of proprietary systems.",2022,JMIR medical informatics,10.2196/27743,https://pubmed.ncbi.nlm.nih.gov/35049510/,"['Internet of Medical Things', 'IoT', 'cloud-based platform', 'data', 'eHealth', 'medical apps', 'multisided market', 'perioperative medicine', 'software-defined healthcare', 'translational research']","['Magdalena Görtz', 'Michael Byczkowski', 'Mathias Rath', 'Viktoria Schütz', 'Philipp Reimold', 'Claudia Gasch', 'Tobias Simpfendörfer', 'Keno März', 'Alexander Seitel', 'Marco Nolden', 'Tobias Ross', 'Diana Mindroc-Filimon', 'Dominik Michael', 'Jasmin Metzger', 'Sinan Onogur', 'Stefanie Speidel', 'Lars Mündermann', 'Johannes Fallert', 'Michael Müller', 'Magnus von Knebel Doeberitz', 'Dogu Teber', 'Peter Seitz', 'Lena Maier-Hein', 'Stefan Duensing', 'Markus Hohenfellner']",35049510,"A Platform and Multisided Market for Translational, Software-Defined Medical Procedures in the Operating Room (OP 4.1): Proof-of-Concept Study.. JMIR medical informatics. 2022."
Cloud-Based Software Architecture for Fully Automated Point-of-Care Molecular Diagnostic Device.,"This paper proposes a cloud-based software architecture for fully automated point-of-care molecular diagnostic devices. The target system operates a cartridge consisting of an extraction body for DNA extraction and a PCR chip for amplification and fluorescence detection. To facilitate control and monitoring via the cloud, a socket server was employed for fundamental molecular diagnostic functions such as DNA extraction, amplification, and fluorescence detection. The user interface for experimental control and monitoring was constructed with the RESTful application programming interface, allowing access from the terminal device, edge, and cloud. Furthermore, it can also be accessed through any web-based user interface on smart computing devices such as smart phones or tablets. An emulator with the proposed software architecture was fabricated to validate successful operation.",2021,"Sensors (Basel, Switzerland)",10.3390/s21216980,https://pubmed.ncbi.nlm.nih.gov/34770286/,"['cloud-based', 'fully automated molecular diagnostic system', 'point-of-care', 'web-based user interface']","['Byeong-Heon Kil', 'Ji-Seong Park', 'Mun-Ho Ryu', 'Chan-Young Park', 'Yu-Seop Kim', 'Jong-Dae Kim']",34770286,"Cloud-Based Software Architecture for Fully Automated Point-of-Care Molecular Diagnostic Device.. Sensors (Basel, Switzerland). 2021."
"Security and Blockchain Convergence with Internet of Multimedia Things: Current Trends, Research Challenges and Future Directions.","The Internet of Multimedia Things (IoMT) orchestration enables the integration of systems, software, cloud, and smart sensors into a single platform. The IoMT deals with scalar as well as multimedia data. In these networks, sensor-embedded devices and their data face numerous challenges when it comes to security. In this paper, a comprehensive review of the existing literature for IoMT is presented in the context of security and blockchain. The latest literature on all three aspects of security, i.e., authentication, privacy, and trust is provided to explore the challenges experienced by multimedia data. The convergence of blockchain and IoMT along with multimedia-enabled blockchain platforms are discussed for emerging applications. To highlight the significance of this survey, large-scale commercial projects focused on security and blockchain for multimedia applications are reviewed. The shortcomings of these projects are explored and suggestions for further improvement are provided. Based on the aforementioned discussion, we present our own case study for healthcare industry: a theoretical framework having security and blockchain as key enablers. The case study reflects the importance of security and blockchain in multimedia applications of healthcare sector. Finally, we discuss the convergence of emerging technologies with security, blockchain and IoMT to visualize the future of tomorrow's applications.",2021,Journal of network and computer applications (Online),10.1016/j.jnca.2020.102918,https://pubmed.ncbi.nlm.nih.gov/34690484/,"['Blockchain', 'Convergence', 'Emerging Applications', 'Internet of Multimedia Things', 'Internet of Things', 'Privacy', 'Security', 'Trust']","['Mian Ahmad Jan', 'Jinjin Cai', 'Xiang-Chuan Gao', 'Fazlullah Khan', 'Spyridon Mastorakis', 'Muhammad Usman', 'Mamoun Alazab', 'Paul Watters']",34690484,"Security and Blockchain Convergence with Internet of Multimedia Things: Current Trends, Research Challenges and Future Directions.. Journal of network and computer applications (Online). 2021."
"Hospital Investment Decisions in Healthcare 4.0 Technologies: Scoping Review and Framework for Exploring Challenges, Trends, and Research Directions.","Alternative approaches to analyzing and evaluating health care investments in state-of-the-art technologies are being increasingly discussed in the literature, especially with the advent of Healthcare 4.0 (H4.0) technologies or eHealth. Such investments generally involve computer hardware and software that deal with the storage, retrieval, sharing, and use of health care information, data, and knowledge for communication and decision-making. Besides, the use of these technologies significantly increases when addressed in bundles. However, a structured and holistic approach to analyzing investments in H4.0 technologies is not available in the literature.",2021,Journal of medical Internet research,10.2196/27571,https://pubmed.ncbi.nlm.nih.gov/34435967/,"['decision making', 'decision-makers', 'health care investment', 'health technology', 'health technology assessment', 'healthcare 4.0', 'hospital', 'hospital management', 'investments', 'new technologies', 'public health', 'real options', 'scoping review', 'smart technology', 'technological bundles', 'technology']","['Roberto Santiago Vassolo', 'Alejandro Francisco Mac Cawley', 'Guilherme Luz Tortorella', 'Flavio Sanson Fogliatto', 'Diego Tlapa', 'Gopalakrishnan Narayanamurthy']",34435967,"Hospital Investment Decisions in Healthcare 4.0 Technologies: Scoping Review and Framework for Exploring Challenges, Trends, and Research Directions.. Journal of medical Internet research. 2021."
Pilot study to evaluate safety culture perception in the operating theatres of an acute NHS Trust using the National Air Traffic Services (NATS) App.,"An area critical to safety in an organisation is the perceived and actual culture. National Air Traffic Services (NATS) work closely with large safety-critical industries including various aviation companies to enable them to identify strengths and vulnerabilities with the aim of improving safe practice. NATS have developed a simple free downloadable self-assessment App that individuals can use to assess their own culture perception in their organisation. The App has 16 questions arranged in four domains but to our knowledge it has not been used to date in healthcare. As part of the initiatives to improve staff culture, we evaluated operating theatre colleagues' safety perception in our large acute NHS Trust in a pilot study using the NATS safety App. Staff downloaded the App to their smart device before completing it. Responses were sent anonymously through the App and collated by NATS. A total of 146 colleagues downloaded and completed the questionnaire. One hundred and seventeen staff (80%) felt encouraged to report safety concerns, but 86% (n=126) confirmed a lack of available support from healthcare managers. Only 43% of respondents (n=63) would find it easy to challenge colleagues if they observed unsafe behaviour. This pilot study has identified positive indicators of an evolving NHS safety culture, and some concerns about speaking up, support, and challenging colleagues without fear. These issues are known to occur across healthcare. Further work is needed in the NHS to provide a supportive environment to improve patient safety, and lower hierarchy in surgical teams.",2021,The British journal of oral & maxillofacial surgery,10.1016/j.bjoms.2021.04.013,https://pubmed.ncbi.nlm.nih.gov/34281735/,"['COVID-19', 'Culture', 'Human factors', 'Medical error', 'Risk', 'Safety']","['P A Brennan', 'A Dalal', 'J Knighton', 'R Jones', 'R S Oeppen']",34281735,Pilot study to evaluate safety culture perception in the operating theatres of an acute NHS Trust using the National Air Traffic Services (NATS) App.. The British journal of oral & maxillofacial surgery. 2021.
Integrating Option Grid Patient Decision Aids in the Epic Electronic Health Record: Case Study at 5 Health Systems.,"Some researchers argue that the successful implementation of patient decision aids (PDAs) into clinical workflows depends on their integration into electronic health records (EHRs). Anecdotally, we know that EHR integration is a complex and time-consuming task; yet, the process has not been examined in detail. As part of an implementation project, we examined the work involved in integrating an encounter PDA for symptomatic uterine fibroids into Epic EHR systems.",2021,Journal of medical Internet research,10.2196/22766,https://pubmed.ncbi.nlm.nih.gov/33938806/,"['HL7 SMART on FHIR', 'electronic health record', 'implementation', 'patient decision aids', 'shared decision making']","['Peter Scalia', 'Farhan Ahmad', 'Danielle Schubbe', 'Rachel Forcino', 'Marie-Anne Durand', 'Paul James Barr', 'Glyn Elwyn']",33938806,Integrating Option Grid Patient Decision Aids in the Epic Electronic Health Record: Case Study at 5 Health Systems.. Journal of medical Internet research. 2021.
Enhancing Safety During a Pandemic Using Virtual Care Remote Monitoring Technologies and UML Modeling.,This paper describes a methodology for gathering requirements and early design of remote monitoring technology (RMT) for enhancing patient safety during pandemics using virtual care technologies. As pandemics such as COrona VIrus Disease (COVID-19) progress there is an increasing need for effective virtual care and RMT to support patient care while they are at home.,2021,Yearbook of medical informatics,10.1055/s-0041-1726485,https://pubmed.ncbi.nlm.nih.gov/33882599/,[],"['Elizabeth M Borycki', 'Andre W Kushniruk', 'Ryan Kletke', 'Vivian Vimarlund', 'Yalini Senathirajah', 'Yuri Quintana']",33882599,Enhancing Safety During a Pandemic Using Virtual Care Remote Monitoring Technologies and UML Modeling.. Yearbook of medical informatics. 2021.
Digital Technologies for Schizophrenia Management: A Descriptive Review.,"While the implementation of digital technology in psychiatry appears promising, there is an urgent need to address the implications of the absence of ethical design in the early development of such technologies. Some authors have noted the gap between technology development and ethical analysis and have called for an upstream examination of the ethical issues raised by digital technologies. In this paper, we address this suggestion, particularly in relation to digital healthcare technologies for patients with schizophrenia spectrum disorders. The introduction of digital technologies in psychiatry offers a broad spectrum of diagnostic and treatment options tailored to the health needs and goals of patients' care. These technologies include wearable devices, smartphone applications for high-immersive virtual realities, smart homes, telepsychiatry and messaging systems for patients in rural areas. The availability of these technologies could increase access to mental health services and improve the diagnostics of mental disorders. In this descriptive review, we systematize ethical concerns about digital technologies for mental health with a particular focus on individuals suffering from schizophrenia. There are many unsolved dilemmas and conflicts of interest in the implementation of these technologies, such as (1) the lack of evidence on efficacy and impact on self-perception; (2) the lack of clear standards for the safety of their daily implementation; (3) unclear roles of technology and a shift in the responsibilities of all parties; (4) no guarantee of data confidentiality; and (5) the lack of a user-centered design that meets the particular needs of patients with schizophrenia. mHealth can improve care in psychiatry and make mental healthcare services more efficient and personalized while destigmatizing mental health disorders. To ensure that these technologies will benefit people with mental health disorders, we need to heighten sensitivity to ethical issues among mental healthcare specialists, health policy makers, software developers, patients themselves and their proxies. Additionally, we need to develop frameworks for furthering sustainable development in the digital technologies industry and for the responsible usage of such technologies for patients with schizophrenia in the clinical setting. We suggest that digital technology in psychiatry, particularly for schizophrenia and other serious mental health disorders, should be integrated into treatment with professional supervision rather than as a self-treatment tool.",2021,Science and engineering ethics,10.1007/s11948-021-00302-z,https://pubmed.ncbi.nlm.nih.gov/33835287/,[],"['Olga Chivilgina', 'Bernice S Elger', 'Fabrice Jotterand']",33835287,Digital Technologies for Schizophrenia Management: A Descriptive Review.. Science and engineering ethics. 2021.
Next-generation UWB antennas gadgets for human health care using SAR.,"The body area network is now the most challenging and most popular network for study and research. Communication about the body has undoubtedly taken its place due to a wide variety of applications in industry, health care, and everyday life in wireless network technologies. The body area network requires such smart antennas that can provide the best benefits and reduce interference with the same channel. The discovery of this type of antenna design is at the initiative of this research. In this work, to get a good variety, the emphasis is on examining different techniques. The ultra-wide band is designed, simulated, and manufactured because the ultra-wide band offers better performance compared to narrowband antennas. To analyze the specific absorption rate, we designed a multilayer model of human head and hand in the high-frequency structure simulator. In the final stage, we simulated our antennas designed with the head and hand model to calculate the results of the specific absorption rate. The analysis of the specific absorption rate for the head and hand was calculated by placing the antennas on the designed model.",2021,EURASIP journal on wireless communications and networking,10.1186/s13638-021-01906-6,https://pubmed.ncbi.nlm.nih.gov/33613666/,"['Healthcare applications', 'Patient monitoring', 'Signal analysis', 'Signal processing', 'Smart applications', 'WSN', 'Wireless body area networks']","['Aysha Maryam Ali', 'Mohammed A Al Ghamdi', 'Muhammad Munwar Iqbal', 'Shehzad Khalid', 'Hamza Aldabbas', 'Saqib Saeed']",33613666,Next-generation UWB antennas gadgets for human health care using SAR.. EURASIP journal on wireless communications and networking. 2021.
The relationship between safety attitude and safety performance in the petrochemical industry: The mediating role of safety climate.,This study aimed to investigate the relationship between safety attitudes and safety performance considering the mediating role of safety climate in the petrochemical industry.,2021,"Work (Reading, Mass.)",10.3233/WOR-203353,https://pubmed.ncbi.nlm.nih.gov/33386840/,"['GOF', 'PLS', 'reliability', 'validity']","['Sanaz Karimpour', 'Fereshteh Jahani', 'Gholam Abbas Shirali']",33386840,"The relationship between safety attitude and safety performance in the petrochemical industry: The mediating role of safety climate.. Work (Reading, Mass.). 2021."
Part 2: Blockchain technology in health care.,"Blockchain technology is one of the many disruptive technologies of the Fourth Industrial Revolution that will irrevocably change the way we live and work. These technologies are well embedded in the areas of global finance, health care and defence, to name a few. This review focuses on the relevance of blockchain technology to health care. Blockchain technology will be the unifying platform for sharing patient data currently inaccessible due to the siloed architecture of legacy software systems, and as a result potentially be the basis for precision or individualized patient treatment. It will also strengthen digital security of sensitive patient data that is presently a lucrative target for cyber criminals. In the current COVID-19 environment, clinicians will rely more on telehealth to reduce person-to-person contact. This service can be delivered by the clinical team with confidence in the veracity of the patient data made accessible through the blockchain platform. Smart contracts written on the blockchain platform will reduce the possibility of international humanitarian aid to low- and middle-income countries being misspent. The pharmaceutical supply chain industry is adopting blockchain technology to ensure supply chain provenance. Similarly, the health insurance industry recognizes how the blockchain ecosystem can improve services to its members and expedite reimbursements to clinicians.",2020,ANZ journal of surgery,10.1111/ans.16455,https://pubmed.ncbi.nlm.nih.gov/33236489/,"['blockchain', 'computer security', 'electronic health records']","['Lorwai Tan', 'David Tivey', 'Helena Kopunic', 'Wendy Babidge', 'Sally Langley', 'Guy Maddern']",33236489,Part 2: Blockchain technology in health care.. ANZ journal of surgery. 2020.
Smart Data Collection for the Assessment of Treatment Effects in Irritable Bowel Syndrome: Observational Study.,End-of-day symptom diaries are recommended by drug regulatory authorities to assess treatment response in patients with irritable bowel syndrome. We developed a smartphone app to measure treatment response.,2020,JMIR mHealth and uHealth,10.2196/19696,https://pubmed.ncbi.nlm.nih.gov/33030150/,"['PERSUADE study.', 'compliance', 'digital diary', 'e-health', 'electronic case report file', 'irritable bowel syndrome', 'mhealth', 'mobile phone application', 'patient reported outcome measures', 'peppermint oil', 'smartphone application']","['Zsa Zsa R M Weerts', 'Koert G E Heinen', 'Ad A M Masclee', 'Amber B A Quanjel', 'Bjorn Winkens', 'Lisa Vork', 'Paula E L M Rinkens', 'Daisy M A E Jonkers', 'Daniel Keszthelyi']",33030150,Smart Data Collection for the Assessment of Treatment Effects in Irritable Bowel Syndrome: Observational Study.. JMIR mHealth and uHealth. 2020.
The valorization of non-patent intellectual property in academic medical centers.,"Turning university research output into useful products such as drugs, devices and diagnostics requires skills, knowledge, and resources traditionally attributed to private industry. When it comes to intangibles such as care delivery models, informatics and algorithms, and the software behind smart wearables, the commercialization challenges are even greater. With notable exceptions, Academic Medical Centers have typically not excelled in advancing commercialization of such non-patent intellectual property (IP). We believe that this is in part because the traditional closed form university IP policy, formulated since Bayh-Dole (1980), is ill-suited to non-patent IP. In this paper, we reflect on the evolving challenges that new forms of healthcare-related discoveries, specifically non-patent IP, are placing on the traditional university intellectual property and technology transfer regime, and to offer suggestions on how universities can begin to modernize their IP policies to support the valorization of non-patent IP.",2020,The Journal of technology transfer,10.1007/s10961-020-09827-0,https://pubmed.ncbi.nlm.nih.gov/33012983/,"['Academic medical centers', 'Non-patent intellectual property', 'University technology transfer policies', 'Work-for-hire policy']","['Kieren Marr', 'Phillip Phan']",33012983,The valorization of non-patent intellectual property in academic medical centers.. The Journal of technology transfer. 2020.
Hardware for Recognition of Human Activities: A Review of Smart Home and AAL Related Technologies.,"Activity recognition (AR) from an applied perspective of ambient assisted living (AAL) and smart homes (SH) has become a subject of great interest. Promising a better quality of life, AR applied in contexts such as health, security, and energy consumption can lead to solutions capable of reaching even the people most in need. This study was strongly motivated because levels of development, deployment, and technology of AR solutions transferred to society and industry are based on software development, but also depend on the hardware devices used. The current paper identifies contributions to hardware uses for activity recognition through a scientific literature review in the Web of Science (WoS) database. This work found four dominant groups of technologies used for AR in SH and AAL-smartphones, wearables, video, and electronic components-and two emerging technologies: Wi-Fi and assistive robots. Many of these technologies overlap across many research works. Through bibliometric networks analysis, the present review identified some gaps and new potential combinations of technologies for advances in this emerging worldwide field and their uses. The review also relates the use of these six technologies in health conditions, health care, emotion recognition, occupancy, mobility, posture recognition, localization, fall detection, and generic activity recognition applications. The above can serve as a road map that allows readers to execute approachable projects and deploy applications in different socioeconomic contexts, and the possibility to establish networks with the community involved in this topic. This analysis shows that the research field in activity recognition accepts that specific goals cannot be achieved using one single hardware technology, but can be using joint solutions, this paper shows how such technology works in this regard.",2020,"Sensors (Basel, Switzerland)",10.3390/s20154227,https://pubmed.ncbi.nlm.nih.gov/32751345/,"['AAL', 'activity recognition', 'ambient assisted living', 'hardware', 'review', 'smart home']","['Andres Sanchez-Comas', 'Kåre Synnes', 'Josef Hallberg']",32751345,"Hardware for Recognition of Human Activities: A Review of Smart Home and AAL Related Technologies.. Sensors (Basel, Switzerland). 2020."
User-Dependent Usability and Feasibility of a Swallowing Training mHealth App for Older Adults: Mixed Methods Pilot Study.,"Swallowing difficulties (ie, dysphagia) are common among older adults, with a 13% to 54% prevalence. Adequate interventions to improve the swallowing function of older adults would reduce morbidity and enhance health-related quality of life outcomes. Mobile health (mHealth) apps may help alleviate dysphagia symptoms by providing programs that maximize the intensity and frequency of training without requiring high costs or regular clinic visits.",2020,JMIR mHealth and uHealth,10.2196/19585,https://pubmed.ncbi.nlm.nih.gov/32663161/,"['apps', 'dysphagia', 'education', 'experience', 'mHealth', 'older adults', 'sociodemographic', 'swallowing', 'thematic analysis', 'usability']","['HyangHee Kim', 'Sang-Ho Lee', 'Nam-Bin Cho', 'Heecheon You', 'Teukgyu Choi', 'Jinwon Kim']",32663161,User-Dependent Usability and Feasibility of a Swallowing Training mHealth App for Older Adults: Mixed Methods Pilot Study.. JMIR mHealth and uHealth. 2020.
[eHealth-smart devices revolutionizing cardiology].,The use of smart devices such as smartphones and smartwatches in cardiology continues to significantly increase. The widespread use is also promoted by patients and the industry.,2020,Herzschrittmachertherapie & Elektrophysiologie,10.1007/s00399-020-00700-z,https://pubmed.ncbi.nlm.nih.gov/32661563/,"['Artificial intelligence', 'Cardiology', 'Smartphone', 'Smartwatch', 'Wearables']","['Jakob Ledwoch', 'David Duncker']",32661563,[eHealth-smart devices revolutionizing cardiology].. Herzschrittmachertherapie & Elektrophysiologie. 2020.
Use of smartphone and perception towards the usefulness and practicality of its medical applications among healthcare workers in Saudi Arabia.,"In Saudi Arabia, healthcare industry is undergoing major expansions to meet the demand of rapidly growing healthcare needs. The aims of this study were; (1) to assess the pattern of smartphone use in healthcare facilities, and (2) to determine perception towards its use among healthcare workers.",2019,BMC health services research,10.1186/s12913-019-4523-1,https://pubmed.ncbi.nlm.nih.gov/31718639/,"['Attitude', 'Health-related applications', 'Healthcare facility', 'Pattern of use', 'Smartphone use']","['Mostafa A Abolfotouh', ""Ala'a BaniMustafa"", 'Mahmoud Salam', 'Mohammed Al-Assiri', 'Bader Aldebasi', 'Ibraheem Bushnak']",31718639,Use of smartphone and perception towards the usefulness and practicality of its medical applications among healthcare workers in Saudi Arabia.. BMC health services research. 2019.
Commercial Devices-Based System Designed to Improve the Treatment Adherence of Hypertensive Patients.,"This paper presents an intelligent system designed to increase the treatment adherence of hypertensive patients. The architecture was developed to allow communication among patients, physicians, and families to determine each patient's rate assertion of medication intake time and their self-monitoring of blood pressure. Concerning the medication schedule, the system is designed to follow a predefined prescription, adapting itself to undesired events, such as mistakenly taking medication or forgetting to take medication on time. When covering the blood pressure measurement, it incorporates best medical practices, registering the actual values in recommended frequency and form, trying to avoid the known ""white-coat effect."" We assume that taking medicine precisely and measuring blood pressure correctly may lead to good adherence to the treatment. The system uses commercial consumer electronic devices and can be replicated in any home equipped with a standard personal computer and Internet access. The resulting architecture has four layers. The first is responsible for adding electronic devices that typically exist in today's homes to the system. The second is a preprocessing layer that filters the data generated from the patient's behavior. The third is a reasoning layer that decides how to act based on the patient's activities observed. Finally, the fourth layer creates messages that should drive the reactions of all involved actors. The reasoning layer takes into consideration the patient's schedule and medication-taking activity data and uses implicit algorithms based on the J48, RepTree, and RandomTree decision tree models to infer the adherence. The algorithms were first adjusted using one academic machine learning and data mining tool. The system communicates with users through smartphones (anytime and anywhere) and smart TVs (in the patient's home) by using the 3G/4G and WiFi infrastructure. It interacts automatically through social networks with doctors and relatives when changes or mistakes in medication intake and blood pressure mean values are detected. By associating the blood pressure data with the history of medication intake, our system can indicate the treatment adherence and help patients to achieve better treatment results. Comparisons with similar research were made, highlighting our findings.",2019,"Sensors (Basel, Switzerland)",10.3390/s19204539,https://pubmed.ncbi.nlm.nih.gov/31635394/,"['ambient intelligence', 'assisted living', 'health information management', 'medical expert systems', 'medical treatment', 'smart homes']","['Vandermi João da Silva', 'Vinicius da Silva Souza', 'Robson Guimarães da Cruz', 'Juliana Mesquita Vidal Martinez de Lucena', 'Nasser Jazdi', 'Vicente Ferreira de Lucena Junior']",31635394,"Commercial Devices-Based System Designed to Improve the Treatment Adherence of Hypertensive Patients.. Sensors (Basel, Switzerland). 2019."
"Design and Evaluation of an Integrated, Patient-Focused Electronic Health Record Display for Emergency Medicine.","Hospital emergency departments (EDs) are dynamic environments, involving coordination and shared decision making by staff who care for multiple patients simultaneously. While computerized information systems have been widely adopted in such clinical environments, serious issues have been raised related to their usability and effectiveness. In particular, there is a need to support clinicians to communicate and maintain awareness of a patient's health status, and progress through the ED plan of care.",2019,Applied clinical informatics,10.1055/s-0039-1695800,https://pubmed.ncbi.nlm.nih.gov/31533171/,[],"['Xiaomei Wang', 'Tracy C Kim', 'Sudeep Hegde', 'Daniel J Hoffman', 'Natalie C Benda', 'Ella S Franklin', 'David Lavergne', 'Shawna J Perry', 'Rollin J Fairbanks', 'A Zachary Hettinger', 'Emilie M Roth', 'Ann M Bisantz']",31533171,"Design and Evaluation of an Integrated, Patient-Focused Electronic Health Record Display for Emergency Medicine.. Applied clinical informatics. 2019."
"A hierarchical, scalable architecture for a real-time monitoring system for an electrocardiography, using context-aware computing.","Heart failure is one of the most common cause of death in the world. The real-time health monitoring system with the advent of the Internet of things has attracted growing attention in the health care industry, which can help reducing the death rate of heart failure. Despite the recent success of these efforts, there have been some limitations, such as response time, scalability, latency and fault tolerance. To address these issues, in this paper, we propose a hierarchical architecture with four layers to develop health care systems. In the proposed model, the vital signs of a patient are measured by means of a body sensor network and sent to a smart health care system. Each of these layers is related to a certain level of heart failure. Therefore, in the proposed model, simple and low-risk heart failure can be detected quickly before it reaches to a dangerous level. Empirical results confirm a significant improvement in terms of response time and scalability in comparison with the state of the art techniques.",2019,Journal of biomedical informatics,10.1016/j.jbi.2019.103251,https://pubmed.ncbi.nlm.nih.gov/31326625/,"['Cloudlet', 'Context aware computing', 'Edge computing', 'Heart failure', 'Internet of things', 'Smart health care']","['Ahmad Malekian Borujeni', 'Mahmood Fathy', 'Nasser Mozayani']",31326625,"A hierarchical, scalable architecture for a real-time monitoring system for an electrocardiography, using context-aware computing.. Journal of biomedical informatics. 2019."
Identifying and Prioritizing of Data Elements for the Ophthalmology Health Smart Card.,"Recently, with the development of information and communication technology in the healthcare industry, the tools of this technology have different applications such as Health Smart Card in this area. The main application of health smart card in the field of ophthalmology is providing demographic and clinical information for different people. Therefore, this study was done to identify and prioritize the data elements of the ophthalmology health smart card.",2018,Acta informatica medica : AIM : journal of the Society for Medical Informatics of Bosnia & Herzegovina : casopis Drustva za medicinsku informatiku BiH,10.5455/aim.2018.26.245-248,https://pubmed.ncbi.nlm.nih.gov/30692707/,"['Common data elements', 'Health smart cards', 'Ophthalmology']","['Ahmadreza Shamsabadi', 'Reza Safdari', 'Marjan Ghazisaeedi', 'Jebraeil Farzi', 'Tayebeh Noori', 'Esmaeil Mehraeen']",30692707,Identifying and Prioritizing of Data Elements for the Ophthalmology Health Smart Card.. Acta informatica medica : AIM : journal of the Society for Medical Informatics of Bosnia & Herzegovina : casopis Drustva za medicinsku informatiku BiH. 2018.
Toward a new age of patient centricity? The application of eye-tracking to the development of connected self-injection systems.,"Increasing interest in digitally enhanced drug delivery tools urges both industry and academia to rethink current approaches to product usability testing. This article introduces mobile eye-tracking, generating detailed contextual data about user engagement with connected self-injection systems as a new methodological approach to formative usability assessment.",2019,Expert opinion on drug delivery,10.1080/17425247.2019.1563070,https://pubmed.ncbi.nlm.nih.gov/30577710/,"['Connected drug delivery', 'digital health', 'eye-tracking', 'formative usability', 'patient centricity', 'self-injection devices', 'smart devices']","['Quentin Lohmeyer', 'Andreas Schneider', 'Christoph Jordi', 'Jakob Lange', 'Mirko Meboldt']",30577710,Toward a new age of patient centricity? The application of eye-tracking to the development of connected self-injection systems.. Expert opinion on drug delivery. 2019.
[Opportunities and challenges of blockchain technology in the healthcare industry].,"Often described as a tool to build trust among stakeholders with divergent interests, blockchain technology has been of interest to many sectors since it was first used in 2008. Initially designed to record financial transactions between individuals, its applications have largely evolved with technological advances and the growing interest of international companies. In the healthcare sector, blockchain is interesting for many of its features: its immutability which makes it an excellent support for authenticating sensitive data such as clinical trials consents, the possibility of publishing smart contracts that automate and facilitate many processes or the constitution of a network that agrees on the state of the information. Much acclaimed, blockchain technology is still to be tested in real-life conditions and adapted to a particularly complex regulatory and economic context in the healthcare sector.",2018,Medecine sciences : M/S,10.1051/medsci/2018204,https://pubmed.ncbi.nlm.nih.gov/30451661/,[],"['Anca Petre', 'Nassima Haï']",30451661,[Opportunities and challenges of blockchain technology in the healthcare industry].. Medecine sciences : M/S. 2018.
Electronic Audit and Feedback With Positive Rewards Improve Anesthesia Provider Compliance With a Barcode-Based Drug Safety System.,"We implemented a previously described barcode-based drug safety system in all of our anesthetizing locations. Providers were instructed to scan the barcode on syringes using our Anesthesia Information Management System before drug administration, but the rate of provider adherence was low. We studied an implementation intervention intended to increase the rate of scanning.",2019,Anesthesia and analgesia,10.1213/ANE.0000000000003861,https://pubmed.ncbi.nlm.nih.gov/30320650/,[],"['T Andrew Bowdle', 'Srdjan Jelacic', 'Bala Nair', 'Frank Zucker', 'Logan S Bussey', 'Kei Togashi', 'Jen-Ting Yang', 'John Lang']",30320650,Electronic Audit and Feedback With Positive Rewards Improve Anesthesia Provider Compliance With a Barcode-Based Drug Safety System.. Anesthesia and analgesia. 2019.
Examining sensor-based physical activity recognition and monitoring for healthcare using Internet of Things: A systematic review.,"Due to importantly beneficial effects on physical and mental health and strong association with many rehabilitation programs, Physical Activity Recognition and Monitoring (PARM) have been considered as a key paradigm for smart healthcare. Traditional methods for PARM focus on controlled environments with the aim of increasing the types of identifiable activity subjects complete and improving recognition accuracy and system robustness by means of novel body-worn sensors or advanced learning algorithms. The emergence of the Internet of Things (IoT) enabling technology is transferring PARM studies to open and connected uncontrolled environments by connecting heterogeneous cost-effective wearable devices and mobile apps. Little is currently known about whether traditional PARM technologies can tackle the new challenges of IoT environments and how to effectively harness and improve these technologies. In an effort to understand the use of IoT technologies in PARM studies, this paper will give a systematic review, critically examining PARM studies from a typical IoT layer-based perspective. It will firstly summarize the state-of-the-art in traditional PARM methodologies as used in the healthcare domain, including sensory, feature extraction and recognition techniques. The paper goes on to identify some new research trends and challenges of PARM studies in the IoT environments, and discusses some key enabling techniques for tackling them. Finally, this paper consider some of the successful case studies in the area and look at the possible future industrial applications of PARM in smart healthcare.",2018,Journal of biomedical informatics,10.1016/j.jbi.2018.09.002,https://pubmed.ncbi.nlm.nih.gov/30267895/,"['Internet of Things', 'Physical activity monitoring', 'Physical activity recognition', 'Sensor-based', 'Systematic review']","['Jun Qi', 'Po Yang', 'Atif Waraich', 'Zhikun Deng', 'Youbing Zhao', 'Yun Yang']",30267895,Examining sensor-based physical activity recognition and monitoring for healthcare using Internet of Things: A systematic review.. Journal of biomedical informatics. 2018.
iCHRCloud: Web & Mobile based Child Health Imprints for Smart Healthcare.,"Reducing child mortality with quality care is the prime-most concern of all nations. Thus in current IT era, our healthcare industry needs to focus on adapting information technology in healthcare services. Barring few preliminary attempts to digitalize basic hospital administrative and clinical functions, even today in India, child health and vaccination records are still maintained as paper-based records. Also, error in manually plotting the parameters in growth charts results in missed opportunities for early detection of growth disorders in children. To address these concerns, we present India's first hospital linked, affordable automated vaccination and real-time child's growth monitoring cloud based application- Integrated Child Health Record cloud (iCHRcloud). This application is based on HL7 protocol enabling integration with hospital's HIS/EMR system. It provides Java (Enterprise Service Bus and Hibernate) based web portal for doctors and mobile application for parents, enhancing doctor-parent engagement. It leverages highchart to automate chart preparation and provides access of data via Push Notification (GCM and APNS) to parents on iOS and Android mobile platforms. iCHRcloud has also been recognized as one of the best innovative solution in three nationwide challenges, 2016 in India. iCHRcloud offers a seamless, secure (256 bit HTTPS) and sustainable solution to reduce child mortality. Detail analysis on preliminary data of 16,490 child health records highlight the diversified need of various demographic regions. Thus, primary lesson would be to implement better validation strategies to fulfill the customize requisites of entire population. This paper presents first glimpse of data and power of the analytics in policy framework.",2017,Journal of medical systems,10.1007/s10916-017-0866-5,https://pubmed.ncbi.nlm.nih.gov/29188446/,"['Child health', 'Enterprise service bus', 'HL7 protocol', 'Hibernate', 'IoT cloud', 'Mobility']","['Harpreet Singh', 'Raghuram Mallaiah', 'Gautam Yadav', 'Nitin Verma', 'Ashu Sawhney', 'Samir K Brahmachari']",29188446,iCHRCloud: Web & Mobile based Child Health Imprints for Smart Healthcare.. Journal of medical systems. 2017.
"Health professionals' views on health literacy issues for culturally and linguistically diverse women in maternity care: barriers, enablers and the need for an integrated approach.","Objective To identify health literacy issues when providing maternity care to culturally and linguistically diverse (CALD) women, and the strategies needed for health professionals to collaboratively address these issues. Methods A qualitative case study design was undertaken at one large metropolitan Australian hospital serving a highly CALD population. Semistructured interviews were conducted with a range of maternity healthcare staff. The data were analysed thematically. The study is informed by a framework of cultural competence education interventions for health professionals and a health literacy framework. Results Eighteen clinicians participated in the interviews (seven midwives, five obstetricians, five physiotherapists, one social worker, and one occupational therapist). Emergent themes of health literacy-related issues were: patient-based factors (communication and cultural barriers, access issues); provider-based factors (time constraints, interpreter issues); and enablers (cultural awareness among staff, technology). Conclusions There are significant health literacy and systemic issues affecting the hospital's provision of maternity care for CALD women. These findings, mapped onto the four domains of cultural competence education interventions will inform a technology-delivered health literacy intervention for CALD maternity patients. This approach may be applied to other culturally diverse healthcare settings to foster patient health literacy. What is known about the topic? There are health inequities for pregnant women of culturally and linguistically diverse (CALD) backgrounds. Low health literacy compounded by language and cultural factors contribute to these inequities and access to interpreters in pregnancy care remains an ongoing issue. Pregnancy smart phone applications are a popular source of health information for pregnant women yet these apps are not tailored for CALD women nor are they part of a regulated industry. What does this paper add? This paper provides clinician and language service staff perspectives on key health literacy issues that are both patient-based and provider-based. This research confirms that the complex interplay of social and practical factors contributes to and perpetuates low health literacy, creating barriers to health access; it also highlights several enablers for increasing CALD health literacy and access. These include greater health practitioner awareness and accommodation of CALD women's needs and the provision of culturally and linguistically appropriate eHealth resources. What are the implications for practitioners? eHealth resources are emerging as valuable enabling tools to address the health literacy and information needs of pregnant women. However, these resources need to be used adjunctively with health practitioner communication. Both resource developers and health practitioners need to understand issues affecting CALD patients and their needs. Developers need to consider how the resource addresses these needs. Training of health professionals about culture-specific issues may help to enhance communication with, and therefore health literacy among, individual cultural groups. Further, formalised language and interpreting training of bi- or multilingual health professionals is advised to ensure that they are able to interpret to a professional standard when called on to do so.",2018,Australian health review : a publication of the Australian Hospital Association,10.1071/AH17067,https://pubmed.ncbi.nlm.nih.gov/29081348/,[],"['Jo-Anne Hughson', 'Fiona Marshall', 'Justin Oliver Daly', 'Robyn Woodward-Kron', 'John Hajek', 'David Story']",29081348,"Health professionals' views on health literacy issues for culturally and linguistically diverse women in maternity care: barriers, enablers and the need for an integrated approach.. Australian health review : a publication of the Australian Hospital Association. 2018."
iMAGE cloud: medical image processing as a service for regional healthcare in a hybrid cloud environment.,"To handle the emergence of the regional healthcare ecosystem, physicians and surgeons in various departments and healthcare institutions must process medical images securely, conveniently, and efficiently, and must integrate them with electronic medical records (EMRs). In this manuscript, we propose a software as a service (SaaS) cloud called the iMAGE cloud.",2016,Environmental health and preventive medicine,10.1007/s12199-016-0582-7,https://pubmed.ncbi.nlm.nih.gov/27783315/,"['Cloud computing', 'Electronic medical record', 'Medical image processing', 'Regional healthcare', 'Virtual desktop infrastructure']","['Li Liu', 'Weiping Chen', 'Min Nie', 'Fengjuan Zhang', 'Yu Wang', 'Ailing He', 'Xiaonan Wang', 'Gen Yan']",27783315,iMAGE cloud: medical image processing as a service for regional healthcare in a hybrid cloud environment.. Environmental health and preventive medicine. 2016.
"SMART on FHIR: a standards-based, interoperable apps platform for electronic health records.","In early 2010, Harvard Medical School and Boston Children's Hospital began an interoperability project with the distinctive goal of developing a platform to enable medical applications to be written once and run unmodified across different healthcare IT systems. The project was called Substitutable Medical Applications and Reusable Technologies (SMART).",2016,Journal of the American Medical Informatics Association : JAMIA,10.1093/jamia/ocv189,https://pubmed.ncbi.nlm.nih.gov/26911829/,"['Electronic Health Records', 'HL7 FHIR', 'Information Storage and Retrieval', 'Interoperability', 'Software']","['Joshua C Mandel', 'David A Kreda', 'Kenneth D Mandl', 'Isaac S Kohane', 'Rachel B Ramoni']",26911829,"SMART on FHIR: a standards-based, interoperable apps platform for electronic health records.. Journal of the American Medical Informatics Association : JAMIA. 2016."
"Pregnancy, exercise and nutrition research study with smart phone app support (Pears): Study protocol of a randomized controlled trial.",Maternal adiposity confers an increased risk of GDM in pregnancy. A low glycemic index (GI) dietary intervention has been found to improve glucose homeostasis and reduce gestational weight gain. Mobile Health (mHealth) Technology-assisted interventions are becoming commonplace as an aid to treating many chronic diseases. The aim of this study is to assess the impact of a 'healthy lifestyle package' with mHealth smart phone technology as support compared with usual care on the incidence of GDM in an overweight and obese pregnant population.,2016,Contemporary clinical trials,10.1016/j.cct.2015.11.018,https://pubmed.ncbi.nlm.nih.gov/26625980/,"['Exercise', 'Low glycemic index', 'Obesity', 'Overweight', 'Pregnancy', 'Smart phone technology']","['Maria A Kennelly', 'Kate Ainscough', 'Karen Lindsay', 'Eileen Gibney', 'Mary Mc Carthy', 'Fionnuala M McAuliffe']",26625980,"Pregnancy, exercise and nutrition research study with smart phone app support (Pears): Study protocol of a randomized controlled trial.. Contemporary clinical trials. 2016."
An Adaptive Sensor Data Segments Selection Method for Wearable Health Care Services.,"As cloud computing and wearable devices technologies mature, relevant services have grown more and more popular in recent years. The healthcare field is one of the popular services for this technology that adopts wearable devices to sense signals of negative physiological events, and to notify users. The development and implementation of long-term healthcare monitoring that can prevent or quickly respond to the occurrence of disease and accidents present an interesting challenge for computing power and energy limits. This study proposed an adaptive sensor data segments selection method for wearable health care services, and considered the sensing frequency of the various signals from human body, as well as the data transmission among the devices. The healthcare service regulates the sensing frequency of devices by considering the overall cloud computing environment and the sensing variations of wearable health care services. The experimental results show that the proposed service can effectively transmit the sensing data and prolong the overall lifetime of health care services.",2015,Journal of medical systems,10.1007/s10916-015-0343-y,https://pubmed.ncbi.nlm.nih.gov/26490152/,"['Cloud computing', 'Segments selection', 'Wearable health care']","['Shih-Yeh Chen', 'Chin-Feng Lai', 'Ren-Hung Hwang', 'Ying-Hsun Lai', 'Ming-Shi Wang']",26490152,An Adaptive Sensor Data Segments Selection Method for Wearable Health Care Services.. Journal of medical systems. 2015.
Machine learning classification of medication adherence in patients with movement disorders using non-wearable sensors.,"Medication non-adherence is a major concern in the healthcare industry and has led to increases in health risks and medical costs. For many neurological diseases, adherence to medication regimens can be assessed by observing movement patterns. However, physician observations are typically assessed based on visual inspection of movement and are limited to clinical testing procedures. Consequently, medication adherence is difficult to measure when patients are away from the clinical setting. The authors propose a data mining driven methodology that uses low cost, non-wearable multimodal sensors to model and predict patients' adherence to medication protocols, based on variations in their gait. The authors conduct a study involving Parkinson's disease patients that are ""on"" and ""off"" their medication in order to determine the statistical validity of the methodology. The data acquired can then be used to quantify patients' adherence while away from the clinic. Accordingly, this data-driven system may allow for early warnings regarding patient safety. Using whole-body movement data readings from the patients, the authors were able to discriminate between PD patients on and off medication, with accuracies greater than 97% for some patients using an individually customized model and accuracies of 78% for a generalized model containing multiple patient gait data. The proposed methodology and study demonstrate the potential and effectiveness of using low cost, non-wearable hardware and data mining models to monitor medication adherence outside of the traditional healthcare facility. These innovations may allow for cost effective, remote monitoring of treatment of neurological diseases.",2015,Computers in biology and medicine,10.1016/j.compbiomed.2015.08.012,https://pubmed.ncbi.nlm.nih.gov/26406881/,"['Decision support system', 'Healthcare data', 'Healthcare delivery', 'Machine learning', 'Medication adherence', 'Multimodal sensor', ""Parkinson's disease (PD) diagnosis"", 'Smart healthcare system']","['Conrad S Tucker', 'Ishan Behoora', 'Harriet Black Nembhard', 'Mechelle Lewis', 'Nicholas W Sterling', 'Xuemei Huang']",26406881,Machine learning classification of medication adherence in patients with movement disorders using non-wearable sensors.. Computers in biology and medicine. 2015.
Multi-sources data fusion framework for remote triage prioritization in telehealth.,"The healthcare industry is streamlining processes to offer more timely and effective services to all patients. Computerized software algorithm and smart devices can streamline the relation between users and doctors by providing more services inside the healthcare telemonitoring systems. This paper proposes a multi-sources framework to support advanced healthcare applications. The proposed framework named Multi Sources Healthcare Architecture (MSHA) considers multi-sources: sensors (ECG, SpO2 and Blood Pressure) and text-based inputs from wireless and pervasive devices of Wireless Body Area Network. The proposed framework is used to improve the healthcare scalability efficiency by enhancing the remote triaging and remote prioritization processes for the patients. The proposed framework is also used to provide intelligent services over telemonitoring healthcare services systems by using data fusion method and prioritization technique. As telemonitoring system consists of three tiers (Sensors/ sources, Base station and Server), the simulation of the MSHA algorithm in the base station is demonstrated in this paper. The achievement of a high level of accuracy in the prioritization and triaging patients remotely, is set to be our main goal. Meanwhile, the role of multi sources data fusion in the telemonitoring healthcare services systems has been demonstrated. In addition to that, we discuss how the proposed framework can be applied in a healthcare telemonitoring scenario. Simulation results, for different symptoms relate to different emergency levels of heart chronic diseases, demonstrate the superiority of our algorithm compared with conventional algorithms in terms of classify and prioritize the patients remotely.",2014,Journal of medical systems,10.1007/s10916-014-0103-4,https://pubmed.ncbi.nlm.nih.gov/25047520/,[],"['O H Salman', 'M F A Rasid', 'M I Saripan', 'S K Subramaniam']",25047520,Multi-sources data fusion framework for remote triage prioritization in telehealth.. Journal of medical systems. 2014.
Reducing the risk of harm from intravenous potassium: a multi-factorial approach in the haematology setting.,To describe the implementation of safety systems for the use of intravenous potassium chloride in haematology patients.,2014,Journal of oncology pharmacy practice : official publication of the International Society of Oncology Pharmacy Practitioners,10.1177/1078155213504443,https://pubmed.ncbi.nlm.nih.gov/24057453/,"['Potassium', 'haematology', 'safety', 'standardisation']","['Michael Barras', 'Diana Moore', 'Daniel Pocock', 'Myles Sweedman', 'Cathy Wilkinson', 'Kerry Taylor', 'James Morton']",24057453,Reducing the risk of harm from intravenous potassium: a multi-factorial approach in the haematology setting.. Journal of oncology pharmacy practice : official publication of the International Society of Oncology Pharmacy Practitioners. 2014.
A survey on virtualization of Wireless Sensor Networks.,"Wireless Sensor Networks (WSNs) are gaining tremendous importance thanks to their broad range of commercial applications such as in smart home automation, health-care and industrial automation. In these applications multi-vendor and heterogeneous sensor nodes are deployed. Due to strict administrative control over the specific WSN domains, communication barriers, conflicting goals and the economic interests of different WSN sensor node vendors, it is difficult to introduce a large scale federated WSN. By allowing heterogeneous sensor nodes in WSNs to coexist on a shared physical sensor substrate, virtualization in sensor network may provide flexibility, cost effective solutions, promote diversity, ensure security and increase manageability. This paper surveys the novel approach of using the large scale federated WSN resources in a sensor virtualization environment. Our focus in this paper is to introduce a few design goals, the challenges and opportunities of research in the field of sensor network virtualization as well as to illustrate a current status of research in this field. This paper also presents a wide array of state-of-the art projects related to sensor network virtualization.",2012,"Sensors (Basel, Switzerland)",10.3390/s120202175,https://pubmed.ncbi.nlm.nih.gov/22438759/,"['6LoWPAN', 'ALU', 'IP-WSN', 'SInP', 'SVNSP', 'VSN', 'sensor substrate']","['Md Motaharul Islam', 'Mohammad Mehedi Hassan', 'Ga-Won Lee', 'Eui-Nam Huh']",22438759,"A survey on virtualization of Wireless Sensor Networks.. Sensors (Basel, Switzerland). 2012."
The Australian e-Health Research Centre: enabling the health care information and communication technology revolution.,"The CSIRO (Commonwealth Scientific and Industrial Research Organisation) and the Queensland Government have jointly established the Australian e-Health Research Centre (AEHRC) with the aim of developing innovative information and communication technologies (ICT) for a sustainable health care system. The AEHRC, as part of the CSIRO ICT Centre, has access to new technologies in information processing, wireless and networking technologies, and autonomous systems. The AEHRC's 50 researchers, software engineers and PhD students, in partnership with the CSIRO and clinicians, are developing and applying new technologies for improving patients' experience, building a more rewarding workplace for the health workforce, and improving the efficiency of delivering health care. The capabilities of the AEHRC fall into four broad areas: smart methods for using medical data; advanced medical imaging technologies; new models for clinical and health care interventions; and tools for medical skills development. Since its founding in 2004, new technology from the AEHRC has been adopted within Queensland (eg, a mobile phone-based cardiac rehabilitation program), around Australia (eg, medical imaging technologies) and internationally (eg, our clinical terminology tools).",2011,The Medical journal of Australia,10.5694/j.1326-5377.2011.tb02933.x,https://pubmed.ncbi.nlm.nih.gov/21401490/,[],"['David P Hansen', 'Phil Gurney', 'Gary Morgan', 'Bruce Barraclough']",21401490,The Australian e-Health Research Centre: enabling the health care information and communication technology revolution.. The Medical journal of Australia. 2011.
Design of medical devices--a home perspective.,"Health care services are moving out to the community and into the home; e-health services, remote monitoring technology and self-management are replacing hospitalization and visits to medical clinics and custom-tailored medicines are making inroads into normative treatment. These developments have great implications for the scope and design of home health care equipment. The paper discusses the unique nature of home medical devices, from a human-environment-machine perspective, focusing on the nature of users, environment and tasks performed. We call for increased awareness and active continuous involvement of health care personnel together with bioengineers, human factors experts, architects, designers and end users--patients and caregivers--in defining the objectives of health care devices and services at home in terms of ""all family"" use, integrated into the overall surroundings (""smart home""), and as part of a collaborative patient-physician disease management team.",2011,European journal of internal medicine,10.1016/j.ejim.2010.09.017,https://pubmed.ncbi.nlm.nih.gov/21238891/,[],['Noemi Bitterman'],21238891,Design of medical devices--a home perspective.. European journal of internal medicine. 2011.
Wireless health data exchange for home healthcare monitoring systems.,"Ubiquitous home healthcare systems have been playing an increasingly significant role in the treatment and management of chronic diseases, such as diabetes and hypertension, but progress has been hampered by the lack of standardization in the exchange of medical health care information. In an effort to establish standardization, this paper proposes a home healthcare monitoring system data exchange scheme between the HL7 standard and the IEEE1451 standard. IEEE1451 is a standard for special sensor networks, such as industrial control and smart homes, and defines a suite of interfaces that communicate among heterogeneous networks. HL7 is the standard for medical information exchange among medical organizations and medical personnel. While it provides a flexible data exchange in health care domains, it does not provide for data exchange with sensors. Thus, it is necessary to develop a data exchange schema to convert data between the HL7 and the IEEE1451 standard. This paper proposes a schema that can exchange data between HL7 devices and the monitoring device, and conforms to the IEEE 1451 standard. The experimental results and conclusions of this approach are presented and show the feasibility of the proposed exchange schema.",2010,"Sensors (Basel, Switzerland)",10.3390/s100403243,https://pubmed.ncbi.nlm.nih.gov/22319296/,"['HL7', 'IEEE1451', 'data exchange', 'home health care monitoring', 'wireless sensor network']","['Malrey Lee', 'Thomas M Gatton']",22319296,"Wireless health data exchange for home healthcare monitoring systems.. Sensors (Basel, Switzerland). 2010."
The inescapable smart impact detection system (ISIS): An ubiquitous and personalized fall detector based on a distributed 'divide and conquer strategy'.,"Despite the intense research in the last decade with the aim of developing a reliable solution for fall detection in the elderly and other risk populations, it can be asserted that the diffusion of fall detectors in the geriatric practice is near null. This scenario is similar to the very scarce use of telemedicine in healthcare. The present work begins analyzing why fall detectors have not achieved to permeate the industry. That road is used to know the drawbacks of current devices and systems, besides to allow studying several important concepts underlying the principles of fall detection. A novel smart detection system based on that survey is finally briefly presented. The design of this device is founded on the experience and results obtained by an earlier device that was designed in the framework of the thesis of one of the authors.",2008,Annual International Conference of the IEEE Engineering in Medicine and Biology Society. IEEE Engineering in Medicine and Biology Society. Annual International Conference,10.1109/IEMBS.2008.4649918,https://pubmed.ncbi.nlm.nih.gov/19163421/,[],"['Manuel Prado-Velasco', 'Maria Gloria del Rio-Cidoncha', 'Rafael Ortiz-Marin']",19163421,The inescapable smart impact detection system (ISIS): An ubiquitous and personalized fall detector based on a distributed 'divide and conquer strategy'.. Annual International Conference of the IEEE Engineering in Medicine and Biology Society. IEEE Engineering in Medicine and Biology Society. Annual International Conference. 2008.
Reusing models of actors and services in smart homecare to improve sustainability.,"Industrial countries are faced with a growing elderly population. Homecare systems with assistive smart house technology enable elderly to live independently at home. Development of such smart home care systems is complex and expensive and there is no common reference model that can facilitate service reuse. This paper proposes reusable actor and service models based on a model-driven development process where end user organizations and domain healthcare experts from four European countries have been involved. The models, specified using UML can be reused actively as assets in the system design and development process and can reduce development costs, and improve interoperability and sustainability of systems. The models are being evaluated in the European IST project MPOWER.",2008,Studies in health technology and informatics,,https://pubmed.ncbi.nlm.nih.gov/18487716/,[],"['Ståle Walderhaug', 'Erlend Stav', 'Marius Mikalsen']",18487716,Reusing models of actors and services in smart homecare to improve sustainability.. Studies in health technology and informatics. 2008.
The new star of cable TV: smart cards.,"Cable television viewers in New York are tuning in to an unusual new ad campaign for health care smart cards. Berdy Medical Systems Inc. of Rochelle Park, N.J., is running the ads in the hopes that card-carrying consumers will press their physicians and hospitals to jump on the automation bandwagon and buy electronic records software.",1994,Health data management,,https://pubmed.ncbi.nlm.nih.gov/10141195/,[],['S Watson'],10141195,The new star of cable TV: smart cards.. Health data management. 1994.
